========================================================================================
  AI-LAB MODEL JAIL LIVE DOWNLOAD MONITOR & AUDIT LOG
  Target Jail: /srv/nwa-model/models
  Started: 2026-10-07 20:45:22
========================================================================================
[2026-10-07 20:45:22] [STAGE: 1/3: 27B Main Model (Huihui-Qwen3.8-27B-abliterated-Q4_K.gguf)]
  STATUS: Actively downloading 27B model chunks into /srv/nwa-model/models/main-27b/ (14.7 GiB / 15.65 GiB, 93.9% done)
  STREAM: [#4a15f2 14GiB/15GiB(89%) CN:16 DL:583KiB ETA:48m29s]
  ARIA2: RUNNING (PID 282681)
  27B Model: 14.7 GiB / 15.65 GiB (93.9% complete)
  30B Model: 0.0 GiB / 18.5 GiB (0.0% complete)
  8B Model:  0 files staged
  DISK:      /dev/sda1       290G   52G  239G  18% /
----------------------------------------------------------------------------------------
[2026-10-07 20:45:35] [STAGE: 1/3: 27B Main Model (Huihui-Qwen3.8-27B-abliterated-Q4_K.gguf)]
  STATUS: Actively downloading 27B model chunks into /srv/nwa-model/models/main-27b/ (14.71 GiB / 15.65 GiB, 93.9% done)
  STREAM: [#4a15f2 14GiB/15GiB(89%) CN:16 DL:583KiB ETA:48m29s]
  ARIA2: RUNNING (PID 282681)
  27B Model: 14.71 GiB / 15.65 GiB (93.9% complete)
  30B Model: 0.0 GiB / 18.5 GiB (0.0% complete)
  8B Model:  0 files staged
  DISK:      /dev/sda1       290G   52G  239G  18% /
----------------------------------------------------------------------------------------
[2026-10-07 20:45:48] [STAGE: 1/3: 27B Main Model (Huihui-Qwen3.8-27B-abliterated-Q4_K.gguf)]
  STATUS: Actively downloading 27B model chunks into /srv/nwa-model/models/main-27b/ (14.71 GiB / 15.65 GiB, 94.0% done)
  STREAM: [#4a15f2 14GiB/15GiB(89%) CN:16 DL:583KiB ETA:48m29s]
  ARIA2: RUNNING (PID 282681)
  27B Model: 14.71 GiB / 15.65 GiB (94.0% complete)
  30B Model: 0.0 GiB / 18.5 GiB (0.0% complete)
  8B Model:  0 files staged
  DISK:      /dev/sda1       290G   52G  239G  18% /
----------------------------------------------------------------------------------------
[2026-10-07 20:46:10] [STAGE: 1/3: 27B Main Model (Huihui-Qwen3.8-27B-abliterated-Q4_K.gguf)]
  STATUS: Actively downloading 27B model chunks into /srv/nwa-model/models/main-27b/ (14.72 GiB / 15.65 GiB, 94.0% done)
  STREAM: [#4a15f2 14GiB/15GiB(89%) CN:16 DL:583KiB ETA:48m29s]
  ARIA2: RUNNING (PID 282681)
  27B Model: 14.72 GiB / 15.65 GiB (94.0% complete)
  30B Model: 0.0 GiB / 18.5 GiB (0.0% complete)
  8B Model:  0 files staged
  DISK:      /dev/sda1       290G   52G  239G  18% /
----------------------------------------------------------------------------------------
[2026-10-07 20:46:21] [STAGE: 1/3: 27B Main Model (Huihui-Qwen3.8-27B-abliterated-Q4_K.gguf)]
  STATUS: Actively downloading 27B model chunks into /srv/nwa-model/models/main-27b/ (14.73 GiB / 15.65 GiB, 94.1% done)
  STREAM: [#4a15f2 14GiB/15GiB(89%) CN:16 DL:583KiB ETA:48m29s]
  ARIA2: RUNNING (PID 282681)
  27B Model: 14.73 GiB / 15.65 GiB (94.1% complete)
  30B Model: 0.0 GiB / 18.5 GiB (0.0% complete)
  8B Model:  0 files staged
  DISK:      /dev/sda1       290G   52G  239G  18% /
----------------------------------------------------------------------------------------
[2026-10-07 20:46:32] [STAGE: 1/3: 27B Main Model (Huihui-Qwen3.8-27B-abliterated-Q4_K.gguf)]
  STATUS: Actively downloading 27B model chunks into /srv/nwa-model/models/main-27b/ (14.74 GiB / 15.65 GiB, 94.1% done)
  STREAM: [#4a15f2 14GiB/15GiB(89%) CN:16 DL:583KiB ETA:48m29s]
  ARIA2: RUNNING (PID 282681)
  27B Model: 14.74 GiB / 15.65 GiB (94.1% complete)
  30B Model: 0.0 GiB / 18.5 GiB (0.0% complete)
  8B Model:  0 files staged
  DISK:      /dev/sda1       290G   52G  239G  18% /
----------------------------------------------------------------------------------------
[2026-10-07 20:46:43] [STAGE: 1/3: 27B Main Model (Huihui-Qwen3.8-27B-abliterated-Q4_K.gguf)]
  STATUS: Actively downloading 27B model chunks into /srv/nwa-model/models/main-27b/ (14.74 GiB / 15.65 GiB, 94.1% done)
  STREAM: [#4a15f2 14GiB/15GiB(89%) CN:16 DL:583KiB ETA:48m29s]
  ARIA2: RUNNING (PID 282681)
  27B Model: 14.74 GiB / 15.65 GiB (94.1% complete)
  30B Model: 0.0 GiB / 18.5 GiB (0.0% complete)
  8B Model:  0 files staged
  DISK:      /dev/sda1       290G   52G  239G  18% /
----------------------------------------------------------------------------------------
[2026-10-07 20:46:54] [STAGE: 1/3: 27B Main Model (Huihui-Qwen3.8-27B-abliterated-Q4_K.gguf)]
  STATUS: Actively downloading 27B model chunks into /srv/nwa-model/models/main-27b/ (14.74 GiB / 15.65 GiB, 94.2% done)
  STREAM: [#4a15f2 14GiB/15GiB(89%) CN:16 DL:583KiB ETA:48m29s]
  ARIA2: RUNNING (PID 282681)
  27B Model: 14.74 GiB / 15.65 GiB (94.2% complete)
  30B Model: 0.0 GiB / 18.5 GiB (0.0% complete)
  8B Model:  0 files staged
  DISK:      /dev/sda1       290G   52G  239G  18% /
----------------------------------------------------------------------------------------
[2026-10-07 20:47:05] [STAGE: 1/3: 27B Main Model (Huihui-Qwen3.8-27B-abliterated-Q4_K.gguf)]
  STATUS: Actively downloading 27B model chunks into /srv/nwa-model/models/main-27b/ (14.75 GiB / 15.65 GiB, 94.2% done)
  STREAM: [#4a15f2 14GiB/15GiB(89%) CN:16 DL:583KiB ETA:48m29s]
  ARIA2: RUNNING (PID 282681)
  27B Model: 14.75 GiB / 15.65 GiB (94.2% complete)
  30B Model: 0.0 GiB / 18.5 GiB (0.0% complete)
  8B Model:  0 files staged
  DISK:      /dev/sda1       290G   52G  239G  18% /
----------------------------------------------------------------------------------------
[2026-10-07 20:47:19] [STAGE: 1/3: 27B Main Model (Huihui-Qwen3.8-27B-abliterated-Q4_K.gguf)]
  STATUS: Actively downloading 27B model chunks into /srv/nwa-model/models/main-27b/ (14.76 GiB / 15.65 GiB, 94.2% done)
  STREAM: [#4a15f2 14GiB/15GiB(89%) CN:16 DL:583KiB ETA:48m29s]
  ARIA2: RUNNING (PID 282681)
  27B Model: 14.76 GiB / 15.65 GiB (94.2% complete)
  30B Model: 0.0 GiB / 18.5 GiB (0.0% complete)
  8B Model:  0 files staged
  DISK:      /dev/sda1       290G   52G  239G  18% /
----------------------------------------------------------------------------------------
[2026-10-07 20:47:31] [STAGE: 1/3: 27B Main Model (Huihui-Qwen3.8-27B-abliterated-Q4_K.gguf)]
  STATUS: Actively downloading 27B model chunks into /srv/nwa-model/models/main-27b/ (14.76 GiB / 15.65 GiB, 94.3% done)
  STREAM: [#4a15f2 14GiB/15GiB(89%) CN:16 DL:583KiB ETA:48m29s]
  ARIA2: RUNNING (PID 282681)
  27B Model: 14.76 GiB / 15.65 GiB (94.3% complete)
  30B Model: 0.0 GiB / 18.5 GiB (0.0% complete)
  8B Model:  0 files staged
  DISK:      /dev/sda1       290G   52G  239G  18% /
----------------------------------------------------------------------------------------
[2026-10-07 20:47:43] [STAGE: 1/3: 27B Main Model (Huihui-Qwen3.8-27B-abliterated-Q4_K.gguf)]
  STATUS: Actively downloading 27B model chunks into /srv/nwa-model/models/main-27b/ (14.77 GiB / 15.65 GiB, 94.3% done)
  STREAM: [#4a15f2 14GiB/15GiB(89%) CN:16 DL:583KiB ETA:48m29s]
  ARIA2: RUNNING (PID 282681)
  27B Model: 14.77 GiB / 15.65 GiB (94.3% complete)
  30B Model: 0.0 GiB / 18.5 GiB (0.0% complete)
  8B Model:  0 files staged
  DISK:      /dev/sda1       290G   52G  239G  18% /
----------------------------------------------------------------------------------------
[2026-10-07 20:47:55] [STAGE: 1/3: 27B Main Model (Huihui-Qwen3.8-27B-abliterated-Q4_K.gguf)]
  STATUS: Actively downloading 27B model chunks into /srv/nwa-model/models/main-27b/ (14.77 GiB / 15.65 GiB, 94.4% done)
  STREAM: [#4a15f2 14GiB/15GiB(89%) CN:16 DL:583KiB ETA:48m29s]
  ARIA2: RUNNING (PID 282681)
  27B Model: 14.77 GiB / 15.65 GiB (94.4% complete)
  30B Model: 0.0 GiB / 18.5 GiB (0.0% complete)
  8B Model:  0 files staged
  DISK:      /dev/sda1       290G   52G  239G  18% /
----------------------------------------------------------------------------------------
[2026-10-07 20:48:07] [STAGE: 1/3: 27B Main Model (Huihui-Qwen3.8-27B-abliterated-Q4_K.gguf)]
  STATUS: Actively downloading 27B model chunks into /srv/nwa-model/models/main-27b/ (14.78 GiB / 15.65 GiB, 94.4% done)
  STREAM: [#4a15f2 14GiB/15GiB(89%) CN:16 DL:583KiB ETA:48m29s]
  ARIA2: RUNNING (PID 282681)
  27B Model: 14.78 GiB / 15.65 GiB (94.4% complete)
  30B Model: 0.0 GiB / 18.5 GiB (0.0% complete)
  8B Model:  0 files staged
  DISK:      /dev/sda1       290G   52G  239G  18% /
----------------------------------------------------------------------------------------
[2026-10-07 20:48:18] [STAGE: 1/3: 27B Main Model (Huihui-Qwen3.8-27B-abliterated-Q4_K.gguf)]
  STATUS: Actively downloading 27B model chunks into /srv/nwa-model/models/main-27b/ (14.78 GiB / 15.65 GiB, 94.4% done)
  STREAM: [#4a15f2 14GiB/15GiB(89%) CN:16 DL:583KiB ETA:48m29s]
  ARIA2: RUNNING (PID 282681)
  27B Model: 14.78 GiB / 15.65 GiB (94.4% complete)
  30B Model: 0.0 GiB / 18.5 GiB (0.0% complete)
  8B Model:  0 files staged
  DISK:      /dev/sda1       290G   52G  239G  18% /
----------------------------------------------------------------------------------------
[2026-10-07 20:48:29] [STAGE: 1/3: 27B Main Model (Huihui-Qwen3.8-27B-abliterated-Q4_K.gguf)]
  STATUS: Actively downloading 27B model chunks into /srv/nwa-model/models/main-27b/ (14.8 GiB / 15.65 GiB, 94.5% done)
  STREAM: [#4a15f2 14GiB/15GiB(89%) CN:16 DL:583KiB ETA:48m29s]
  ARIA2: RUNNING (PID 282681)
  27B Model: 14.8 GiB / 15.65 GiB (94.5% complete)
  30B Model: 0.0 GiB / 18.5 GiB (0.0% complete)
  8B Model:  0 files staged
  DISK:      /dev/sda1       290G   52G  239G  18% /
----------------------------------------------------------------------------------------
[2026-10-07 20:48:40] [STAGE: 1/3: 27B Main Model (Huihui-Qwen3.8-27B-abliterated-Q4_K.gguf)]
  STATUS: Actively downloading 27B model chunks into /srv/nwa-model/models/main-27b/ (14.8 GiB / 15.65 GiB, 94.5% done)
  STREAM: [#4a15f2 14GiB/15GiB(89%) CN:16 DL:583KiB ETA:48m29s]
  ARIA2: RUNNING (PID 282681)
  27B Model: 14.8 GiB / 15.65 GiB (94.5% complete)
  30B Model: 0.0 GiB / 18.5 GiB (0.0% complete)
  8B Model:  0 files staged
  DISK:      /dev/sda1       290G   52G  239G  18% /
----------------------------------------------------------------------------------------
[2026-10-07 20:48:54] [STAGE: 1/3: 27B Main Model (Huihui-Qwen3.8-27B-abliterated-Q4_K.gguf)]
  STATUS: Actively downloading 27B model chunks into /srv/nwa-model/models/main-27b/ (14.8 GiB / 15.65 GiB, 94.5% done)
  STREAM: [#4a15f2 14GiB/15GiB(89%) CN:16 DL:583KiB ETA:48m29s]
  ARIA2: RUNNING (PID 282681)
  27B Model: 14.8 GiB / 15.65 GiB (94.5% complete)
  30B Model: 0.0 GiB / 18.5 GiB (0.0% complete)
  8B Model:  0 files staged
  DISK:      /dev/sda1       290G   52G  239G  18% /
----------------------------------------------------------------------------------------
[2026-10-07 20:49:05] [STAGE: 1/3: 27B Main Model (Huihui-Qwen3.8-27B-abliterated-Q4_K.gguf)]
  STATUS: Actively downloading 27B model chunks into /srv/nwa-model/models/main-27b/ (14.81 GiB / 15.65 GiB, 94.6% done)
  STREAM: [#4a15f2 14GiB/15GiB(89%) CN:16 DL:583KiB ETA:48m29s]
  ARIA2: RUNNING (PID 282681)
  27B Model: 14.81 GiB / 15.65 GiB (94.6% complete)
  30B Model: 0.0 GiB / 18.5 GiB (0.0% complete)
  8B Model:  0 files staged
  DISK:      /dev/sda1       290G   52G  239G  18% /
----------------------------------------------------------------------------------------
[2026-10-07 20:49:17] [STAGE: 1/3: 27B Main Model (Huihui-Qwen3.8-27B-abliterated-Q4_K.gguf)]
  STATUS: Actively downloading 27B model chunks into /srv/nwa-model/models/main-27b/ (14.81 GiB / 15.65 GiB, 94.6% done)
  STREAM: [#4a15f2 14GiB/15GiB(89%) CN:16 DL:583KiB ETA:48m29s]
  ARIA2: RUNNING (PID 282681)
  27B Model: 14.81 GiB / 15.65 GiB (94.6% complete)
  30B Model: 0.0 GiB / 18.5 GiB (0.0% complete)
  8B Model:  0 files staged
  DISK:      /dev/sda1       290G   52G  239G  18% /
----------------------------------------------------------------------------------------
[2026-10-07 20:49:29] [STAGE: 1/3: 27B Main Model (Huihui-Qwen3.8-27B-abliterated-Q4_K.gguf)]
  STATUS: Actively downloading 27B model chunks into /srv/nwa-model/models/main-27b/ (14.83 GiB / 15.65 GiB, 94.7% done)
  STREAM: [#4a15f2 14GiB/15GiB(89%) CN:16 DL:583KiB ETA:48m29s]
  ARIA2: RUNNING (PID 282681)
  27B Model: 14.83 GiB / 15.65 GiB (94.7% complete)
  30B Model: 0.0 GiB / 18.5 GiB (0.0% complete)
  8B Model:  0 files staged
  DISK:      /dev/sda1       290G   52G  239G  18% /
----------------------------------------------------------------------------------------
[2026-10-07 20:49:40] [STAGE: 1/3: 27B Main Model (Huihui-Qwen3.8-27B-abliterated-Q4_K.gguf)]
  STATUS: Actively downloading 27B model chunks into /srv/nwa-model/models/main-27b/ (14.83 GiB / 15.65 GiB, 94.7% done)
  STREAM: [#4a15f2 14GiB/15GiB(89%) CN:16 DL:583KiB ETA:48m29s]
  ARIA2: RUNNING (PID 282681)
  27B Model: 14.83 GiB / 15.65 GiB (94.7% complete)
  30B Model: 0.0 GiB / 18.5 GiB (0.0% complete)
  8B Model:  0 files staged
  DISK:      /dev/sda1       290G   52G  239G  18% /
----------------------------------------------------------------------------------------
[2026-10-07 20:49:51] [STAGE: 1/3: 27B Main Model (Huihui-Qwen3.8-27B-abliterated-Q4_K.gguf)]
  STATUS: Actively downloading 27B model chunks into /srv/nwa-model/models/main-27b/ (14.83 GiB / 15.65 GiB, 94.7% done)
  STREAM: [#4a15f2 14GiB/15GiB(89%) CN:16 DL:583KiB ETA:48m29s]
  ARIA2: RUNNING (PID 282681)
  27B Model: 14.83 GiB / 15.65 GiB (94.7% complete)
  30B Model: 0.0 GiB / 18.5 GiB (0.0% complete)
  8B Model:  0 files staged
  DISK:      /dev/sda1       290G   52G  239G  18% /
----------------------------------------------------------------------------------------
[2026-10-07 20:50:02] [STAGE: 1/3: 27B Main Model (Huihui-Qwen3.8-27B-abliterated-Q4_K.gguf)]
  STATUS: Actively downloading 27B model chunks into /srv/nwa-model/models/main-27b/ (14.84 GiB / 15.65 GiB, 94.8% done)
  STREAM: [#4a15f2 14GiB/15GiB(89%) CN:16 DL:583KiB ETA:48m29s]
  ARIA2: RUNNING (PID 282681)
  27B Model: 14.84 GiB / 15.65 GiB (94.8% complete)
  30B Model: 0.0 GiB / 18.5 GiB (0.0% complete)
  8B Model:  0 files staged
  DISK:      /dev/sda1       290G   52G  239G  18% /
----------------------------------------------------------------------------------------
[2026-10-07 20:50:13] [STAGE: 1/3: 27B Main Model (Huihui-Qwen3.8-27B-abliterated-Q4_K.gguf)]
  STATUS: Actively downloading 27B model chunks into /srv/nwa-model/models/main-27b/ (14.84 GiB / 15.65 GiB, 94.8% done)
  STREAM: [#4a15f2 14GiB/15GiB(89%) CN:16 DL:583KiB ETA:48m29s]
  ARIA2: RUNNING (PID 282681)
  27B Model: 14.84 GiB / 15.65 GiB (94.8% complete)
  30B Model: 0.0 GiB / 18.5 GiB (0.0% complete)
  8B Model:  0 files staged
  DISK:      /dev/sda1       290G   52G  239G  18% /
----------------------------------------------------------------------------------------
[2026-10-07 20:50:24] [STAGE: 1/3: 27B Main Model (Huihui-Qwen3.8-27B-abliterated-Q4_K.gguf)]
  STATUS: Actively downloading 27B model chunks into /srv/nwa-model/models/main-27b/ (14.85 GiB / 15.65 GiB, 94.8% done)
  STREAM: [#4a15f2 14GiB/15GiB(89%) CN:16 DL:583KiB ETA:48m29s]
  ARIA2: RUNNING (PID 282681)
  27B Model: 14.85 GiB / 15.65 GiB (94.8% complete)
  30B Model: 0.0 GiB / 18.5 GiB (0.0% complete)
  8B Model:  0 files staged
  DISK:      /dev/sda1       290G   52G  239G  18% /
----------------------------------------------------------------------------------------
[2026-10-07 20:50:34] [STAGE: 1/3: 27B Main Model (Huihui-Qwen3.8-27B-abliterated-Q4_K.gguf)]
  STATUS: Actively downloading 27B model chunks into /srv/nwa-model/models/main-27b/ (14.86 GiB / 15.65 GiB, 94.9% done)
  STREAM: [#4a15f2 14GiB/15GiB(89%) CN:16 DL:583KiB ETA:48m29s]
  ARIA2: RUNNING (PID 282681)
  27B Model: 14.86 GiB / 15.65 GiB (94.9% complete)
  30B Model: 0.0 GiB / 18.5 GiB (0.0% complete)
  8B Model:  0 files staged
  DISK:      /dev/sda1       290G   52G  239G  18% /
----------------------------------------------------------------------------------------
[2026-10-07 20:50:47] [STAGE: 1/3: 27B Main Model (Huihui-Qwen3.8-27B-abliterated-Q4_K.gguf)]
  STATUS: Actively downloading 27B model chunks into /srv/nwa-model/models/main-27b/ (14.86 GiB / 15.65 GiB, 94.9% done)
  STREAM: [#4a15f2 14GiB/15GiB(89%) CN:16 DL:583KiB ETA:48m29s]
  ARIA2: RUNNING (PID 282681)
  27B Model: 14.86 GiB / 15.65 GiB (94.9% complete)
  30B Model: 0.0 GiB / 18.5 GiB (0.0% complete)
  8B Model:  0 files staged
  DISK:      /dev/sda1       290G   52G  239G  18% /
----------------------------------------------------------------------------------------
[2026-10-07 20:50:58] [STAGE: 1/3: 27B Main Model (Huihui-Qwen3.8-27B-abliterated-Q4_K.gguf)]
  STATUS: Actively downloading 27B model chunks into /srv/nwa-model/models/main-27b/ (14.87 GiB / 15.65 GiB, 95.0% done)
  STREAM: [#4a15f2 14GiB/15GiB(89%) CN:16 DL:583KiB ETA:48m29s]
  ARIA2: RUNNING (PID 282681)
  27B Model: 14.87 GiB / 15.65 GiB (95.0% complete)
  30B Model: 0.0 GiB / 18.5 GiB (0.0% complete)
  8B Model:  0 files staged
  DISK:      /dev/sda1       290G   52G  239G  18% /
----------------------------------------------------------------------------------------
[2026-10-07 20:51:11] [STAGE: 1/3: 27B Main Model (Huihui-Qwen3.8-27B-abliterated-Q4_K.gguf)]
  STATUS: Actively downloading 27B model chunks into /srv/nwa-model/models/main-27b/ (14.87 GiB / 15.65 GiB, 95.0% done)
  STREAM: [#4a15f2 14GiB/15GiB(89%) CN:16 DL:583KiB ETA:48m29s]
  ARIA2: RUNNING (PID 282681)
  27B Model: 14.87 GiB / 15.65 GiB (95.0% complete)
  30B Model: 0.0 GiB / 18.5 GiB (0.0% complete)
  8B Model:  0 files staged
  DISK:      /dev/sda1       290G   52G  239G  18% /
----------------------------------------------------------------------------------------
[2026-10-07 20:51:24] [STAGE: 1/3: 27B Main Model (Huihui-Qwen3.8-27B-abliterated-Q4_K.gguf)]
  STATUS: Actively downloading 27B model chunks into /srv/nwa-model/models/main-27b/ (14.88 GiB / 15.65 GiB, 95.0% done)
  STREAM: [#4a15f2 14GiB/15GiB(89%) CN:16 DL:583KiB ETA:48m29s]
  ARIA2: RUNNING (PID 282681)
  27B Model: 14.88 GiB / 15.65 GiB (95.0% complete)
  30B Model: 0.0 GiB / 18.5 GiB (0.0% complete)
  8B Model:  0 files staged
  DISK:      /dev/sda1       290G   52G  239G  18% /
----------------------------------------------------------------------------------------
[2026-10-07 20:51:36] [STAGE: 1/3: 27B Main Model (Huihui-Qwen3.8-27B-abliterated-Q4_K.gguf)]
  STATUS: Actively downloading 27B model chunks into /srv/nwa-model/models/main-27b/ (14.89 GiB / 15.65 GiB, 95.1% done)
  STREAM: [#4a15f2 14GiB/15GiB(89%) CN:16 DL:583KiB ETA:48m29s]
  ARIA2: RUNNING (PID 282681)
  27B Model: 14.89 GiB / 15.65 GiB (95.1% complete)
  30B Model: 0.0 GiB / 18.5 GiB (0.0% complete)
  8B Model:  0 files staged
  DISK:      /dev/sda1       290G   52G  239G  18% /
----------------------------------------------------------------------------------------
[2026-10-07 20:51:48] [STAGE: 1/3: 27B Main Model (Huihui-Qwen3.8-27B-abliterated-Q4_K.gguf)]
  STATUS: Actively downloading 27B model chunks into /srv/nwa-model/models/main-27b/ (14.89 GiB / 15.65 GiB, 95.1% done)
  STREAM: [#4a15f2 14GiB/15GiB(89%) CN:16 DL:583KiB ETA:48m29s]
  ARIA2: RUNNING (PID 282681)
  27B Model: 14.89 GiB / 15.65 GiB (95.1% complete)
  30B Model: 0.0 GiB / 18.5 GiB (0.0% complete)
  8B Model:  0 files staged
  DISK:      /dev/sda1       290G   52G  239G  18% /
----------------------------------------------------------------------------------------
[2026-10-07 20:51:59] [STAGE: 1/3: 27B Main Model (Huihui-Qwen3.8-27B-abliterated-Q4_K.gguf)]
  STATUS: Actively downloading 27B model chunks into /srv/nwa-model/models/main-27b/ (14.89 GiB / 15.65 GiB, 95.1% done)
  STREAM: [#4a15f2 14GiB/15GiB(89%) CN:16 DL:583KiB ETA:48m29s]
  ARIA2: RUNNING (PID 282681)
  27B Model: 14.89 GiB / 15.65 GiB (95.1% complete)
  30B Model: 0.0 GiB / 18.5 GiB (0.0% complete)
  8B Model:  0 files staged
  DISK:      /dev/sda1       290G   52G  239G  18% /
----------------------------------------------------------------------------------------
[2026-10-07 20:52:10] [STAGE: 1/3: 27B Main Model (Huihui-Qwen3.8-27B-abliterated-Q4_K.gguf)]
  STATUS: Actively downloading 27B model chunks into /srv/nwa-model/models/main-27b/ (14.9 GiB / 15.65 GiB, 95.2% done)
  STREAM: [#4a15f2 14GiB/15GiB(89%) CN:16 DL:583KiB ETA:48m29s]
  ARIA2: RUNNING (PID 282681)
  27B Model: 14.9 GiB / 15.65 GiB (95.2% complete)
  30B Model: 0.0 GiB / 18.5 GiB (0.0% complete)
  8B Model:  0 files staged
  DISK:      /dev/sda1       290G   52G  239G  18% /
----------------------------------------------------------------------------------------
[2026-10-07 20:52:22] [STAGE: 1/3: 27B Main Model (Huihui-Qwen3.8-27B-abliterated-Q4_K.gguf)]
  STATUS: Actively downloading 27B model chunks into /srv/nwa-model/models/main-27b/ (14.9 GiB / 15.65 GiB, 95.2% done)
  STREAM: [#4a15f2 14GiB/15GiB(89%) CN:16 DL:583KiB ETA:48m29s]
  ARIA2: RUNNING (PID 282681)
  27B Model: 14.9 GiB / 15.65 GiB (95.2% complete)
  30B Model: 0.0 GiB / 18.5 GiB (0.0% complete)
  8B Model:  0 files staged
  DISK:      /dev/sda1       290G   52G  239G  18% /
----------------------------------------------------------------------------------------
[2026-10-07 20:52:33] [STAGE: 1/3: 27B Main Model (Huihui-Qwen3.8-27B-abliterated-Q4_K.gguf)]
  STATUS: Actively downloading 27B model chunks into /srv/nwa-model/models/main-27b/ (14.91 GiB / 15.65 GiB, 95.3% done)
  STREAM: [#4a15f2 14GiB/15GiB(89%) CN:16 DL:583KiB ETA:48m29s]
  ARIA2: RUNNING (PID 282681)
  27B Model: 14.91 GiB / 15.65 GiB (95.3% complete)
  30B Model: 0.0 GiB / 18.5 GiB (0.0% complete)
  8B Model:  0 files staged
  DISK:      /dev/sda1       290G   52G  239G  18% /
----------------------------------------------------------------------------------------
[2026-10-07 20:52:45] [STAGE: 1/3: 27B Main Model (Huihui-Qwen3.8-27B-abliterated-Q4_K.gguf)]
  STATUS: Actively downloading 27B model chunks into /srv/nwa-model/models/main-27b/ (14.91 GiB / 15.65 GiB, 95.3% done)
  STREAM: [#4a15f2 14GiB/15GiB(89%) CN:16 DL:583KiB ETA:48m29s]
  ARIA2: RUNNING (PID 282681)
  27B Model: 14.91 GiB / 15.65 GiB (95.3% complete)
  30B Model: 0.0 GiB / 18.5 GiB (0.0% complete)
  8B Model:  0 files staged
  DISK:      /dev/sda1       290G   52G  239G  18% /
----------------------------------------------------------------------------------------
[2026-10-07 20:52:56] [STAGE: 1/3: 27B Main Model (Huihui-Qwen3.8-27B-abliterated-Q4_K.gguf)]
  STATUS: Actively downloading 27B model chunks into /srv/nwa-model/models/main-27b/ (14.92 GiB / 15.65 GiB, 95.3% done)
  STREAM: [#4a15f2 14GiB/15GiB(89%) CN:16 DL:583KiB ETA:48m29s]
  ARIA2: RUNNING (PID 282681)
  27B Model: 14.92 GiB / 15.65 GiB (95.3% complete)
  30B Model: 0.0 GiB / 18.5 GiB (0.0% complete)
  8B Model:  0 files staged
  DISK:      /dev/sda1       290G   52G  239G  18% /
----------------------------------------------------------------------------------------
[2026-10-07 20:53:08] [STAGE: 1/3: 27B Main Model (Huihui-Qwen3.8-27B-abliterated-Q4_K.gguf)]
  STATUS: Actively downloading 27B model chunks into /srv/nwa-model/models/main-27b/ (14.93 GiB / 15.65 GiB, 95.3% done)
  STREAM: [#4a15f2 14GiB/15GiB(89%) CN:16 DL:583KiB ETA:48m29s]
  ARIA2: RUNNING (PID 282681)
  27B Model: 14.93 GiB / 15.65 GiB (95.3% complete)
  30B Model: 0.0 GiB / 18.5 GiB (0.0% complete)
  8B Model:  0 files staged
  DISK:      /dev/sda1       290G   52G  239G  18% /
----------------------------------------------------------------------------------------
[2026-10-07 20:53:21] [STAGE: 1/3: 27B Main Model (Huihui-Qwen3.8-27B-abliterated-Q4_K.gguf)]
  STATUS: Actively downloading 27B model chunks into /srv/nwa-model/models/main-27b/ (14.93 GiB / 15.65 GiB, 95.4% done)
  STREAM: [#4a15f2 14GiB/15GiB(89%) CN:16 DL:583KiB ETA:48m29s]
  ARIA2: RUNNING (PID 282681)
  27B Model: 14.93 GiB / 15.65 GiB (95.4% complete)
  30B Model: 0.0 GiB / 18.5 GiB (0.0% complete)
  8B Model:  0 files staged
  DISK:      /dev/sda1       290G   52G  239G  18% /
----------------------------------------------------------------------------------------
[2026-10-07 20:53:33] [STAGE: 1/3: 27B Main Model (Huihui-Qwen3.8-27B-abliterated-Q4_K.gguf)]
  STATUS: Actively downloading 27B model chunks into /srv/nwa-model/models/main-27b/ (14.94 GiB / 15.65 GiB, 95.4% done)
  STREAM: [#4a15f2 14GiB/15GiB(89%) CN:16 DL:583KiB ETA:48m29s]
  ARIA2: RUNNING (PID 282681)
  27B Model: 14.94 GiB / 15.65 GiB (95.4% complete)
  30B Model: 0.0 GiB / 18.5 GiB (0.0% complete)
  8B Model:  0 files staged
  DISK:      /dev/sda1       290G   52G  239G  18% /
----------------------------------------------------------------------------------------
[2026-10-07 20:53:43] [STAGE: 1/3: 27B Main Model (Huihui-Qwen3.8-27B-abliterated-Q4_K.gguf)]
  STATUS: Actively downloading 27B model chunks into /srv/nwa-model/models/main-27b/ (14.95 GiB / 15.65 GiB, 95.5% done)
  STREAM: [#4a15f2 14GiB/15GiB(89%) CN:16 DL:583KiB ETA:48m29s]
  ARIA2: RUNNING (PID 282681)
  27B Model: 14.95 GiB / 15.65 GiB (95.5% complete)
  30B Model: 0.0 GiB / 18.5 GiB (0.0% complete)
  8B Model:  0 files staged
  DISK:      /dev/sda1       290G   52G  239G  18% /
----------------------------------------------------------------------------------------
[2026-10-07 20:53:58] [STAGE: 1/3: 27B Main Model (Huihui-Qwen3.8-27B-abliterated-Q4_K.gguf)]
  STATUS: Actively downloading 27B model chunks into /srv/nwa-model/models/main-27b/ (14.95 GiB / 15.65 GiB, 95.5% done)
  STREAM: [#4a15f2 14GiB/15GiB(89%) CN:16 DL:583KiB ETA:48m29s]
  ARIA2: RUNNING (PID 282681)
  27B Model: 14.95 GiB / 15.65 GiB (95.5% complete)
  30B Model: 0.0 GiB / 18.5 GiB (0.0% complete)
  8B Model:  0 files staged
  DISK:      /dev/sda1       290G   52G  239G  18% /
----------------------------------------------------------------------------------------
[2026-10-07 20:54:09] [STAGE: 1/3: 27B Main Model (Huihui-Qwen3.8-27B-abliterated-Q4_K.gguf)]
  STATUS: Actively downloading 27B model chunks into /srv/nwa-model/models/main-27b/ (14.95 GiB / 15.65 GiB, 95.5% done)
  STREAM: [#4a15f2 14GiB/15GiB(89%) CN:16 DL:583KiB ETA:48m29s]
  ARIA2: RUNNING (PID 282681)
  27B Model: 14.95 GiB / 15.65 GiB (95.5% complete)
  30B Model: 0.0 GiB / 18.5 GiB (0.0% complete)
  8B Model:  0 files staged
  DISK:      /dev/sda1       290G   52G  239G  18% /
----------------------------------------------------------------------------------------
[2026-10-07 20:54:21] [STAGE: 1/3: 27B Main Model (Huihui-Qwen3.8-27B-abliterated-Q4_K.gguf)]
  STATUS: Actively downloading 27B model chunks into /srv/nwa-model/models/main-27b/ (14.96 GiB / 15.65 GiB, 95.5% done)
  STREAM: [#4a15f2 14GiB/15GiB(89%) CN:16 DL:583KiB ETA:48m29s]
  ARIA2: RUNNING (PID 282681)
  27B Model: 14.96 GiB / 15.65 GiB (95.5% complete)
  30B Model: 0.0 GiB / 18.5 GiB (0.0% complete)
  8B Model:  0 files staged
  DISK:      /dev/sda1       290G   52G  239G  18% /
----------------------------------------------------------------------------------------
[2026-10-07 20:54:32] [STAGE: 1/3: 27B Main Model (Huihui-Qwen3.8-27B-abliterated-Q4_K.gguf)]
  STATUS: Actively downloading 27B model chunks into /srv/nwa-model/models/main-27b/ (14.97 GiB / 15.65 GiB, 95.6% done)
  STREAM: [#4a15f2 14GiB/15GiB(89%) CN:16 DL:583KiB ETA:48m29s]
  ARIA2: RUNNING (PID 282681)
  27B Model: 14.97 GiB / 15.65 GiB (95.6% complete)
  30B Model: 0.0 GiB / 18.5 GiB (0.0% complete)
  8B Model:  0 files staged
  DISK:      /dev/sda1       290G   52G  239G  18% /
----------------------------------------------------------------------------------------
[2026-10-07 20:54:45] [STAGE: 1/3: 27B Main Model (Huihui-Qwen3.8-27B-abliterated-Q4_K.gguf)]
  STATUS: Actively downloading 27B model chunks into /srv/nwa-model/models/main-27b/ (14.97 GiB / 15.65 GiB, 95.6% done)
  STREAM: [#4a15f2 14GiB/15GiB(89%) CN:16 DL:583KiB ETA:48m29s]
  ARIA2: RUNNING (PID 282681)
  27B Model: 14.97 GiB / 15.65 GiB (95.6% complete)
  30B Model: 0.0 GiB / 18.5 GiB (0.0% complete)
  8B Model:  0 files staged
  DISK:      /dev/sda1       290G   52G  239G  18% /
----------------------------------------------------------------------------------------
[2026-10-07 20:54:56] [STAGE: 1/3: 27B Main Model (Huihui-Qwen3.8-27B-abliterated-Q4_K.gguf)]
  STATUS: Actively downloading 27B model chunks into /srv/nwa-model/models/main-27b/ (14.98 GiB / 15.65 GiB, 95.7% done)
  STREAM: [#4a15f2 14GiB/15GiB(89%) CN:16 DL:583KiB ETA:48m29s]
  ARIA2: RUNNING (PID 282681)
  27B Model: 14.98 GiB / 15.65 GiB (95.7% complete)
  30B Model: 0.0 GiB / 18.5 GiB (0.0% complete)
  8B Model:  0 files staged
  DISK:      /dev/sda1       290G   52G  239G  18% /
----------------------------------------------------------------------------------------
[2026-10-07 20:55:09] [STAGE: 1/3: 27B Main Model (Huihui-Qwen3.8-27B-abliterated-Q4_K.gguf)]
  STATUS: Actively downloading 27B model chunks into /srv/nwa-model/models/main-27b/ (14.98 GiB / 15.65 GiB, 95.7% done)
  STREAM: [#4a15f2 14GiB/15GiB(89%) CN:16 DL:583KiB ETA:48m29s]
  ARIA2: RUNNING (PID 282681)
  27B Model: 14.98 GiB / 15.65 GiB (95.7% complete)
  30B Model: 0.0 GiB / 18.5 GiB (0.0% complete)
  8B Model:  0 files staged
  DISK:      /dev/sda1       290G   52G  239G  18% /
----------------------------------------------------------------------------------------
[2026-10-07 20:55:20] [STAGE: 1/3: 27B Main Model (Huihui-Qwen3.8-27B-abliterated-Q4_K.gguf)]
  STATUS: Actively downloading 27B model chunks into /srv/nwa-model/models/main-27b/ (14.99 GiB / 15.65 GiB, 95.7% done)
  STREAM: [#4a15f2 14GiB/15GiB(89%) CN:16 DL:583KiB ETA:48m29s]
  ARIA2: RUNNING (PID 282681)
  27B Model: 14.99 GiB / 15.65 GiB (95.7% complete)
  30B Model: 0.0 GiB / 18.5 GiB (0.0% complete)
  8B Model:  0 files staged
  DISK:      /dev/sda1       290G   52G  239G  18% /
----------------------------------------------------------------------------------------
[2026-10-07 20:55:32] [STAGE: 1/3: 27B Main Model (Huihui-Qwen3.8-27B-abliterated-Q4_K.gguf)]
  STATUS: Actively downloading 27B model chunks into /srv/nwa-model/models/main-27b/ (15.0 GiB / 15.65 GiB, 95.8% done)
  STREAM: [#4a15f2 14GiB/15GiB(89%) CN:16 DL:583KiB ETA:48m29s]
  ARIA2: RUNNING (PID 282681)
  27B Model: 15.0 GiB / 15.65 GiB (95.8% complete)
  30B Model: 0.0 GiB / 18.5 GiB (0.0% complete)
  8B Model:  0 files staged
  DISK:      /dev/sda1       290G   52G  239G  18% /
----------------------------------------------------------------------------------------
[2026-10-07 20:55:43] [STAGE: 1/3: 27B Main Model (Huihui-Qwen3.8-27B-abliterated-Q4_K.gguf)]
  STATUS: Actively downloading 27B model chunks into /srv/nwa-model/models/main-27b/ (15.0 GiB / 15.65 GiB, 95.8% done)
  STREAM: [#4a15f2 14GiB/15GiB(89%) CN:16 DL:583KiB ETA:48m29s]
  ARIA2: RUNNING (PID 282681)
  27B Model: 15.0 GiB / 15.65 GiB (95.8% complete)
  30B Model: 0.0 GiB / 18.5 GiB (0.0% complete)
  8B Model:  0 files staged
  DISK:      /dev/sda1       290G   52G  239G  18% /
----------------------------------------------------------------------------------------
[2026-10-07 20:55:55] [STAGE: 1/3: 27B Main Model (Huihui-Qwen3.8-27B-abliterated-Q4_K.gguf)]
  STATUS: Actively downloading 27B model chunks into /srv/nwa-model/models/main-27b/ (15.01 GiB / 15.65 GiB, 95.8% done)
  STREAM: [#4a15f2 14GiB/15GiB(89%) CN:16 DL:583KiB ETA:48m29s]
  ARIA2: RUNNING (PID 282681)
  27B Model: 15.01 GiB / 15.65 GiB (95.8% complete)
  30B Model: 0.0 GiB / 18.5 GiB (0.0% complete)
  8B Model:  0 files staged
  DISK:      /dev/sda1       290G   52G  239G  18% /
----------------------------------------------------------------------------------------
[2026-10-07 20:56:08] [STAGE: 1/3: 27B Main Model (Huihui-Qwen3.8-27B-abliterated-Q4_K.gguf)]
  STATUS: Actively downloading 27B model chunks into /srv/nwa-model/models/main-27b/ (15.01 GiB / 15.65 GiB, 95.9% done)
  STREAM: [#4a15f2 14GiB/15GiB(89%) CN:16 DL:583KiB ETA:48m29s]
  ARIA2: RUNNING (PID 282681)
  27B Model: 15.01 GiB / 15.65 GiB (95.9% complete)
  30B Model: 0.0 GiB / 18.5 GiB (0.0% complete)
  8B Model:  0 files staged
  DISK:      /dev/sda1       290G   52G  239G  18% /
----------------------------------------------------------------------------------------
[2026-10-07 20:56:19] [STAGE: 1/3: 27B Main Model (Huihui-Qwen3.8-27B-abliterated-Q4_K.gguf)]
  STATUS: Actively downloading 27B model chunks into /srv/nwa-model/models/main-27b/ (15.02 GiB / 15.65 GiB, 95.9% done)
  STREAM: [#4a15f2 14GiB/15GiB(89%) CN:16 DL:583KiB ETA:48m29s]
  ARIA2: RUNNING (PID 282681)
  27B Model: 15.02 GiB / 15.65 GiB (95.9% complete)
  30B Model: 0.0 GiB / 18.5 GiB (0.0% complete)
  8B Model:  0 files staged
  DISK:      /dev/sda1       290G   52G  239G  18% /
----------------------------------------------------------------------------------------
[2026-10-07 20:56:30] [STAGE: 1/3: 27B Main Model (Huihui-Qwen3.8-27B-abliterated-Q4_K.gguf)]
  STATUS: Actively downloading 27B model chunks into /srv/nwa-model/models/main-27b/ (15.03 GiB / 15.65 GiB, 96.0% done)
  STREAM: [#4a15f2 14GiB/15GiB(89%) CN:16 DL:583KiB ETA:48m29s]
  ARIA2: RUNNING (PID 282681)
  27B Model: 15.03 GiB / 15.65 GiB (96.0% complete)
  30B Model: 0.0 GiB / 18.5 GiB (0.0% complete)
  8B Model:  0 files staged
  DISK:      /dev/sda1       290G   52G  239G  18% /
----------------------------------------------------------------------------------------
[2026-10-07 20:56:41] [STAGE: 1/3: 27B Main Model (Huihui-Qwen3.8-27B-abliterated-Q4_K.gguf)]
  STATUS: Actively downloading 27B model chunks into /srv/nwa-model/models/main-27b/ (15.03 GiB / 15.65 GiB, 96.0% done)
  STREAM: [#4a15f2 14GiB/15GiB(89%) CN:16 DL:583KiB ETA:48m29s]
  ARIA2: RUNNING (PID 282681)
  27B Model: 15.03 GiB / 15.65 GiB (96.0% complete)
  30B Model: 0.0 GiB / 18.5 GiB (0.0% complete)
  8B Model:  0 files staged
  DISK:      /dev/sda1       290G   52G  239G  18% /
----------------------------------------------------------------------------------------
[2026-10-07 20:56:54] [STAGE: 1/3: 27B Main Model (Huihui-Qwen3.8-27B-abliterated-Q4_K.gguf)]
  STATUS: Actively downloading 27B model chunks into /srv/nwa-model/models/main-27b/ (15.03 GiB / 15.65 GiB, 96.0% done)
  STREAM: [#4a15f2 14GiB/15GiB(89%) CN:16 DL:583KiB ETA:48m29s]
  ARIA2: RUNNING (PID 282681)
  27B Model: 15.03 GiB / 15.65 GiB (96.0% complete)
  30B Model: 0.0 GiB / 18.5 GiB (0.0% complete)
  8B Model:  0 files staged
  DISK:      /dev/sda1       290G   52G  239G  18% /
----------------------------------------------------------------------------------------
[2026-10-07 20:57:05] [STAGE: 1/3: 27B Main Model (Huihui-Qwen3.8-27B-abliterated-Q4_K.gguf)]
  STATUS: Actively downloading 27B model chunks into /srv/nwa-model/models/main-27b/ (15.04 GiB / 15.65 GiB, 96.1% done)
  STREAM: [#4a15f2 14GiB/15GiB(89%) CN:16 DL:583KiB ETA:48m29s]
  ARIA2: RUNNING (PID 282681)
  27B Model: 15.04 GiB / 15.65 GiB (96.1% complete)
  30B Model: 0.0 GiB / 18.5 GiB (0.0% complete)
  8B Model:  0 files staged
  DISK:      /dev/sda1       290G   52G  239G  18% /
----------------------------------------------------------------------------------------
[2026-10-07 20:57:16] [STAGE: 1/3: 27B Main Model (Huihui-Qwen3.8-27B-abliterated-Q4_K.gguf)]
  STATUS: Actively downloading 27B model chunks into /srv/nwa-model/models/main-27b/ (15.04 GiB / 15.65 GiB, 96.1% done)
  STREAM: [#4a15f2 14GiB/15GiB(89%) CN:16 DL:583KiB ETA:48m29s]
  ARIA2: RUNNING (PID 282681)
  27B Model: 15.04 GiB / 15.65 GiB (96.1% complete)
  30B Model: 0.0 GiB / 18.5 GiB (0.0% complete)
  8B Model:  0 files staged
  DISK:      /dev/sda1       290G   52G  238G  18% /
----------------------------------------------------------------------------------------
[2026-10-07 20:57:27] [STAGE: 1/3: 27B Main Model (Huihui-Qwen3.8-27B-abliterated-Q4_K.gguf)]
  STATUS: Actively downloading 27B model chunks into /srv/nwa-model/models/main-27b/ (15.05 GiB / 15.65 GiB, 96.1% done)
  STREAM: [#4a15f2 14GiB/15GiB(89%) CN:16 DL:583KiB ETA:48m29s]
  ARIA2: RUNNING (PID 282681)
  27B Model: 15.05 GiB / 15.65 GiB (96.1% complete)
  30B Model: 0.0 GiB / 18.5 GiB (0.0% complete)
  8B Model:  0 files staged
  DISK:      /dev/sda1       290G   52G  238G  18% /
----------------------------------------------------------------------------------------
[2026-10-07 20:57:38] [STAGE: 1/3: 27B Main Model (Huihui-Qwen3.8-27B-abliterated-Q4_K.gguf)]
  STATUS: Actively downloading 27B model chunks into /srv/nwa-model/models/main-27b/ (15.06 GiB / 15.65 GiB, 96.2% done)
  STREAM: [#4a15f2 14GiB/15GiB(89%) CN:16 DL:583KiB ETA:48m29s]
  ARIA2: RUNNING (PID 282681)
  27B Model: 15.06 GiB / 15.65 GiB (96.2% complete)
  30B Model: 0.0 GiB / 18.5 GiB (0.0% complete)
  8B Model:  0 files staged
  DISK:      /dev/sda1       290G   52G  238G  18% /
----------------------------------------------------------------------------------------
[2026-10-07 20:57:50] [STAGE: 1/3: 27B Main Model (Huihui-Qwen3.8-27B-abliterated-Q4_K.gguf)]
  STATUS: Actively downloading 27B model chunks into /srv/nwa-model/models/main-27b/ (15.06 GiB / 15.65 GiB, 96.2% done)
  STREAM: [#4a15f2 14GiB/15GiB(89%) CN:16 DL:583KiB ETA:48m29s]
  ARIA2: RUNNING (PID 282681)
  27B Model: 15.06 GiB / 15.65 GiB (96.2% complete)
  30B Model: 0.0 GiB / 18.5 GiB (0.0% complete)
  8B Model:  0 files staged
  DISK:      /dev/sda1       290G   52G  238G  18% /
----------------------------------------------------------------------------------------
[2026-10-07 20:58:01] [STAGE: 1/3: 27B Main Model (Huihui-Qwen3.8-27B-abliterated-Q4_K.gguf)]
  STATUS: Actively downloading 27B model chunks into /srv/nwa-model/models/main-27b/ (15.07 GiB / 15.65 GiB, 96.2% done)
  STREAM: [#4a15f2 14GiB/15GiB(89%) CN:16 DL:583KiB ETA:48m29s]
  ARIA2: RUNNING (PID 282681)
  27B Model: 15.07 GiB / 15.65 GiB (96.2% complete)
  30B Model: 0.0 GiB / 18.5 GiB (0.0% complete)
  8B Model:  0 files staged
  DISK:      /dev/sda1       290G   52G  238G  18% /
----------------------------------------------------------------------------------------
[2026-10-07 20:58:12] [STAGE: 1/3: 27B Main Model (Huihui-Qwen3.8-27B-abliterated-Q4_K.gguf)]
  STATUS: Actively downloading 27B model chunks into /srv/nwa-model/models/main-27b/ (15.07 GiB / 15.65 GiB, 96.3% done)
  STREAM: [#4a15f2 14GiB/15GiB(89%) CN:16 DL:583KiB ETA:48m29s]
  ARIA2: RUNNING (PID 282681)
  27B Model: 15.07 GiB / 15.65 GiB (96.3% complete)
  30B Model: 0.0 GiB / 18.5 GiB (0.0% complete)
  8B Model:  0 files staged
  DISK:      /dev/sda1       290G   52G  238G  18% /
----------------------------------------------------------------------------------------
[2026-10-07 20:58:23] [STAGE: 1/3: 27B Main Model (Huihui-Qwen3.8-27B-abliterated-Q4_K.gguf)]
  STATUS: Actively downloading 27B model chunks into /srv/nwa-model/models/main-27b/ (15.08 GiB / 15.65 GiB, 96.3% done)
  STREAM: [#4a15f2 14GiB/15GiB(89%) CN:16 DL:583KiB ETA:48m29s]
  ARIA2: RUNNING (PID 282681)
  27B Model: 15.08 GiB / 15.65 GiB (96.3% complete)
  30B Model: 0.0 GiB / 18.5 GiB (0.0% complete)
  8B Model:  0 files staged
  DISK:      /dev/sda1       290G   52G  238G  18% /
----------------------------------------------------------------------------------------
[2026-10-07 20:58:36] [STAGE: 1/3: 27B Main Model (Huihui-Qwen3.8-27B-abliterated-Q4_K.gguf)]
  STATUS: Actively downloading 27B model chunks into /srv/nwa-model/models/main-27b/ (15.09 GiB / 15.65 GiB, 96.4% done)
  STREAM: [#4a15f2 14GiB/15GiB(89%) CN:16 DL:583KiB ETA:48m29s]
  ARIA2: RUNNING (PID 282681)
  27B Model: 15.09 GiB / 15.65 GiB (96.4% complete)
  30B Model: 0.0 GiB / 18.5 GiB (0.0% complete)
  8B Model:  0 files staged
  DISK:      /dev/sda1       290G   52G  238G  18% /
----------------------------------------------------------------------------------------
[2026-10-07 20:58:47] [STAGE: 1/3: 27B Main Model (Huihui-Qwen3.8-27B-abliterated-Q4_K.gguf)]
  STATUS: Actively downloading 27B model chunks into /srv/nwa-model/models/main-27b/ (15.09 GiB / 15.65 GiB, 96.4% done)
  STREAM: [#4a15f2 14GiB/15GiB(89%) CN:16 DL:583KiB ETA:48m29s]
  ARIA2: RUNNING (PID 282681)
  27B Model: 15.09 GiB / 15.65 GiB (96.4% complete)
  30B Model: 0.0 GiB / 18.5 GiB (0.0% complete)
  8B Model:  0 files staged
  DISK:      /dev/sda1       290G   52G  238G  18% /
----------------------------------------------------------------------------------------
[2026-10-07 20:58:58] [STAGE: 1/3: 27B Main Model (Huihui-Qwen3.8-27B-abliterated-Q4_K.gguf)]
  STATUS: Actively downloading 27B model chunks into /srv/nwa-model/models/main-27b/ (15.1 GiB / 15.65 GiB, 96.4% done)
  STREAM: [#4a15f2 14GiB/15GiB(89%) CN:16 DL:583KiB ETA:48m29s]
  ARIA2: RUNNING (PID 282681)
  27B Model: 15.1 GiB / 15.65 GiB (96.4% complete)
  30B Model: 0.0 GiB / 18.5 GiB (0.0% complete)
  8B Model:  0 files staged
  DISK:      /dev/sda1       290G   52G  238G  18% /
----------------------------------------------------------------------------------------
[2026-10-07 20:59:10] [STAGE: 1/3: 27B Main Model (Huihui-Qwen3.8-27B-abliterated-Q4_K.gguf)]
  STATUS: Actively downloading 27B model chunks into /srv/nwa-model/models/main-27b/ (15.1 GiB / 15.65 GiB, 96.5% done)
  STREAM: [#4a15f2 14GiB/15GiB(89%) CN:16 DL:583KiB ETA:48m29s]
  ARIA2: RUNNING (PID 282681)
  27B Model: 15.1 GiB / 15.65 GiB (96.5% complete)
  30B Model: 0.0 GiB / 18.5 GiB (0.0% complete)
  8B Model:  0 files staged
  DISK:      /dev/sda1       290G   52G  238G  18% /
----------------------------------------------------------------------------------------
[2026-10-07 20:59:21] [STAGE: 1/3: 27B Main Model (Huihui-Qwen3.8-27B-abliterated-Q4_K.gguf)]
  STATUS: Actively downloading 27B model chunks into /srv/nwa-model/models/main-27b/ (15.11 GiB / 15.65 GiB, 96.5% done)
  STREAM: [#4a15f2 14GiB/15GiB(89%) CN:16 DL:583KiB ETA:48m29s]
  ARIA2: RUNNING (PID 282681)
  27B Model: 15.11 GiB / 15.65 GiB (96.5% complete)
  30B Model: 0.0 GiB / 18.5 GiB (0.0% complete)
  8B Model:  0 files staged
  DISK:      /dev/sda1       290G   52G  238G  18% /
----------------------------------------------------------------------------------------
[2026-10-07 20:59:32] [STAGE: 1/3: 27B Main Model (Huihui-Qwen3.8-27B-abliterated-Q4_K.gguf)]
  STATUS: Actively downloading 27B model chunks into /srv/nwa-model/models/main-27b/ (15.12 GiB / 15.65 GiB, 96.6% done)
  STREAM: [#4a15f2 14GiB/15GiB(89%) CN:16 DL:583KiB ETA:48m29s]
  ARIA2: RUNNING (PID 282681)
  27B Model: 15.12 GiB / 15.65 GiB (96.6% complete)
  30B Model: 0.0 GiB / 18.5 GiB (0.0% complete)
  8B Model:  0 files staged
  DISK:      /dev/sda1       290G   52G  238G  18% /
----------------------------------------------------------------------------------------
[2026-10-07 20:59:46] [STAGE: 1/3: 27B Main Model (Huihui-Qwen3.8-27B-abliterated-Q4_K.gguf)]
  STATUS: Actively downloading 27B model chunks into /srv/nwa-model/models/main-27b/ (15.12 GiB / 15.65 GiB, 96.6% done)
  STREAM: [#4a15f2 14GiB/15GiB(89%) CN:16 DL:583KiB ETA:48m29s]
  ARIA2: RUNNING (PID 282681)
  27B Model: 15.12 GiB / 15.65 GiB (96.6% complete)
  30B Model: 0.0 GiB / 18.5 GiB (0.0% complete)
  8B Model:  0 files staged
  DISK:      /dev/sda1       290G   52G  238G  18% /
----------------------------------------------------------------------------------------
[2026-10-07 20:59:57] [STAGE: 1/3: 27B Main Model (Huihui-Qwen3.8-27B-abliterated-Q4_K.gguf)]
  STATUS: Actively downloading 27B model chunks into /srv/nwa-model/models/main-27b/ (15.13 GiB / 15.65 GiB, 96.6% done)
  STREAM: [#4a15f2 14GiB/15GiB(89%) CN:16 DL:583KiB ETA:48m29s]
  ARIA2: RUNNING (PID 282681)
  27B Model: 15.13 GiB / 15.65 GiB (96.6% complete)
  30B Model: 0.0 GiB / 18.5 GiB (0.0% complete)
  8B Model:  0 files staged
  DISK:      /dev/sda1       290G   52G  238G  18% /
----------------------------------------------------------------------------------------
[2026-10-07 21:00:08] [STAGE: 1/3: 27B Main Model (Huihui-Qwen3.8-27B-abliterated-Q4_K.gguf)]
  STATUS: Actively downloading 27B model chunks into /srv/nwa-model/models/main-27b/ (15.13 GiB / 15.65 GiB, 96.6% done)
  STREAM: [#4a15f2 14GiB/15GiB(89%) CN:16 DL:583KiB ETA:48m29s]
  ARIA2: RUNNING (PID 282681)
  27B Model: 15.13 GiB / 15.65 GiB (96.6% complete)
  30B Model: 0.0 GiB / 18.5 GiB (0.0% complete)
  8B Model:  0 files staged
  DISK:      /dev/sda1       290G   52G  238G  18% /
----------------------------------------------------------------------------------------
[2026-10-07 21:00:20] [STAGE: 1/3: 27B Main Model (Huihui-Qwen3.8-27B-abliterated-Q4_K.gguf)]
  STATUS: Actively downloading 27B model chunks into /srv/nwa-model/models/main-27b/ (15.14 GiB / 15.65 GiB, 96.7% done)
  STREAM: [#4a15f2 14GiB/15GiB(89%) CN:16 DL:583KiB ETA:48m29s]
  ARIA2: RUNNING (PID 282681)
  27B Model: 15.14 GiB / 15.65 GiB (96.7% complete)
  30B Model: 0.0 GiB / 18.5 GiB (0.0% complete)
  8B Model:  0 files staged
  DISK:      /dev/sda1       290G   52G  238G  18% /
----------------------------------------------------------------------------------------
[2026-10-07 21:00:30] [STAGE: 1/3: 27B Main Model (Huihui-Qwen3.8-27B-abliterated-Q4_K.gguf)]
  STATUS: Actively downloading 27B model chunks into /srv/nwa-model/models/main-27b/ (15.15 GiB / 15.65 GiB, 96.7% done)
  STREAM: [#4a15f2 14GiB/15GiB(89%) CN:16 DL:583KiB ETA:48m29s]
  ARIA2: RUNNING (PID 282681)
  27B Model: 15.15 GiB / 15.65 GiB (96.7% complete)
  30B Model: 0.0 GiB / 18.5 GiB (0.0% complete)
  8B Model:  0 files staged
  DISK:      /dev/sda1       290G   52G  238G  18% /
----------------------------------------------------------------------------------------
[2026-10-07 21:00:41] [STAGE: 1/3: 27B Main Model (Huihui-Qwen3.8-27B-abliterated-Q4_K.gguf)]
  STATUS: Actively downloading 27B model chunks into /srv/nwa-model/models/main-27b/ (15.15 GiB / 15.65 GiB, 96.8% done)
  STREAM: [#4a15f2 14GiB/15GiB(89%) CN:16 DL:583KiB ETA:48m29s]
  ARIA2: RUNNING (PID 282681)
  27B Model: 15.15 GiB / 15.65 GiB (96.8% complete)
  30B Model: 0.0 GiB / 18.5 GiB (0.0% complete)
  8B Model:  0 files staged
  DISK:      /dev/sda1       290G   52G  238G  18% /
----------------------------------------------------------------------------------------
[2026-10-07 21:00:52] [STAGE: 1/3: 27B Main Model (Huihui-Qwen3.8-27B-abliterated-Q4_K.gguf)]
  STATUS: Actively downloading 27B model chunks into /srv/nwa-model/models/main-27b/ (15.15 GiB / 15.65 GiB, 96.8% done)
  STREAM: [#4a15f2 14GiB/15GiB(89%) CN:16 DL:583KiB ETA:48m29s]
  ARIA2: RUNNING (PID 282681)
  27B Model: 15.15 GiB / 15.65 GiB (96.8% complete)
  30B Model: 0.0 GiB / 18.5 GiB (0.0% complete)
  8B Model:  0 files staged
  DISK:      /dev/sda1       290G   52G  238G  18% /
----------------------------------------------------------------------------------------
[2026-10-07 21:01:04] [STAGE: 1/3: 27B Main Model (Huihui-Qwen3.8-27B-abliterated-Q4_K.gguf)]
  STATUS: Actively downloading 27B model chunks into /srv/nwa-model/models/main-27b/ (15.16 GiB / 15.65 GiB, 96.8% done)
  STREAM: [#4a15f2 14GiB/15GiB(89%) CN:16 DL:583KiB ETA:48m29s]
  ARIA2: RUNNING (PID 282681)
  27B Model: 15.16 GiB / 15.65 GiB (96.8% complete)
  30B Model: 0.0 GiB / 18.5 GiB (0.0% complete)
  8B Model:  0 files staged
  DISK:      /dev/sda1       290G   52G  238G  18% /
----------------------------------------------------------------------------------------
[2026-10-07 21:01:17] [STAGE: 1/3: 27B Main Model (Huihui-Qwen3.8-27B-abliterated-Q4_K.gguf)]
  STATUS: Actively downloading 27B model chunks into /srv/nwa-model/models/main-27b/ (15.16 GiB / 15.65 GiB, 96.8% done)
  STREAM: [#4a15f2 14GiB/15GiB(89%) CN:16 DL:583KiB ETA:48m29s]
  ARIA2: RUNNING (PID 282681)
  27B Model: 15.16 GiB / 15.65 GiB (96.8% complete)
  30B Model: 0.0 GiB / 18.5 GiB (0.0% complete)
  8B Model:  0 files staged
  DISK:      /dev/sda1       290G   52G  238G  18% /
----------------------------------------------------------------------------------------
[2026-10-07 21:01:28] [STAGE: 1/3: 27B Main Model (Huihui-Qwen3.8-27B-abliterated-Q4_K.gguf)]
  STATUS: Actively downloading 27B model chunks into /srv/nwa-model/models/main-27b/ (15.18 GiB / 15.65 GiB, 96.9% done)
  STREAM: [#4a15f2 14GiB/15GiB(89%) CN:16 DL:583KiB ETA:48m29s]
  ARIA2: RUNNING (PID 282681)
  27B Model: 15.18 GiB / 15.65 GiB (96.9% complete)
  30B Model: 0.0 GiB / 18.5 GiB (0.0% complete)
  8B Model:  0 files staged
  DISK:      /dev/sda1       290G   52G  238G  18% /
----------------------------------------------------------------------------------------
[2026-10-07 21:01:40] [STAGE: 1/3: 27B Main Model (Huihui-Qwen3.8-27B-abliterated-Q4_K.gguf)]
  STATUS: Actively downloading 27B model chunks into /srv/nwa-model/models/main-27b/ (15.18 GiB / 15.65 GiB, 96.9% done)
  STREAM: [#4a15f2 14GiB/15GiB(89%) CN:16 DL:583KiB ETA:48m29s]
  ARIA2: RUNNING (PID 282681)
  27B Model: 15.18 GiB / 15.65 GiB (96.9% complete)
  30B Model: 0.0 GiB / 18.5 GiB (0.0% complete)
  8B Model:  0 files staged
  DISK:      /dev/sda1       290G   52G  238G  18% /
----------------------------------------------------------------------------------------
[2026-10-07 21:01:55] [STAGE: 1/3: 27B Main Model (Huihui-Qwen3.8-27B-abliterated-Q4_K.gguf)]
  STATUS: Actively downloading 27B model chunks into /srv/nwa-model/models/main-27b/ (15.18 GiB / 15.65 GiB, 97.0% done)
  STREAM: [#4a15f2 14GiB/15GiB(89%) CN:16 DL:583KiB ETA:48m29s]
  ARIA2: RUNNING (PID 282681)
  27B Model: 15.18 GiB / 15.65 GiB (97.0% complete)
  30B Model: 0.0 GiB / 18.5 GiB (0.0% complete)
  8B Model:  0 files staged
  DISK:      /dev/sda1       290G   52G  238G  18% /
----------------------------------------------------------------------------------------
[2026-10-07 21:02:07] [STAGE: 1/3: 27B Main Model (Huihui-Qwen3.8-27B-abliterated-Q4_K.gguf)]
  STATUS: Actively downloading 27B model chunks into /srv/nwa-model/models/main-27b/ (15.19 GiB / 15.65 GiB, 97.0% done)
  STREAM: [#4a15f2 14GiB/15GiB(89%) CN:16 DL:583KiB ETA:48m29s]
  ARIA2: RUNNING (PID 282681)
  27B Model: 15.19 GiB / 15.65 GiB (97.0% complete)
  30B Model: 0.0 GiB / 18.5 GiB (0.0% complete)
  8B Model:  0 files staged
  DISK:      /dev/sda1       290G   52G  238G  18% /
----------------------------------------------------------------------------------------
[2026-10-07 21:02:19] [STAGE: 1/3: 27B Main Model (Huihui-Qwen3.8-27B-abliterated-Q4_K.gguf)]
  STATUS: Actively downloading 27B model chunks into /srv/nwa-model/models/main-27b/ (15.19 GiB / 15.65 GiB, 97.0% done)
  STREAM: [#4a15f2 14GiB/15GiB(89%) CN:16 DL:583KiB ETA:48m29s]
  ARIA2: RUNNING (PID 282681)
  27B Model: 15.19 GiB / 15.65 GiB (97.0% complete)
  30B Model: 0.0 GiB / 18.5 GiB (0.0% complete)
  8B Model:  0 files staged
  DISK:      /dev/sda1       290G   52G  238G  18% /
----------------------------------------------------------------------------------------
[2026-10-07 21:02:32] [STAGE: 1/3: 27B Main Model (Huihui-Qwen3.8-27B-abliterated-Q4_K.gguf)]
  STATUS: Actively downloading 27B model chunks into /srv/nwa-model/models/main-27b/ (15.2 GiB / 15.65 GiB, 97.1% done)
  STREAM: [#4a15f2 14GiB/15GiB(89%) CN:16 DL:583KiB ETA:48m29s]
  ARIA2: RUNNING (PID 282681)
  27B Model: 15.2 GiB / 15.65 GiB (97.1% complete)
  30B Model: 0.0 GiB / 18.5 GiB (0.0% complete)
  8B Model:  0 files staged
  DISK:      /dev/sda1       290G   52G  238G  18% /
----------------------------------------------------------------------------------------
[2026-10-07 21:02:43] [STAGE: 1/3: 27B Main Model (Huihui-Qwen3.8-27B-abliterated-Q4_K.gguf)]
  STATUS: Actively downloading 27B model chunks into /srv/nwa-model/models/main-27b/ (15.21 GiB / 15.65 GiB, 97.1% done)
  STREAM: [#4a15f2 14GiB/15GiB(89%) CN:16 DL:583KiB ETA:48m29s]
  ARIA2: RUNNING (PID 282681)
  27B Model: 15.21 GiB / 15.65 GiB (97.1% complete)
  30B Model: 0.0 GiB / 18.5 GiB (0.0% complete)
  8B Model:  0 files staged
  DISK:      /dev/sda1       290G   52G  238G  18% /
----------------------------------------------------------------------------------------
[2026-10-07 21:02:55] [STAGE: 1/3: 27B Main Model (Huihui-Qwen3.8-27B-abliterated-Q4_K.gguf)]
  STATUS: Actively downloading 27B model chunks into /srv/nwa-model/models/main-27b/ (15.21 GiB / 15.65 GiB, 97.2% done)
  STREAM: [#4a15f2 14GiB/15GiB(89%) CN:16 DL:583KiB ETA:48m29s]
  ARIA2: RUNNING (PID 282681)
  27B Model: 15.21 GiB / 15.65 GiB (97.2% complete)
  30B Model: 0.0 GiB / 18.5 GiB (0.0% complete)
  8B Model:  0 files staged
  DISK:      /dev/sda1       290G   52G  238G  18% /
----------------------------------------------------------------------------------------
[2026-10-07 21:03:09] [STAGE: 1/3: 27B Main Model (Huihui-Qwen3.8-27B-abliterated-Q4_K.gguf)]
  STATUS: Actively downloading 27B model chunks into /srv/nwa-model/models/main-27b/ (15.22 GiB / 15.65 GiB, 97.2% done)
  STREAM: [#4a15f2 14GiB/15GiB(89%) CN:16 DL:583KiB ETA:48m29s]
  ARIA2: RUNNING (PID 282681)
  27B Model: 15.22 GiB / 15.65 GiB (97.2% complete)
  30B Model: 0.0 GiB / 18.5 GiB (0.0% complete)
  8B Model:  0 files staged
  DISK:      /dev/sda1       290G   52G  238G  18% /
----------------------------------------------------------------------------------------
[2026-10-07 21:03:20] [STAGE: 1/3: 27B Main Model (Huihui-Qwen3.8-27B-abliterated-Q4_K.gguf)]
  STATUS: Actively downloading 27B model chunks into /srv/nwa-model/models/main-27b/ (15.22 GiB / 15.65 GiB, 97.2% done)
  STREAM: [#4a15f2 14GiB/15GiB(89%) CN:16 DL:583KiB ETA:48m29s]
  ARIA2: RUNNING (PID 282681)
  27B Model: 15.22 GiB / 15.65 GiB (97.2% complete)
  30B Model: 0.0 GiB / 18.5 GiB (0.0% complete)
  8B Model:  0 files staged
  DISK:      /dev/sda1       290G   52G  238G  18% /
----------------------------------------------------------------------------------------
[2026-10-07 21:03:30] [STAGE: 1/3: 27B Main Model (Huihui-Qwen3.8-27B-abliterated-Q4_K.gguf)]
  STATUS: Actively downloading 27B model chunks into /srv/nwa-model/models/main-27b/ (15.23 GiB / 15.65 GiB, 97.3% done)
  STREAM: [#4a15f2 14GiB/15GiB(89%) CN:16 DL:583KiB ETA:48m29s]
  ARIA2: RUNNING (PID 282681)
  27B Model: 15.23 GiB / 15.65 GiB (97.3% complete)
  30B Model: 0.0 GiB / 18.5 GiB (0.0% complete)
  8B Model:  0 files staged
  DISK:      /dev/sda1       290G   52G  238G  18% /
----------------------------------------------------------------------------------------
[2026-10-07 21:03:48] [STAGE: 1/3: 27B Main Model (Huihui-Qwen3.8-27B-abliterated-Q4_K.gguf)]
  STATUS: Actively downloading 27B model chunks into /srv/nwa-model/models/main-27b/ (15.24 GiB / 15.65 GiB, 97.3% done)
  STREAM: [#4a15f2 14GiB/15GiB(89%) CN:16 DL:583KiB ETA:48m29s]
  ARIA2: RUNNING (PID 282681)
  27B Model: 15.24 GiB / 15.65 GiB (97.3% complete)
  30B Model: 0.0 GiB / 18.5 GiB (0.0% complete)
  8B Model:  0 files staged
  DISK:      /dev/sda1       290G   52G  238G  18% /
----------------------------------------------------------------------------------------
[2026-10-07 21:03:59] [STAGE: 1/3: 27B Main Model (Huihui-Qwen3.8-27B-abliterated-Q4_K.gguf)]
  STATUS: Actively downloading 27B model chunks into /srv/nwa-model/models/main-27b/ (15.24 GiB / 15.65 GiB, 97.4% done)
  STREAM: [#4a15f2 14GiB/15GiB(89%) CN:16 DL:583KiB ETA:48m29s]
  ARIA2: RUNNING (PID 282681)
  27B Model: 15.24 GiB / 15.65 GiB (97.4% complete)
  30B Model: 0.0 GiB / 18.5 GiB (0.0% complete)
  8B Model:  0 files staged
  DISK:      /dev/sda1       290G   52G  238G  18% /
----------------------------------------------------------------------------------------
[2026-10-07 21:04:11] [STAGE: 1/3: 27B Main Model (Huihui-Qwen3.8-27B-abliterated-Q4_K.gguf)]
  STATUS: Actively downloading 27B model chunks into /srv/nwa-model/models/main-27b/ (15.25 GiB / 15.65 GiB, 97.4% done)
  STREAM: [#4a15f2 14GiB/15GiB(89%) CN:16 DL:583KiB ETA:48m29s]
  ARIA2: RUNNING (PID 282681)
  27B Model: 15.25 GiB / 15.65 GiB (97.4% complete)
  30B Model: 0.0 GiB / 18.5 GiB (0.0% complete)
  8B Model:  0 files staged
  DISK:      /dev/sda1       290G   52G  238G  18% /
----------------------------------------------------------------------------------------
[2026-10-07 21:04:23] [STAGE: 1/3: 27B Main Model (Huihui-Qwen3.8-27B-abliterated-Q4_K.gguf)]
  STATUS: Actively downloading 27B model chunks into /srv/nwa-model/models/main-27b/ (15.25 GiB / 15.65 GiB, 97.4% done)
  STREAM: [#4a15f2 14GiB/15GiB(89%) CN:16 DL:583KiB ETA:48m29s]
  ARIA2: RUNNING (PID 282681)
  27B Model: 15.25 GiB / 15.65 GiB (97.4% complete)
  30B Model: 0.0 GiB / 18.5 GiB (0.0% complete)
  8B Model:  0 files staged
  DISK:      /dev/sda1       290G   52G  238G  18% /
----------------------------------------------------------------------------------------
[2026-10-07 21:04:34] [STAGE: 1/3: 27B Main Model (Huihui-Qwen3.8-27B-abliterated-Q4_K.gguf)]
  STATUS: Actively downloading 27B model chunks into /srv/nwa-model/models/main-27b/ (15.26 GiB / 15.65 GiB, 97.5% done)
  STREAM: [#4a15f2 14GiB/15GiB(89%) CN:16 DL:583KiB ETA:48m29s]
  ARIA2: RUNNING (PID 282681)
  27B Model: 15.26 GiB / 15.65 GiB (97.5% complete)
  30B Model: 0.0 GiB / 18.5 GiB (0.0% complete)
  8B Model:  0 files staged
  DISK:      /dev/sda1       290G   52G  238G  18% /
----------------------------------------------------------------------------------------
[2026-10-07 21:04:47] [STAGE: 1/3: 27B Main Model (Huihui-Qwen3.8-27B-abliterated-Q4_K.gguf)]
  STATUS: Actively downloading 27B model chunks into /srv/nwa-model/models/main-27b/ (15.27 GiB / 15.65 GiB, 97.5% done)
  STREAM: [#4a15f2 14GiB/15GiB(89%) CN:16 DL:583KiB ETA:48m29s]
  ARIA2: RUNNING (PID 282681)
  27B Model: 15.27 GiB / 15.65 GiB (97.5% complete)
  30B Model: 0.0 GiB / 18.5 GiB (0.0% complete)
  8B Model:  0 files staged
  DISK:      /dev/sda1       290G   52G  238G  18% /
----------------------------------------------------------------------------------------
[2026-10-07 21:04:58] [STAGE: 1/3: 27B Main Model (Huihui-Qwen3.8-27B-abliterated-Q4_K.gguf)]
  STATUS: Actively downloading 27B model chunks into /srv/nwa-model/models/main-27b/ (15.27 GiB / 15.65 GiB, 97.5% done)
  STREAM: [#4a15f2 14GiB/15GiB(89%) CN:16 DL:583KiB ETA:48m29s]
  ARIA2: RUNNING (PID 282681)
  27B Model: 15.27 GiB / 15.65 GiB (97.5% complete)
  30B Model: 0.0 GiB / 18.5 GiB (0.0% complete)
  8B Model:  0 files staged
  DISK:      /dev/sda1       290G   52G  238G  18% /
----------------------------------------------------------------------------------------
[2026-10-07 21:05:10] [STAGE: 1/3: 27B Main Model (Huihui-Qwen3.8-27B-abliterated-Q4_K.gguf)]
  STATUS: Actively downloading 27B model chunks into /srv/nwa-model/models/main-27b/ (15.28 GiB / 15.65 GiB, 97.6% done)
  STREAM: [#4a15f2 14GiB/15GiB(89%) CN:16 DL:583KiB ETA:48m29s]
  ARIA2: RUNNING (PID 282681)
  27B Model: 15.28 GiB / 15.65 GiB (97.6% complete)
  30B Model: 0.0 GiB / 18.5 GiB (0.0% complete)
  8B Model:  0 files staged
  DISK:      /dev/sda1       290G   52G  238G  18% /
----------------------------------------------------------------------------------------
[2026-10-07 21:05:22] [STAGE: 1/3: 27B Main Model (Huihui-Qwen3.8-27B-abliterated-Q4_K.gguf)]
  STATUS: Actively downloading 27B model chunks into /srv/nwa-model/models/main-27b/ (15.28 GiB / 15.65 GiB, 97.6% done)
  STREAM: [#4a15f2 14GiB/15GiB(89%) CN:16 DL:583KiB ETA:48m29s]
  ARIA2: RUNNING (PID 282681)
  27B Model: 15.28 GiB / 15.65 GiB (97.6% complete)
  30B Model: 0.0 GiB / 18.5 GiB (0.0% complete)
  8B Model:  0 files staged
  DISK:      /dev/sda1       290G   52G  238G  18% /
----------------------------------------------------------------------------------------
[2026-10-07 21:05:35] [STAGE: 1/3: 27B Main Model (Huihui-Qwen3.8-27B-abliterated-Q4_K.gguf)]
  STATUS: Actively downloading 27B model chunks into /srv/nwa-model/models/main-27b/ (15.29 GiB / 15.65 GiB, 97.7% done)
  STREAM: [#4a15f2 14GiB/15GiB(89%) CN:16 DL:583KiB ETA:48m29s]
  ARIA2: RUNNING (PID 282681)
  27B Model: 15.29 GiB / 15.65 GiB (97.7% complete)
  30B Model: 0.0 GiB / 18.5 GiB (0.0% complete)
  8B Model:  0 files staged
  DISK:      /dev/sda1       290G   52G  238G  18% /
----------------------------------------------------------------------------------------
[2026-10-07 21:05:46] [STAGE: 1/3: 27B Main Model (Huihui-Qwen3.8-27B-abliterated-Q4_K.gguf)]
  STATUS: Actively downloading 27B model chunks into /srv/nwa-model/models/main-27b/ (15.29 GiB / 15.65 GiB, 97.7% done)
  STREAM: [#4a15f2 14GiB/15GiB(89%) CN:16 DL:583KiB ETA:48m29s]
  ARIA2: RUNNING (PID 282681)
  27B Model: 15.29 GiB / 15.65 GiB (97.7% complete)
  30B Model: 0.0 GiB / 18.5 GiB (0.0% complete)
  8B Model:  0 files staged
  DISK:      /dev/sda1       290G   52G  238G  18% /
----------------------------------------------------------------------------------------
[2026-10-07 21:05:57] [STAGE: 1/3: 27B Main Model (Huihui-Qwen3.8-27B-abliterated-Q4_K.gguf)]
  STATUS: Actively downloading 27B model chunks into /srv/nwa-model/models/main-27b/ (15.3 GiB / 15.65 GiB, 97.7% done)
  STREAM: [#4a15f2 14GiB/15GiB(89%) CN:16 DL:583KiB ETA:48m29s]
  ARIA2: RUNNING (PID 282681)
  27B Model: 15.3 GiB / 15.65 GiB (97.7% complete)
  30B Model: 0.0 GiB / 18.5 GiB (0.0% complete)
  8B Model:  0 files staged
  DISK:      /dev/sda1       290G   52G  238G  18% /
----------------------------------------------------------------------------------------
[2026-10-07 21:06:11] [STAGE: 1/3: 27B Main Model (Huihui-Qwen3.8-27B-abliterated-Q4_K.gguf)]
  STATUS: Actively downloading 27B model chunks into /srv/nwa-model/models/main-27b/ (15.31 GiB / 15.65 GiB, 97.8% done)
  STREAM: [#4a15f2 14GiB/15GiB(89%) CN:16 DL:583KiB ETA:48m29s]
  ARIA2: RUNNING (PID 282681)
  27B Model: 15.31 GiB / 15.65 GiB (97.8% complete)
  30B Model: 0.0 GiB / 18.5 GiB (0.0% complete)
  8B Model:  0 files staged
  DISK:      /dev/sda1       290G   52G  238G  18% /
----------------------------------------------------------------------------------------
[2026-10-07 21:06:22] [STAGE: 1/3: 27B Main Model (Huihui-Qwen3.8-27B-abliterated-Q4_K.gguf)]
  STATUS: Actively downloading 27B model chunks into /srv/nwa-model/models/main-27b/ (15.31 GiB / 15.65 GiB, 97.8% done)
  STREAM: [#4a15f2 14GiB/15GiB(89%) CN:16 DL:583KiB ETA:48m29s]
  ARIA2: RUNNING (PID 282681)
  27B Model: 15.31 GiB / 15.65 GiB (97.8% complete)
  30B Model: 0.0 GiB / 18.5 GiB (0.0% complete)
  8B Model:  0 files staged
  DISK:      /dev/sda1       290G   52G  238G  18% /
----------------------------------------------------------------------------------------
[2026-10-07 21:06:33] [STAGE: 1/3: 27B Main Model (Huihui-Qwen3.8-27B-abliterated-Q4_K.gguf)]
  STATUS: Actively downloading 27B model chunks into /srv/nwa-model/models/main-27b/ (15.32 GiB / 15.65 GiB, 97.9% done)
  STREAM: [#4a15f2 14GiB/15GiB(89%) CN:16 DL:583KiB ETA:48m29s]
  ARIA2: RUNNING (PID 282681)
  27B Model: 15.32 GiB / 15.65 GiB (97.9% complete)
  30B Model: 0.0 GiB / 18.5 GiB (0.0% complete)
  8B Model:  0 files staged
  DISK:      /dev/sda1       290G   52G  238G  18% /
----------------------------------------------------------------------------------------
[2026-10-07 21:06:45] [STAGE: 1/3: 27B Main Model (Huihui-Qwen3.8-27B-abliterated-Q4_K.gguf)]
  STATUS: Actively downloading 27B model chunks into /srv/nwa-model/models/main-27b/ (15.33 GiB / 15.65 GiB, 97.9% done)
  STREAM: [#4a15f2 14GiB/15GiB(89%) CN:16 DL:583KiB ETA:48m29s]
  ARIA2: RUNNING (PID 282681)
  27B Model: 15.33 GiB / 15.65 GiB (97.9% complete)
  30B Model: 0.0 GiB / 18.5 GiB (0.0% complete)
  8B Model:  0 files staged
  DISK:      /dev/sda1       290G   52G  238G  18% /
----------------------------------------------------------------------------------------
[2026-10-07 21:07:01] [STAGE: 1/3: 27B Main Model (Huihui-Qwen3.8-27B-abliterated-Q4_K.gguf)]
  STATUS: Actively downloading 27B model chunks into /srv/nwa-model/models/main-27b/ (15.33 GiB / 15.65 GiB, 97.9% done)
  STREAM: [#4a15f2 14GiB/15GiB(89%) CN:16 DL:583KiB ETA:48m29s]
  ARIA2: RUNNING (PID 282681)
  27B Model: 15.33 GiB / 15.65 GiB (97.9% complete)
  30B Model: 0.0 GiB / 18.5 GiB (0.0% complete)
  8B Model:  0 files staged
  DISK:      /dev/sda1       290G   52G  238G  18% /
----------------------------------------------------------------------------------------
[2026-10-07 21:07:13] [STAGE: 1/3: 27B Main Model (Huihui-Qwen3.8-27B-abliterated-Q4_K.gguf)]
  STATUS: Actively downloading 27B model chunks into /srv/nwa-model/models/main-27b/ (15.34 GiB / 15.65 GiB, 98.0% done)
  STREAM: [#4a15f2 14GiB/15GiB(89%) CN:16 DL:583KiB ETA:48m29s]
  ARIA2: RUNNING (PID 282681)
  27B Model: 15.34 GiB / 15.65 GiB (98.0% complete)
  30B Model: 0.0 GiB / 18.5 GiB (0.0% complete)
  8B Model:  0 files staged
  DISK:      /dev/sda1       290G   52G  238G  18% /
----------------------------------------------------------------------------------------
[2026-10-07 21:07:24] [STAGE: 1/3: 27B Main Model (Huihui-Qwen3.8-27B-abliterated-Q4_K.gguf)]
  STATUS: Actively downloading 27B model chunks into /srv/nwa-model/models/main-27b/ (15.34 GiB / 15.65 GiB, 98.0% done)
  STREAM: [#4a15f2 14GiB/15GiB(89%) CN:16 DL:583KiB ETA:48m29s]
  ARIA2: RUNNING (PID 282681)
  27B Model: 15.34 GiB / 15.65 GiB (98.0% complete)
  30B Model: 0.0 GiB / 18.5 GiB (0.0% complete)
  8B Model:  0 files staged
  DISK:      /dev/sda1       290G   52G  238G  18% /
----------------------------------------------------------------------------------------
[2026-10-07 21:07:35] [STAGE: 1/3: 27B Main Model (Huihui-Qwen3.8-27B-abliterated-Q4_K.gguf)]
  STATUS: Actively downloading 27B model chunks into /srv/nwa-model/models/main-27b/ (15.35 GiB / 15.65 GiB, 98.1% done)
  STREAM: [#4a15f2 14GiB/15GiB(89%) CN:16 DL:583KiB ETA:48m29s]
  ARIA2: RUNNING (PID 282681)
  27B Model: 15.35 GiB / 15.65 GiB (98.1% complete)
  30B Model: 0.0 GiB / 18.5 GiB (0.0% complete)
  8B Model:  0 files staged
  DISK:      /dev/sda1       290G   52G  238G  18% /
----------------------------------------------------------------------------------------
[2026-10-07 21:07:46] [STAGE: 1/3: 27B Main Model (Huihui-Qwen3.8-27B-abliterated-Q4_K.gguf)]
  STATUS: Actively downloading 27B model chunks into /srv/nwa-model/models/main-27b/ (15.36 GiB / 15.65 GiB, 98.1% done)
  STREAM: [#4a15f2 14GiB/15GiB(89%) CN:16 DL:583KiB ETA:48m29s]
  ARIA2: RUNNING (PID 282681)
  27B Model: 15.36 GiB / 15.65 GiB (98.1% complete)
  30B Model: 0.0 GiB / 18.5 GiB (0.0% complete)
  8B Model:  0 files staged
  DISK:      /dev/sda1       290G   52G  238G  18% /
----------------------------------------------------------------------------------------
[2026-10-07 21:07:58] [STAGE: 1/3: 27B Main Model (Huihui-Qwen3.8-27B-abliterated-Q4_K.gguf)]
  STATUS: Actively downloading 27B model chunks into /srv/nwa-model/models/main-27b/ (15.36 GiB / 15.65 GiB, 98.1% done)
  STREAM: [#4a15f2 14GiB/15GiB(89%) CN:16 DL:583KiB ETA:48m29s]
  ARIA2: RUNNING (PID 282681)
  27B Model: 15.36 GiB / 15.65 GiB (98.1% complete)
  30B Model: 0.0 GiB / 18.5 GiB (0.0% complete)
  8B Model:  0 files staged
  DISK:      /dev/sda1       290G   52G  238G  18% /
----------------------------------------------------------------------------------------
[2026-10-07 21:08:10] [STAGE: 1/3: 27B Main Model (Huihui-Qwen3.8-27B-abliterated-Q4_K.gguf)]
  STATUS: Actively downloading 27B model chunks into /srv/nwa-model/models/main-27b/ (15.37 GiB / 15.65 GiB, 98.2% done)
  STREAM: [#4a15f2 14GiB/15GiB(89%) CN:16 DL:583KiB ETA:48m29s]
  ARIA2: RUNNING (PID 282681)
  27B Model: 15.37 GiB / 15.65 GiB (98.2% complete)
  30B Model: 0.0 GiB / 18.5 GiB (0.0% complete)
  8B Model:  0 files staged
  DISK:      /dev/sda1       290G   52G  238G  18% /
----------------------------------------------------------------------------------------
[2026-10-07 21:08:21] [STAGE: 1/3: 27B Main Model (Huihui-Qwen3.8-27B-abliterated-Q4_K.gguf)]
  STATUS: Actively downloading 27B model chunks into /srv/nwa-model/models/main-27b/ (15.37 GiB / 15.65 GiB, 98.2% done)
  STREAM: [#4a15f2 14GiB/15GiB(89%) CN:16 DL:583KiB ETA:48m29s]
  ARIA2: RUNNING (PID 282681)
  27B Model: 15.37 GiB / 15.65 GiB (98.2% complete)
  30B Model: 0.0 GiB / 18.5 GiB (0.0% complete)
  8B Model:  0 files staged
  DISK:      /dev/sda1       290G   52G  238G  18% /
----------------------------------------------------------------------------------------
[2026-10-07 21:08:32] [STAGE: 1/3: 27B Main Model (Huihui-Qwen3.8-27B-abliterated-Q4_K.gguf)]
  STATUS: Actively downloading 27B model chunks into /srv/nwa-model/models/main-27b/ (15.38 GiB / 15.65 GiB, 98.3% done)
  STREAM: [#4a15f2 14GiB/15GiB(89%) CN:16 DL:583KiB ETA:48m29s]
  ARIA2: RUNNING (PID 282681)
  27B Model: 15.38 GiB / 15.65 GiB (98.3% complete)
  30B Model: 0.0 GiB / 18.5 GiB (0.0% complete)
  8B Model:  0 files staged
  DISK:      /dev/sda1       290G   52G  238G  18% /
----------------------------------------------------------------------------------------
[2026-10-07 21:08:45] [STAGE: 1/3: 27B Main Model (Huihui-Qwen3.8-27B-abliterated-Q4_K.gguf)]
  STATUS: Actively downloading 27B model chunks into /srv/nwa-model/models/main-27b/ (15.39 GiB / 15.65 GiB, 98.3% done)
  STREAM: [#4a15f2 14GiB/15GiB(89%) CN:16 DL:583KiB ETA:48m29s]
  ARIA2: RUNNING (PID 282681)
  27B Model: 15.39 GiB / 15.65 GiB (98.3% complete)
  30B Model: 0.0 GiB / 18.5 GiB (0.0% complete)
  8B Model:  0 files staged
  DISK:      /dev/sda1       290G   52G  238G  18% /
----------------------------------------------------------------------------------------
[2026-10-07 21:08:56] [STAGE: 1/3: 27B Main Model (Huihui-Qwen3.8-27B-abliterated-Q4_K.gguf)]
  STATUS: Actively downloading 27B model chunks into /srv/nwa-model/models/main-27b/ (15.39 GiB / 15.65 GiB, 98.3% done)
  STREAM: [#4a15f2 14GiB/15GiB(89%) CN:16 DL:583KiB ETA:48m29s]
  ARIA2: RUNNING (PID 282681)
  27B Model: 15.39 GiB / 15.65 GiB (98.3% complete)
  30B Model: 0.0 GiB / 18.5 GiB (0.0% complete)
  8B Model:  0 files staged
  DISK:      /dev/sda1       290G   52G  238G  18% /
----------------------------------------------------------------------------------------
[2026-10-07 21:09:07] [STAGE: 1/3: 27B Main Model (Huihui-Qwen3.8-27B-abliterated-Q4_K.gguf)]
  STATUS: Actively downloading 27B model chunks into /srv/nwa-model/models/main-27b/ (15.4 GiB / 15.65 GiB, 98.3% done)
  STREAM: [#4a15f2 14GiB/15GiB(89%) CN:16 DL:583KiB ETA:48m29s]
  ARIA2: RUNNING (PID 282681)
  27B Model: 15.4 GiB / 15.65 GiB (98.3% complete)
  30B Model: 0.0 GiB / 18.5 GiB (0.0% complete)
  8B Model:  0 files staged
  DISK:      /dev/sda1       290G   52G  238G  18% /
----------------------------------------------------------------------------------------
[2026-10-07 21:09:19] [STAGE: 1/3: 27B Main Model (Huihui-Qwen3.8-27B-abliterated-Q4_K.gguf)]
  STATUS: Actively downloading 27B model chunks into /srv/nwa-model/models/main-27b/ (15.4 GiB / 15.65 GiB, 98.4% done)
  STREAM: [#4a15f2 14GiB/15GiB(89%) CN:16 DL:583KiB ETA:48m29s]
  ARIA2: RUNNING (PID 282681)
  27B Model: 15.4 GiB / 15.65 GiB (98.4% complete)
  30B Model: 0.0 GiB / 18.5 GiB (0.0% complete)
  8B Model:  0 files staged
  DISK:      /dev/sda1       290G   52G  238G  18% /
----------------------------------------------------------------------------------------
[2026-10-07 21:09:38] [STAGE: 1/3: 27B Main Model (Huihui-Qwen3.8-27B-abliterated-Q4_K.gguf)]
  STATUS: Actively downloading 27B model chunks into /srv/nwa-model/models/main-27b/ (15.41 GiB / 15.65 GiB, 98.5% done)
  STREAM: [#4a15f2 14GiB/15GiB(89%) CN:16 DL:583KiB ETA:48m29s]
  ARIA2: RUNNING (PID 282681)
  27B Model: 15.41 GiB / 15.65 GiB (98.5% complete)
  30B Model: 0.0 GiB / 18.5 GiB (0.0% complete)
  8B Model:  0 files staged
  DISK:      /dev/sda1       290G   52G  238G  18% /
----------------------------------------------------------------------------------------
[2026-10-07 21:09:49] [STAGE: 1/3: 27B Main Model (Huihui-Qwen3.8-27B-abliterated-Q4_K.gguf)]
  STATUS: Actively downloading 27B model chunks into /srv/nwa-model/models/main-27b/ (15.42 GiB / 15.65 GiB, 98.5% done)
  STREAM: [#4a15f2 14GiB/15GiB(89%) CN:16 DL:583KiB ETA:48m29s]
  ARIA2: RUNNING (PID 282681)
  27B Model: 15.42 GiB / 15.65 GiB (98.5% complete)
  30B Model: 0.0 GiB / 18.5 GiB (0.0% complete)
  8B Model:  0 files staged
  DISK:      /dev/sda1       290G   52G  238G  18% /
----------------------------------------------------------------------------------------
[2026-10-07 21:10:01] [STAGE: 1/3: 27B Main Model (Huihui-Qwen3.8-27B-abliterated-Q4_K.gguf)]
  STATUS: Actively downloading 27B model chunks into /srv/nwa-model/models/main-27b/ (15.42 GiB / 15.65 GiB, 98.5% done)
  STREAM: [#4a15f2 14GiB/15GiB(89%) CN:16 DL:583KiB ETA:48m29s]
  ARIA2: RUNNING (PID 282681)
  27B Model: 15.42 GiB / 15.65 GiB (98.5% complete)
  30B Model: 0.0 GiB / 18.5 GiB (0.0% complete)
  8B Model:  0 files staged
  DISK:      /dev/sda1       290G   52G  238G  18% /
----------------------------------------------------------------------------------------
[2026-10-07 21:10:12] [STAGE: 1/3: 27B Main Model (Huihui-Qwen3.8-27B-abliterated-Q4_K.gguf)]
  STATUS: Actively downloading 27B model chunks into /srv/nwa-model/models/main-27b/ (15.43 GiB / 15.65 GiB, 98.6% done)
  STREAM: [#4a15f2 14GiB/15GiB(89%) CN:16 DL:583KiB ETA:48m29s]
  ARIA2: RUNNING (PID 282681)
  27B Model: 15.43 GiB / 15.65 GiB (98.6% complete)
  30B Model: 0.0 GiB / 18.5 GiB (0.0% complete)
  8B Model:  0 files staged
  DISK:      /dev/sda1       290G   52G  238G  18% /
----------------------------------------------------------------------------------------
[2026-10-07 21:10:29] [STAGE: 1/3: 27B Main Model (Huihui-Qwen3.8-27B-abliterated-Q4_K.gguf)]
  STATUS: Actively downloading 27B model chunks into /srv/nwa-model/models/main-27b/ (15.44 GiB / 15.65 GiB, 98.6% done)
  STREAM: [#4a15f2 14GiB/15GiB(89%) CN:16 DL:583KiB ETA:48m29s]
  ARIA2: RUNNING (PID 282681)
  27B Model: 15.44 GiB / 15.65 GiB (98.6% complete)
  30B Model: 0.0 GiB / 18.5 GiB (0.0% complete)
  8B Model:  0 files staged
  DISK:      /dev/sda1       290G   52G  238G  18% /
----------------------------------------------------------------------------------------
[2026-10-07 21:10:40] [STAGE: 1/3: 27B Main Model (Huihui-Qwen3.8-27B-abliterated-Q4_K.gguf)]
  STATUS: Actively downloading 27B model chunks into /srv/nwa-model/models/main-27b/ (15.45 GiB / 15.65 GiB, 98.7% done)
  STREAM: [#4a15f2 14GiB/15GiB(89%) CN:16 DL:583KiB ETA:48m29s]
  ARIA2: RUNNING (PID 282681)
  27B Model: 15.45 GiB / 15.65 GiB (98.7% complete)
  30B Model: 0.0 GiB / 18.5 GiB (0.0% complete)
  8B Model:  0 files staged
  DISK:      /dev/sda1       290G   52G  238G  18% /
----------------------------------------------------------------------------------------
[2026-10-07 21:10:51] [STAGE: 1/3: 27B Main Model (Huihui-Qwen3.8-27B-abliterated-Q4_K.gguf)]
  STATUS: Actively downloading 27B model chunks into /srv/nwa-model/models/main-27b/ (15.45 GiB / 15.65 GiB, 98.7% done)
  STREAM: [#4a15f2 14GiB/15GiB(89%) CN:16 DL:583KiB ETA:48m29s]
  ARIA2: RUNNING (PID 282681)
  27B Model: 15.45 GiB / 15.65 GiB (98.7% complete)
  30B Model: 0.0 GiB / 18.5 GiB (0.0% complete)
  8B Model:  0 files staged
  DISK:      /dev/sda1       290G   52G  238G  18% /
----------------------------------------------------------------------------------------
[2026-10-07 21:11:02] [STAGE: 1/3: 27B Main Model (Huihui-Qwen3.8-27B-abliterated-Q4_K.gguf)]
  STATUS: Actively downloading 27B model chunks into /srv/nwa-model/models/main-27b/ (15.46 GiB / 15.65 GiB, 98.7% done)
  STREAM: [#4a15f2 14GiB/15GiB(89%) CN:16 DL:583KiB ETA:48m29s]
  ARIA2: RUNNING (PID 282681)
  27B Model: 15.46 GiB / 15.65 GiB (98.7% complete)
  30B Model: 0.0 GiB / 18.5 GiB (0.0% complete)
  8B Model:  0 files staged
  DISK:      /dev/sda1       290G   52G  238G  18% /
----------------------------------------------------------------------------------------
[2026-10-07 21:11:16] [STAGE: 1/3: 27B Main Model (Huihui-Qwen3.8-27B-abliterated-Q4_K.gguf)]
  STATUS: Actively downloading 27B model chunks into /srv/nwa-model/models/main-27b/ (15.46 GiB / 15.65 GiB, 98.8% done)
  STREAM: [#4a15f2 14GiB/15GiB(89%) CN:16 DL:583KiB ETA:48m29s]
  ARIA2: RUNNING (PID 282681)
  27B Model: 15.46 GiB / 15.65 GiB (98.8% complete)
  30B Model: 0.0 GiB / 18.5 GiB (0.0% complete)
  8B Model:  0 files staged
  DISK:      /dev/sda1       290G   52G  238G  18% /
----------------------------------------------------------------------------------------
[2026-10-07 21:11:29] [STAGE: 1/3: 27B Main Model (Huihui-Qwen3.8-27B-abliterated-Q4_K.gguf)]
  STATUS: Actively downloading 27B model chunks into /srv/nwa-model/models/main-27b/ (15.48 GiB / 15.65 GiB, 98.8% done)
  STREAM: [#4a15f2 14GiB/15GiB(89%) CN:16 DL:583KiB ETA:48m29s]
  ARIA2: RUNNING (PID 282681)
  27B Model: 15.48 GiB / 15.65 GiB (98.8% complete)
  30B Model: 0.0 GiB / 18.5 GiB (0.0% complete)
  8B Model:  0 files staged
  DISK:      /dev/sda1       290G   52G  238G  18% /
----------------------------------------------------------------------------------------
[2026-10-07 21:11:41] [STAGE: 1/3: 27B Main Model (Huihui-Qwen3.8-27B-abliterated-Q4_K.gguf)]
  STATUS: Actively downloading 27B model chunks into /srv/nwa-model/models/main-27b/ (15.48 GiB / 15.65 GiB, 98.9% done)
  STREAM: [#4a15f2 14GiB/15GiB(89%) CN:16 DL:583KiB ETA:48m29s]
  ARIA2: RUNNING (PID 282681)
  27B Model: 15.48 GiB / 15.65 GiB (98.9% complete)
  30B Model: 0.0 GiB / 18.5 GiB (0.0% complete)
  8B Model:  0 files staged
  DISK:      /dev/sda1       290G   52G  238G  18% /
----------------------------------------------------------------------------------------
[2026-10-07 21:11:51] [STAGE: 1/3: 27B Main Model (Huihui-Qwen3.8-27B-abliterated-Q4_K.gguf)]
  STATUS: Actively downloading 27B model chunks into /srv/nwa-model/models/main-27b/ (15.48 GiB / 15.65 GiB, 98.9% done)
  STREAM: [#4a15f2 14GiB/15GiB(89%) CN:16 DL:583KiB ETA:48m29s]
  ARIA2: RUNNING (PID 282681)
  27B Model: 15.48 GiB / 15.65 GiB (98.9% complete)
  30B Model: 0.0 GiB / 18.5 GiB (0.0% complete)
  8B Model:  0 files staged
  DISK:      /dev/sda1       290G   52G  238G  18% /
----------------------------------------------------------------------------------------
[2026-10-07 21:12:02] [STAGE: 1/3: 27B Main Model (Huihui-Qwen3.8-27B-abliterated-Q4_K.gguf)]
  STATUS: Actively downloading 27B model chunks into /srv/nwa-model/models/main-27b/ (15.49 GiB / 15.65 GiB, 98.9% done)
  STREAM: [#4a15f2 14GiB/15GiB(89%) CN:16 DL:583KiB ETA:48m29s]
  ARIA2: RUNNING (PID 282681)
  27B Model: 15.49 GiB / 15.65 GiB (98.9% complete)
  30B Model: 0.0 GiB / 18.5 GiB (0.0% complete)
  8B Model:  0 files staged
  DISK:      /dev/sda1       290G   52G  238G  18% /
----------------------------------------------------------------------------------------
[2026-10-07 21:12:13] [STAGE: 1/3: 27B Main Model (Huihui-Qwen3.8-27B-abliterated-Q4_K.gguf)]
  STATUS: Actively downloading 27B model chunks into /srv/nwa-model/models/main-27b/ (15.49 GiB / 15.65 GiB, 99.0% done)
  STREAM: [#4a15f2 14GiB/15GiB(89%) CN:16 DL:583KiB ETA:48m29s]
  ARIA2: RUNNING (PID 282681)
  27B Model: 15.49 GiB / 15.65 GiB (99.0% complete)
  30B Model: 0.0 GiB / 18.5 GiB (0.0% complete)
  8B Model:  0 files staged
  DISK:      /dev/sda1       290G   52G  238G  18% /
----------------------------------------------------------------------------------------
[2026-10-07 21:12:24] [STAGE: 1/3: 27B Main Model (Huihui-Qwen3.8-27B-abliterated-Q4_K.gguf)]
  STATUS: Actively downloading 27B model chunks into /srv/nwa-model/models/main-27b/ (15.5 GiB / 15.65 GiB, 99.0% done)
  STREAM: [#4a15f2 14GiB/15GiB(89%) CN:16 DL:583KiB ETA:48m29s]
  ARIA2: RUNNING (PID 282681)
  27B Model: 15.5 GiB / 15.65 GiB (99.0% complete)
  30B Model: 0.0 GiB / 18.5 GiB (0.0% complete)
  8B Model:  0 files staged
  DISK:      /dev/sda1       290G   52G  238G  18% /
----------------------------------------------------------------------------------------
[2026-10-07 21:12:36] [STAGE: 1/3: 27B Main Model (Huihui-Qwen3.8-27B-abliterated-Q4_K.gguf)]
  STATUS: Actively downloading 27B model chunks into /srv/nwa-model/models/main-27b/ (15.51 GiB / 15.65 GiB, 99.1% done)
  STREAM: [#4a15f2 14GiB/15GiB(89%) CN:16 DL:583KiB ETA:48m29s]
  ARIA2: RUNNING (PID 282681)
  27B Model: 15.51 GiB / 15.65 GiB (99.1% complete)
  30B Model: 0.0 GiB / 18.5 GiB (0.0% complete)
  8B Model:  0 files staged
  DISK:      /dev/sda1       290G   53G  238G  18% /
----------------------------------------------------------------------------------------
[2026-10-07 21:12:47] [STAGE: 1/3: 27B Main Model (Huihui-Qwen3.8-27B-abliterated-Q4_K.gguf)]
  STATUS: Actively downloading 27B model chunks into /srv/nwa-model/models/main-27b/ (15.51 GiB / 15.65 GiB, 99.1% done)
  STREAM: [#4a15f2 14GiB/15GiB(89%) CN:16 DL:583KiB ETA:48m29s]
  ARIA2: RUNNING (PID 282681)
  27B Model: 15.51 GiB / 15.65 GiB (99.1% complete)
  30B Model: 0.0 GiB / 18.5 GiB (0.0% complete)
  8B Model:  0 files staged
  DISK:      /dev/sda1       290G   53G  238G  18% /
----------------------------------------------------------------------------------------
[2026-10-07 21:13:00] [STAGE: 1/3: 27B Main Model (Huihui-Qwen3.8-27B-abliterated-Q4_K.gguf)]
  STATUS: Actively downloading 27B model chunks into /srv/nwa-model/models/main-27b/ (15.52 GiB / 15.65 GiB, 99.1% done)
  STREAM: [#4a15f2 14GiB/15GiB(89%) CN:16 DL:583KiB ETA:48m29s]
  ARIA2: RUNNING (PID 282681)
  27B Model: 15.52 GiB / 15.65 GiB (99.1% complete)
  30B Model: 0.0 GiB / 18.5 GiB (0.0% complete)
  8B Model:  0 files staged
  DISK:      /dev/sda1       290G   53G  238G  18% /
----------------------------------------------------------------------------------------
[2026-10-07 21:13:13] [STAGE: 1/3: 27B Main Model (Huihui-Qwen3.8-27B-abliterated-Q4_K.gguf)]
  STATUS: Actively downloading 27B model chunks into /srv/nwa-model/models/main-27b/ (15.52 GiB / 15.65 GiB, 99.2% done)
  STREAM: [#4a15f2 14GiB/15GiB(89%) CN:16 DL:583KiB ETA:48m29s]
  ARIA2: RUNNING (PID 282681)
  27B Model: 15.52 GiB / 15.65 GiB (99.2% complete)
  30B Model: 0.0 GiB / 18.5 GiB (0.0% complete)
  8B Model:  0 files staged
  DISK:      /dev/sda1       290G   53G  238G  18% /
----------------------------------------------------------------------------------------
[2026-10-07 21:13:25] [STAGE: 1/3: 27B Main Model (Huihui-Qwen3.8-27B-abliterated-Q4_K.gguf)]
  STATUS: Actively downloading 27B model chunks into /srv/nwa-model/models/main-27b/ (15.53 GiB / 15.65 GiB, 99.2% done)
  STREAM: [#4a15f2 14GiB/15GiB(89%) CN:16 DL:583KiB ETA:48m29s]
  ARIA2: RUNNING (PID 282681)
  27B Model: 15.53 GiB / 15.65 GiB (99.2% complete)
  30B Model: 0.0 GiB / 18.5 GiB (0.0% complete)
  8B Model:  0 files staged
  DISK:      /dev/sda1       290G   53G  238G  18% /
----------------------------------------------------------------------------------------
[2026-10-07 21:13:37] [STAGE: 1/3: 27B Main Model (Huihui-Qwen3.8-27B-abliterated-Q4_K.gguf)]
  STATUS: Actively downloading 27B model chunks into /srv/nwa-model/models/main-27b/ (15.54 GiB / 15.65 GiB, 99.3% done)
  STREAM: [#4a15f2 14GiB/15GiB(89%) CN:16 DL:583KiB ETA:48m29s]
  ARIA2: RUNNING (PID 282681)
  27B Model: 15.54 GiB / 15.65 GiB (99.3% complete)
  30B Model: 0.0 GiB / 18.5 GiB (0.0% complete)
  8B Model:  0 files staged
  DISK:      /dev/sda1       290G   53G  238G  18% /
----------------------------------------------------------------------------------------
[2026-10-07 21:13:48] [STAGE: 1/3: 27B Main Model (Huihui-Qwen3.8-27B-abliterated-Q4_K.gguf)]
  STATUS: Actively downloading 27B model chunks into /srv/nwa-model/models/main-27b/ (15.54 GiB / 15.65 GiB, 99.3% done)
  STREAM: [#4a15f2 14GiB/15GiB(89%) CN:16 DL:583KiB ETA:48m29s]
  ARIA2: RUNNING (PID 282681)
  27B Model: 15.54 GiB / 15.65 GiB (99.3% complete)
  30B Model: 0.0 GiB / 18.5 GiB (0.0% complete)
  8B Model:  0 files staged
  DISK:      /dev/sda1       290G   53G  238G  18% /
----------------------------------------------------------------------------------------
[2026-10-07 21:13:59] [STAGE: 1/3: 27B Main Model (Huihui-Qwen3.8-27B-abliterated-Q4_K.gguf)]
  STATUS: Actively downloading 27B model chunks into /srv/nwa-model/models/main-27b/ (15.55 GiB / 15.65 GiB, 99.3% done)
  STREAM: [#4a15f2 14GiB/15GiB(89%) CN:16 DL:583KiB ETA:48m29s]
  ARIA2: RUNNING (PID 282681)
  27B Model: 15.55 GiB / 15.65 GiB (99.3% complete)
  30B Model: 0.0 GiB / 18.5 GiB (0.0% complete)
  8B Model:  0 files staged
  DISK:      /dev/sda1       290G   53G  238G  18% /
----------------------------------------------------------------------------------------
[2026-10-07 21:14:11] [STAGE: 1/3: 27B Main Model (Huihui-Qwen3.8-27B-abliterated-Q4_K.gguf)]
  STATUS: Actively downloading 27B model chunks into /srv/nwa-model/models/main-27b/ (15.56 GiB / 15.65 GiB, 99.4% done)
  STREAM: [#4a15f2 14GiB/15GiB(89%) CN:16 DL:583KiB ETA:48m29s]
  ARIA2: RUNNING (PID 282681)
  27B Model: 15.56 GiB / 15.65 GiB (99.4% complete)
  30B Model: 0.0 GiB / 18.5 GiB (0.0% complete)
  8B Model:  0 files staged
  DISK:      /dev/sda1       290G   53G  238G  18% /
----------------------------------------------------------------------------------------
[2026-10-07 21:14:25] [STAGE: 1/3: 27B Main Model (Huihui-Qwen3.8-27B-abliterated-Q4_K.gguf)]
  STATUS: Actively downloading 27B model chunks into /srv/nwa-model/models/main-27b/ (15.56 GiB / 15.65 GiB, 99.4% done)
  STREAM: [#4a15f2 14GiB/15GiB(89%) CN:16 DL:583KiB ETA:48m29s]
  ARIA2: RUNNING (PID 282681)
  27B Model: 15.56 GiB / 15.65 GiB (99.4% complete)
  30B Model: 0.0 GiB / 18.5 GiB (0.0% complete)
  8B Model:  0 files staged
  DISK:      /dev/sda1       290G   53G  238G  18% /
----------------------------------------------------------------------------------------
[2026-10-07 21:14:36] [STAGE: 1/3: 27B Main Model (Huihui-Qwen3.8-27B-abliterated-Q4_K.gguf)]
  STATUS: Actively downloading 27B model chunks into /srv/nwa-model/models/main-27b/ (15.57 GiB / 15.65 GiB, 99.5% done)
  STREAM: [#4a15f2 14GiB/15GiB(89%) CN:16 DL:583KiB ETA:48m29s]
  ARIA2: RUNNING (PID 282681)
  27B Model: 15.57 GiB / 15.65 GiB (99.5% complete)
  30B Model: 0.0 GiB / 18.5 GiB (0.0% complete)
  8B Model:  0 files staged
  DISK:      /dev/sda1       290G   53G  238G  18% /
----------------------------------------------------------------------------------------
[2026-10-07 21:14:47] [STAGE: 1/3: 27B Main Model (Huihui-Qwen3.8-27B-abliterated-Q4_K.gguf)]
  STATUS: Actively downloading 27B model chunks into /srv/nwa-model/models/main-27b/ (15.57 GiB / 15.65 GiB, 99.5% done)
  STREAM: [#4a15f2 14GiB/15GiB(89%) CN:16 DL:583KiB ETA:48m29s]
  ARIA2: RUNNING (PID 282681)
  27B Model: 15.57 GiB / 15.65 GiB (99.5% complete)
  30B Model: 0.0 GiB / 18.5 GiB (0.0% complete)
  8B Model:  0 files staged
  DISK:      /dev/sda1       290G   53G  238G  18% /
----------------------------------------------------------------------------------------
[2026-10-07 21:14:59] [STAGE: 1/3: 27B Main Model (Huihui-Qwen3.8-27B-abliterated-Q4_K.gguf)]
  STATUS: Actively downloading 27B model chunks into /srv/nwa-model/models/main-27b/ (15.58 GiB / 15.65 GiB, 99.5% done)
  STREAM: [#4a15f2 14GiB/15GiB(89%) CN:16 DL:583KiB ETA:48m29s]
  ARIA2: RUNNING (PID 282681)
  27B Model: 15.58 GiB / 15.65 GiB (99.5% complete)
  30B Model: 0.0 GiB / 18.5 GiB (0.0% complete)
  8B Model:  0 files staged
  DISK:      /dev/sda1       290G   53G  238G  18% /
----------------------------------------------------------------------------------------
[2026-10-07 21:15:12] [STAGE: 1/3: 27B Main Model (Huihui-Qwen3.8-27B-abliterated-Q4_K.gguf)]
  STATUS: Actively downloading 27B model chunks into /srv/nwa-model/models/main-27b/ (15.59 GiB / 15.65 GiB, 99.6% done)
  STREAM: [#4a15f2 14GiB/15GiB(89%) CN:16 DL:583KiB ETA:48m29s]
  ARIA2: RUNNING (PID 282681)
  27B Model: 15.59 GiB / 15.65 GiB (99.6% complete)
  30B Model: 0.0 GiB / 18.5 GiB (0.0% complete)
  8B Model:  0 files staged
  DISK:      /dev/sda1       290G   53G  238G  18% /
----------------------------------------------------------------------------------------
[2026-10-07 21:15:28] [STAGE: 1/3: 27B Main Model (Huihui-Qwen3.8-27B-abliterated-Q4_K.gguf)]
  STATUS: Actively downloading 27B model chunks into /srv/nwa-model/models/main-27b/ (15.6 GiB / 15.65 GiB, 99.6% done)
  STREAM: [#4a15f2 14GiB/15GiB(89%) CN:16 DL:583KiB ETA:48m29s]
  ARIA2: RUNNING (PID 282681)
  27B Model: 15.6 GiB / 15.65 GiB (99.6% complete)
  30B Model: 0.0 GiB / 18.5 GiB (0.0% complete)
  8B Model:  0 files staged
  DISK:      /dev/sda1       290G   53G  238G  18% /
----------------------------------------------------------------------------------------
[2026-10-07 21:15:40] [STAGE: 1/3: 27B Main Model (Huihui-Qwen3.8-27B-abliterated-Q4_K.gguf)]
  STATUS: Actively downloading 27B model chunks into /srv/nwa-model/models/main-27b/ (15.6 GiB / 15.65 GiB, 99.6% done)
  STREAM: [#4a15f2 14GiB/15GiB(89%) CN:16 DL:583KiB ETA:48m29s]
  ARIA2: RUNNING (PID 282681)
  27B Model: 15.6 GiB / 15.65 GiB (99.6% complete)
  30B Model: 0.0 GiB / 18.5 GiB (0.0% complete)
  8B Model:  0 files staged
  DISK:      /dev/sda1       290G   53G  238G  18% /
----------------------------------------------------------------------------------------
[2026-10-07 21:15:53] [STAGE: 1/3: 27B Main Model (Huihui-Qwen3.8-27B-abliterated-Q4_K.gguf)]
  STATUS: Actively downloading 27B model chunks into /srv/nwa-model/models/main-27b/ (15.61 GiB / 15.65 GiB, 99.7% done)
  STREAM: [#4a15f2 14GiB/15GiB(89%) CN:16 DL:583KiB ETA:48m29s]
  ARIA2: RUNNING (PID 282681)
  27B Model: 15.61 GiB / 15.65 GiB (99.7% complete)
  30B Model: 0.0 GiB / 18.5 GiB (0.0% complete)
  8B Model:  0 files staged
  DISK:      /dev/sda1       290G   53G  238G  18% /
----------------------------------------------------------------------------------------
[2026-10-07 21:16:05] [STAGE: 1/3: 27B Main Model (Huihui-Qwen3.8-27B-abliterated-Q4_K.gguf)]
  STATUS: Actively downloading 27B model chunks into /srv/nwa-model/models/main-27b/ (15.61 GiB / 15.65 GiB, 99.7% done)
  STREAM: [#4a15f2 14GiB/15GiB(89%) CN:16 DL:583KiB ETA:48m29s]
  ARIA2: RUNNING (PID 282681)
  27B Model: 15.61 GiB / 15.65 GiB (99.7% complete)
  30B Model: 0.0 GiB / 18.5 GiB (0.0% complete)
  8B Model:  0 files staged
  DISK:      /dev/sda1       290G   53G  238G  18% /
----------------------------------------------------------------------------------------
[2026-10-07 21:16:15] [STAGE: 1/3: 27B Main Model (Huihui-Qwen3.8-27B-abliterated-Q4_K.gguf)]
  STATUS: Actively downloading 27B model chunks into /srv/nwa-model/models/main-27b/ (15.61 GiB / 15.65 GiB, 99.7% done)
  STREAM: [#4a15f2 14GiB/15GiB(89%) CN:16 DL:583KiB ETA:48m29s]
  ARIA2: RUNNING (PID 282681)
  27B Model: 15.61 GiB / 15.65 GiB (99.7% complete)
  30B Model: 0.0 GiB / 18.5 GiB (0.0% complete)
  8B Model:  0 files staged
  DISK:      /dev/sda1       290G   53G  238G  18% /
----------------------------------------------------------------------------------------
[2026-10-07 21:16:27] [STAGE: 1/3: 27B Main Model (Huihui-Qwen3.8-27B-abliterated-Q4_K.gguf)]
  STATUS: Actively downloading 27B model chunks into /srv/nwa-model/models/main-27b/ (15.62 GiB / 15.65 GiB, 99.8% done)
  STREAM: [#4a15f2 14GiB/15GiB(89%) CN:16 DL:583KiB ETA:48m29s]
  ARIA2: RUNNING (PID 282681)
  27B Model: 15.62 GiB / 15.65 GiB (99.8% complete)
  30B Model: 0.0 GiB / 18.5 GiB (0.0% complete)
  8B Model:  0 files staged
  DISK:      /dev/sda1       290G   53G  238G  19% /
----------------------------------------------------------------------------------------
[2026-10-07 21:16:39] [STAGE: 1/3: 27B Main Model (Huihui-Qwen3.8-27B-abliterated-Q4_K.gguf)]
  STATUS: Actively downloading 27B model chunks into /srv/nwa-model/models/main-27b/ (15.63 GiB / 15.65 GiB, 99.8% done)
  STREAM: [#4a15f2 14GiB/15GiB(89%) CN:16 DL:583KiB ETA:48m29s]
  ARIA2: RUNNING (PID 282681)
  27B Model: 15.63 GiB / 15.65 GiB (99.8% complete)
  30B Model: 0.0 GiB / 18.5 GiB (0.0% complete)
  8B Model:  0 files staged
  DISK:      /dev/sda1       290G   53G  238G  19% /
----------------------------------------------------------------------------------------
[2026-10-07 21:16:51] [STAGE: 1/3: 27B Main Model (Huihui-Qwen3.8-27B-abliterated-Q4_K.gguf)]
  STATUS: Actively downloading 27B model chunks into /srv/nwa-model/models/main-27b/ (15.63 GiB / 15.65 GiB, 99.8% done)
  STREAM: [#4a15f2 14GiB/15GiB(89%) CN:16 DL:583KiB ETA:48m29s]
  ARIA2: RUNNING (PID 282681)
  27B Model: 15.63 GiB / 15.65 GiB (99.8% complete)
  30B Model: 0.0 GiB / 18.5 GiB (0.0% complete)
  8B Model:  0 files staged
  DISK:      /dev/sda1       290G   53G  238G  19% /
----------------------------------------------------------------------------------------
[2026-10-07 21:17:02] [STAGE: 1/3: 27B Main Model (Huihui-Qwen3.8-27B-abliterated-Q4_K.gguf)]
  STATUS: Actively downloading 27B model chunks into /srv/nwa-model/models/main-27b/ (15.64 GiB / 15.65 GiB, 99.9% done)
  STREAM: [#4a15f2 14GiB/15GiB(89%) CN:16 DL:583KiB ETA:48m29s]
  ARIA2: RUNNING (PID 282681)
  27B Model: 15.64 GiB / 15.65 GiB (99.9% complete)
  30B Model: 0.0 GiB / 18.5 GiB (0.0% complete)
  8B Model:  0 files staged
  DISK:      /dev/sda1       290G   53G  238G  19% /
----------------------------------------------------------------------------------------
[2026-10-07 21:17:20] [STAGE: 1/3: 27B Main Model (Huihui-Qwen3.8-27B-abliterated-Q4_K.gguf)]
  STATUS: Actively downloading 27B model chunks into /srv/nwa-model/models/main-27b/ (15.64 GiB / 15.65 GiB, 99.9% done)
  STREAM: [#4a15f2 14GiB/15GiB(89%) CN:16 DL:583KiB ETA:48m29s]
  ARIA2: RUNNING (PID 282681)
  27B Model: 15.64 GiB / 15.65 GiB (99.9% complete)
  30B Model: 0.0 GiB / 18.5 GiB (0.0% complete)
  8B Model:  0 files staged
  DISK:      /dev/sda1       290G   53G  238G  19% /
----------------------------------------------------------------------------------------
[2026-10-07 21:17:31] [STAGE: 1/3: 27B Main Model (Huihui-Qwen3.8-27B-abliterated-Q4_K.gguf)]
  STATUS: Actively downloading 27B model chunks into /srv/nwa-model/models/main-27b/ (15.65 GiB / 15.65 GiB, 100.0% done)
  STREAM: [#4a15f2 14GiB/15GiB(89%) CN:16 DL:583KiB ETA:48m29s]
  ARIA2: RUNNING (PID 282681)
  27B Model: 15.65 GiB / 15.65 GiB (100.0% complete)
  30B Model: 0.0 GiB / 18.5 GiB (0.0% complete)
  8B Model:  0 files staged
  DISK:      /dev/sda1       290G   53G  238G  19% /
----------------------------------------------------------------------------------------
[2026-10-07 21:17:45] [STAGE: 1/3: 27B Main Model (Huihui-Qwen3.8-27B-abliterated-Q4_K.gguf)]
  STATUS: Actively downloading 27B model chunks into /srv/nwa-model/models/main-27b/ (15.66 GiB / 15.65 GiB, 100.0% done)
  STREAM: [#4a15f2 14GiB/15GiB(89%) CN:16 DL:583KiB ETA:48m29s]
  ARIA2: RUNNING (PID 282681)
  27B Model: 15.66 GiB / 15.65 GiB (100.0% complete)
  30B Model: 0.0 GiB / 18.5 GiB (0.0% complete)
  8B Model:  0 files staged
  DISK:      /dev/sda1       290G   53G  238G  19% /
----------------------------------------------------------------------------------------
[2026-10-07 21:17:59] [STAGE: 2/3: 30B Coding Model (Huihui-Qwen3-Coder-30B-A3B-Instruct-abliterated.Q4_K_M.gguf)]
  STATUS: Actively downloading 30B coding model chunks into /srv/nwa-model/models/coder-30b/ (0.0 GiB / 18.5 GiB, 0.0% done)
  STREAM: [#4a15f2 14GiB/15GiB(89%) CN:16 DL:583KiB ETA:48m29s]
  ARIA2: RUNNING (PID 295527)
  27B Model: 15.66 GiB / 15.65 GiB (100.0% complete)
  30B Model: 0.0 GiB / 18.5 GiB (0.0% complete)
  8B Model:  0 files staged
  DISK:      /dev/sda1       290G   53G  238G  19% /
----------------------------------------------------------------------------------------
[2026-10-07 21:18:15] [STAGE: 2/3: 30B Coding Model (Huihui-Qwen3-Coder-30B-A3B-Instruct-abliterated.Q4_K_M.gguf)]
  STATUS: Actively downloading 30B coding model chunks into /srv/nwa-model/models/coder-30b/ (0.01 GiB / 18.5 GiB, 0.0% done)
  STREAM: [#4a15f2 14GiB/15GiB(89%) CN:16 DL:583KiB ETA:48m29s]
  ARIA2: RUNNING (PID 295527)
  27B Model: 15.66 GiB / 15.65 GiB (100.0% complete)
  30B Model: 0.01 GiB / 18.5 GiB (0.0% complete)
  8B Model:  0 files staged
  DISK:      /dev/sda1       290G   53G  238G  19% /
----------------------------------------------------------------------------------------
[2026-10-07 21:18:35] [STAGE: 2/3: 30B Coding Model (Huihui-Qwen3-Coder-30B-A3B-Instruct-abliterated.Q4_K_M.gguf)]
  STATUS: Actively downloading 30B coding model chunks into /srv/nwa-model/models/coder-30b/ (0.02 GiB / 18.5 GiB, 0.1% done)
  STREAM: [#4a15f2 14GiB/15GiB(89%) CN:16 DL:583KiB ETA:48m29s]
  ARIA2: RUNNING (PID 295527)
  27B Model: 15.66 GiB / 15.65 GiB (100.0% complete)
  30B Model: 0.02 GiB / 18.5 GiB (0.1% complete)
  8B Model:  0 files staged
  DISK:      /dev/sda1       290G   53G  238G  19% /
----------------------------------------------------------------------------------------
[2026-10-07 21:18:46] [STAGE: 2/3: 30B Coding Model (Huihui-Qwen3-Coder-30B-A3B-Instruct-abliterated.Q4_K_M.gguf)]
  STATUS: Actively downloading 30B coding model chunks into /srv/nwa-model/models/coder-30b/ (0.02 GiB / 18.5 GiB, 0.1% done)
  STREAM: [#4a15f2 14GiB/15GiB(89%) CN:16 DL:583KiB ETA:48m29s]
  ARIA2: RUNNING (PID 295527)
  27B Model: 15.66 GiB / 15.65 GiB (100.0% complete)
  30B Model: 0.02 GiB / 18.5 GiB (0.1% complete)
  8B Model:  0 files staged
  DISK:      /dev/sda1       290G   53G  238G  19% /
----------------------------------------------------------------------------------------
[2026-10-07 21:18:59] [STAGE: 2/3: 30B Coding Model (Huihui-Qwen3-Coder-30B-A3B-Instruct-abliterated.Q4_K_M.gguf)]
  STATUS: Actively downloading 30B coding model chunks into /srv/nwa-model/models/coder-30b/ (0.03 GiB / 18.5 GiB, 0.2% done)
  STREAM: [#4a15f2 14GiB/15GiB(89%) CN:16 DL:583KiB ETA:48m29s]
  ARIA2: RUNNING (PID 295527)
  27B Model: 15.66 GiB / 15.65 GiB (100.0% complete)
  30B Model: 0.03 GiB / 18.5 GiB (0.2% complete)
  8B Model:  0 files staged
  DISK:      /dev/sda1       290G   53G  238G  19% /
----------------------------------------------------------------------------------------
[2026-10-07 21:19:11] [STAGE: 2/3: 30B Coding Model (Huihui-Qwen3-Coder-30B-A3B-Instruct-abliterated.Q4_K_M.gguf)]
  STATUS: Actively downloading 30B coding model chunks into /srv/nwa-model/models/coder-30b/ (0.04 GiB / 18.5 GiB, 0.2% done)
  STREAM: [#4a15f2 14GiB/15GiB(89%) CN:16 DL:583KiB ETA:48m29s]
  ARIA2: RUNNING (PID 295527)
  27B Model: 15.66 GiB / 15.65 GiB (100.0% complete)
  30B Model: 0.04 GiB / 18.5 GiB (0.2% complete)
  8B Model:  0 files staged
  DISK:      /dev/sda1       290G   53G  238G  19% /
----------------------------------------------------------------------------------------
[2026-10-07 21:19:22] [STAGE: 2/3: 30B Coding Model (Huihui-Qwen3-Coder-30B-A3B-Instruct-abliterated.Q4_K_M.gguf)]
  STATUS: Actively downloading 30B coding model chunks into /srv/nwa-model/models/coder-30b/ (0.04 GiB / 18.5 GiB, 0.2% done)
  STREAM: [#4a15f2 14GiB/15GiB(89%) CN:16 DL:583KiB ETA:48m29s]
  ARIA2: RUNNING (PID 295527)
  27B Model: 15.66 GiB / 15.65 GiB (100.0% complete)
  30B Model: 0.04 GiB / 18.5 GiB (0.2% complete)
  8B Model:  0 files staged
  DISK:      /dev/sda1       290G   53G  238G  19% /
----------------------------------------------------------------------------------------
[2026-10-07 21:19:34] [STAGE: 2/3: 30B Coding Model (Huihui-Qwen3-Coder-30B-A3B-Instruct-abliterated.Q4_K_M.gguf)]
  STATUS: Actively downloading 30B coding model chunks into /srv/nwa-model/models/coder-30b/ (0.05 GiB / 18.5 GiB, 0.2% done)
  STREAM: [#4a15f2 14GiB/15GiB(89%) CN:16 DL:583KiB ETA:48m29s]
  ARIA2: RUNNING (PID 295527)
  27B Model: 15.66 GiB / 15.65 GiB (100.0% complete)
  30B Model: 0.05 GiB / 18.5 GiB (0.2% complete)
  8B Model:  0 files staged
  DISK:      /dev/sda1       290G   53G  238G  19% /
----------------------------------------------------------------------------------------
[2026-10-07 21:19:45] [STAGE: 2/3: 30B Coding Model (Huihui-Qwen3-Coder-30B-A3B-Instruct-abliterated.Q4_K_M.gguf)]
  STATUS: Actively downloading 30B coding model chunks into /srv/nwa-model/models/coder-30b/ (0.05 GiB / 18.5 GiB, 0.3% done)
  STREAM: [#4a15f2 14GiB/15GiB(89%) CN:16 DL:583KiB ETA:48m29s]
  ARIA2: RUNNING (PID 295527)
  27B Model: 15.66 GiB / 15.65 GiB (100.0% complete)
  30B Model: 0.05 GiB / 18.5 GiB (0.3% complete)
  8B Model:  0 files staged
  DISK:      /dev/sda1       290G   53G  238G  19% /
----------------------------------------------------------------------------------------
[2026-10-07 21:19:57] [STAGE: 2/3: 30B Coding Model (Huihui-Qwen3-Coder-30B-A3B-Instruct-abliterated.Q4_K_M.gguf)]
  STATUS: Actively downloading 30B coding model chunks into /srv/nwa-model/models/coder-30b/ (0.07 GiB / 18.5 GiB, 0.4% done)
  STREAM: [#4a15f2 14GiB/15GiB(89%) CN:16 DL:583KiB ETA:48m29s]
  ARIA2: RUNNING (PID 295527)
  27B Model: 15.66 GiB / 15.65 GiB (100.0% complete)
  30B Model: 0.07 GiB / 18.5 GiB (0.4% complete)
  8B Model:  0 files staged
  DISK:      /dev/sda1       290G   53G  238G  19% /
----------------------------------------------------------------------------------------
[2026-10-07 21:20:08] [STAGE: 2/3: 30B Coding Model (Huihui-Qwen3-Coder-30B-A3B-Instruct-abliterated.Q4_K_M.gguf)]
  STATUS: Actively downloading 30B coding model chunks into /srv/nwa-model/models/coder-30b/ (0.07 GiB / 18.5 GiB, 0.4% done)
  STREAM: [#4a15f2 14GiB/15GiB(89%) CN:16 DL:583KiB ETA:48m29s]
  ARIA2: RUNNING (PID 295527)
  27B Model: 15.66 GiB / 15.65 GiB (100.0% complete)
  30B Model: 0.07 GiB / 18.5 GiB (0.4% complete)
  8B Model:  0 files staged
  DISK:      /dev/sda1       290G   53G  238G  19% /
----------------------------------------------------------------------------------------
[2026-10-07 21:20:23] [STAGE: 2/3: 30B Coding Model (Huihui-Qwen3-Coder-30B-A3B-Instruct-abliterated.Q4_K_M.gguf)]
  STATUS: Actively downloading 30B coding model chunks into /srv/nwa-model/models/coder-30b/ (0.07 GiB / 18.5 GiB, 0.4% done)
  STREAM: [#4a15f2 14GiB/15GiB(89%) CN:16 DL:583KiB ETA:48m29s]
  ARIA2: RUNNING (PID 295527)
  27B Model: 15.66 GiB / 15.65 GiB (100.0% complete)
  30B Model: 0.07 GiB / 18.5 GiB (0.4% complete)
  8B Model:  0 files staged
  DISK:      /dev/sda1       290G   53G  238G  19% /
----------------------------------------------------------------------------------------
[2026-10-07 21:20:35] [STAGE: 2/3: 30B Coding Model (Huihui-Qwen3-Coder-30B-A3B-Instruct-abliterated.Q4_K_M.gguf)]
  STATUS: Actively downloading 30B coding model chunks into /srv/nwa-model/models/coder-30b/ (0.08 GiB / 18.5 GiB, 0.4% done)
  STREAM: [#4a15f2 14GiB/15GiB(89%) CN:16 DL:583KiB ETA:48m29s]
  ARIA2: RUNNING (PID 295527)
  27B Model: 15.66 GiB / 15.65 GiB (100.0% complete)
  30B Model: 0.08 GiB / 18.5 GiB (0.4% complete)
  8B Model:  0 files staged
  DISK:      /dev/sda1       290G   53G  238G  19% /
----------------------------------------------------------------------------------------
[2026-10-07 21:20:46] [STAGE: 2/3: 30B Coding Model (Huihui-Qwen3-Coder-30B-A3B-Instruct-abliterated.Q4_K_M.gguf)]
  STATUS: Actively downloading 30B coding model chunks into /srv/nwa-model/models/coder-30b/ (0.09 GiB / 18.5 GiB, 0.5% done)
  STREAM: [#4a15f2 14GiB/15GiB(89%) CN:16 DL:583KiB ETA:48m29s]
  ARIA2: RUNNING (PID 295527)
  27B Model: 15.66 GiB / 15.65 GiB (100.0% complete)
  30B Model: 0.09 GiB / 18.5 GiB (0.5% complete)
  8B Model:  0 files staged
  DISK:      /dev/sda1       290G   53G  238G  19% /
----------------------------------------------------------------------------------------
[2026-10-07 21:20:57] [STAGE: 2/3: 30B Coding Model (Huihui-Qwen3-Coder-30B-A3B-Instruct-abliterated.Q4_K_M.gguf)]
  STATUS: Actively downloading 30B coding model chunks into /srv/nwa-model/models/coder-30b/ (0.1 GiB / 18.5 GiB, 0.5% done)
  STREAM: [#4a15f2 14GiB/15GiB(89%) CN:16 DL:583KiB ETA:48m29s]
  ARIA2: RUNNING (PID 295527)
  27B Model: 15.66 GiB / 15.65 GiB (100.0% complete)
  30B Model: 0.1 GiB / 18.5 GiB (0.5% complete)
  8B Model:  0 files staged
  DISK:      /dev/sda1       290G   53G  238G  19% /
----------------------------------------------------------------------------------------
[2026-10-07 21:21:08] [STAGE: 2/3: 30B Coding Model (Huihui-Qwen3-Coder-30B-A3B-Instruct-abliterated.Q4_K_M.gguf)]
  STATUS: Actively downloading 30B coding model chunks into /srv/nwa-model/models/coder-30b/ (0.1 GiB / 18.5 GiB, 0.5% done)
  STREAM: [#4a15f2 14GiB/15GiB(89%) CN:16 DL:583KiB ETA:48m29s]
  ARIA2: RUNNING (PID 295527)
  27B Model: 15.66 GiB / 15.65 GiB (100.0% complete)
  30B Model: 0.1 GiB / 18.5 GiB (0.5% complete)
  8B Model:  0 files staged
  DISK:      /dev/sda1       290G   53G  238G  19% /
----------------------------------------------------------------------------------------
[2026-10-07 21:21:20] [STAGE: 2/3: 30B Coding Model (Huihui-Qwen3-Coder-30B-A3B-Instruct-abliterated.Q4_K_M.gguf)]
  STATUS: Actively downloading 30B coding model chunks into /srv/nwa-model/models/coder-30b/ (0.11 GiB / 18.5 GiB, 0.6% done)
  STREAM: [#4a15f2 14GiB/15GiB(89%) CN:16 DL:583KiB ETA:48m29s]
  ARIA2: RUNNING (PID 295527)
  27B Model: 15.66 GiB / 15.65 GiB (100.0% complete)
  30B Model: 0.11 GiB / 18.5 GiB (0.6% complete)
  8B Model:  0 files staged
  DISK:      /dev/sda1       290G   53G  238G  19% /
----------------------------------------------------------------------------------------
[2026-10-07 21:21:40] [STAGE: 2/3: 30B Coding Model (Huihui-Qwen3-Coder-30B-A3B-Instruct-abliterated.Q4_K_M.gguf)]
  STATUS: Actively downloading 30B coding model chunks into /srv/nwa-model/models/coder-30b/ (0.12 GiB / 18.5 GiB, 0.6% done)
  STREAM: [#4a15f2 14GiB/15GiB(89%) CN:16 DL:583KiB ETA:48m29s]
  ARIA2: RUNNING (PID 295527)
  27B Model: 15.66 GiB / 15.65 GiB (100.0% complete)
  30B Model: 0.12 GiB / 18.5 GiB (0.6% complete)
  8B Model:  0 files staged
  DISK:      /dev/sda1       290G   53G  238G  19% /
----------------------------------------------------------------------------------------
[2026-10-07 21:21:53] [STAGE: 2/3: 30B Coding Model (Huihui-Qwen3-Coder-30B-A3B-Instruct-abliterated.Q4_K_M.gguf)]
  STATUS: Actively downloading 30B coding model chunks into /srv/nwa-model/models/coder-30b/ (0.12 GiB / 18.5 GiB, 0.7% done)
  STREAM: [#4a15f2 14GiB/15GiB(89%) CN:16 DL:583KiB ETA:48m29s]
  ARIA2: RUNNING (PID 295527)
  27B Model: 15.66 GiB / 15.65 GiB (100.0% complete)
  30B Model: 0.12 GiB / 18.5 GiB (0.7% complete)
  8B Model:  0 files staged
  DISK:      /dev/sda1       290G   53G  238G  19% /
----------------------------------------------------------------------------------------
[2026-10-07 21:22:05] [STAGE: 2/3: 30B Coding Model (Huihui-Qwen3-Coder-30B-A3B-Instruct-abliterated.Q4_K_M.gguf)]
  STATUS: Actively downloading 30B coding model chunks into /srv/nwa-model/models/coder-30b/ (0.13 GiB / 18.5 GiB, 0.7% done)
  STREAM: [#4a15f2 14GiB/15GiB(89%) CN:16 DL:583KiB ETA:48m29s]
  ARIA2: RUNNING (PID 295527)
  27B Model: 15.66 GiB / 15.65 GiB (100.0% complete)
  30B Model: 0.13 GiB / 18.5 GiB (0.7% complete)
  8B Model:  0 files staged
  DISK:      /dev/sda1       290G   53G  238G  19% /
----------------------------------------------------------------------------------------
[2026-10-07 21:22:17] [STAGE: 2/3: 30B Coding Model (Huihui-Qwen3-Coder-30B-A3B-Instruct-abliterated.Q4_K_M.gguf)]
  STATUS: Actively downloading 30B coding model chunks into /srv/nwa-model/models/coder-30b/ (0.14 GiB / 18.5 GiB, 0.8% done)
  STREAM: [#4a15f2 14GiB/15GiB(89%) CN:16 DL:583KiB ETA:48m29s]
  ARIA2: RUNNING (PID 295527)
  27B Model: 15.66 GiB / 15.65 GiB (100.0% complete)
  30B Model: 0.14 GiB / 18.5 GiB (0.8% complete)
  8B Model:  0 files staged
  DISK:      /dev/sda1       290G   53G  238G  19% /
----------------------------------------------------------------------------------------
[2026-10-07 21:22:28] [STAGE: 2/3: 30B Coding Model (Huihui-Qwen3-Coder-30B-A3B-Instruct-abliterated.Q4_K_M.gguf)]
  STATUS: Actively downloading 30B coding model chunks into /srv/nwa-model/models/coder-30b/ (0.14 GiB / 18.5 GiB, 0.8% done)
  STREAM: [#4a15f2 14GiB/15GiB(89%) CN:16 DL:583KiB ETA:48m29s]
  ARIA2: RUNNING (PID 295527)
  27B Model: 15.66 GiB / 15.65 GiB (100.0% complete)
  30B Model: 0.14 GiB / 18.5 GiB (0.8% complete)
  8B Model:  0 files staged
  DISK:      /dev/sda1       290G   53G  238G  19% /
----------------------------------------------------------------------------------------
[2026-10-07 21:22:41] [STAGE: 2/3: 30B Coding Model (Huihui-Qwen3-Coder-30B-A3B-Instruct-abliterated.Q4_K_M.gguf)]
  STATUS: Actively downloading 30B coding model chunks into /srv/nwa-model/models/coder-30b/ (0.15 GiB / 18.5 GiB, 0.8% done)
  STREAM: [#4a15f2 14GiB/15GiB(89%) CN:16 DL:583KiB ETA:48m29s]
  ARIA2: RUNNING (PID 295527)
  27B Model: 15.66 GiB / 15.65 GiB (100.0% complete)
  30B Model: 0.15 GiB / 18.5 GiB (0.8% complete)
  8B Model:  0 files staged
  DISK:      /dev/sda1       290G   53G  238G  19% /
----------------------------------------------------------------------------------------
[2026-10-07 21:22:53] [STAGE: 2/3: 30B Coding Model (Huihui-Qwen3-Coder-30B-A3B-Instruct-abliterated.Q4_K_M.gguf)]
  STATUS: Actively downloading 30B coding model chunks into /srv/nwa-model/models/coder-30b/ (0.16 GiB / 18.5 GiB, 0.8% done)
  STREAM: [#4a15f2 14GiB/15GiB(89%) CN:16 DL:583KiB ETA:48m29s]
  ARIA2: RUNNING (PID 295527)
  27B Model: 15.66 GiB / 15.65 GiB (100.0% complete)
  30B Model: 0.16 GiB / 18.5 GiB (0.8% complete)
  8B Model:  0 files staged
  DISK:      /dev/sda1       290G   53G  238G  19% /
----------------------------------------------------------------------------------------
[2026-10-07 21:23:04] [STAGE: 2/3: 30B Coding Model (Huihui-Qwen3-Coder-30B-A3B-Instruct-abliterated.Q4_K_M.gguf)]
  STATUS: Actively downloading 30B coding model chunks into /srv/nwa-model/models/coder-30b/ (0.17 GiB / 18.5 GiB, 0.9% done)
  STREAM: [#4a15f2 14GiB/15GiB(89%) CN:16 DL:583KiB ETA:48m29s]
  ARIA2: RUNNING (PID 295527)
  27B Model: 15.66 GiB / 15.65 GiB (100.0% complete)
  30B Model: 0.17 GiB / 18.5 GiB (0.9% complete)
  8B Model:  0 files staged
  DISK:      /dev/sda1       290G   53G  238G  19% /
----------------------------------------------------------------------------------------
[2026-10-07 21:23:16] [STAGE: 2/3: 30B Coding Model (Huihui-Qwen3-Coder-30B-A3B-Instruct-abliterated.Q4_K_M.gguf)]
  STATUS: Actively downloading 30B coding model chunks into /srv/nwa-model/models/coder-30b/ (0.17 GiB / 18.5 GiB, 0.9% done)
  STREAM: [#4a15f2 14GiB/15GiB(89%) CN:16 DL:583KiB ETA:48m29s]
  ARIA2: RUNNING (PID 295527)
  27B Model: 15.66 GiB / 15.65 GiB (100.0% complete)
  30B Model: 0.17 GiB / 18.5 GiB (0.9% complete)
  8B Model:  0 files staged
  DISK:      /dev/sda1       290G   53G  238G  19% /
----------------------------------------------------------------------------------------
[2026-10-07 21:23:27] [STAGE: 2/3: 30B Coding Model (Huihui-Qwen3-Coder-30B-A3B-Instruct-abliterated.Q4_K_M.gguf)]
  STATUS: Actively downloading 30B coding model chunks into /srv/nwa-model/models/coder-30b/ (0.17 GiB / 18.5 GiB, 0.9% done)
  STREAM: [#4a15f2 14GiB/15GiB(89%) CN:16 DL:583KiB ETA:48m29s]
  ARIA2: RUNNING (PID 295527)
  27B Model: 15.66 GiB / 15.65 GiB (100.0% complete)
  30B Model: 0.17 GiB / 18.5 GiB (0.9% complete)
  8B Model:  0 files staged
  DISK:      /dev/sda1       290G   53G  238G  19% /
----------------------------------------------------------------------------------------
[2026-10-07 21:23:39] [STAGE: 2/3: 30B Coding Model (Huihui-Qwen3-Coder-30B-A3B-Instruct-abliterated.Q4_K_M.gguf)]
  STATUS: Actively downloading 30B coding model chunks into /srv/nwa-model/models/coder-30b/ (0.18 GiB / 18.5 GiB, 1.0% done)
  STREAM: [#4a15f2 14GiB/15GiB(89%) CN:16 DL:583KiB ETA:48m29s]
  ARIA2: RUNNING (PID 295527)
  27B Model: 15.66 GiB / 15.65 GiB (100.0% complete)
  30B Model: 0.18 GiB / 18.5 GiB (1.0% complete)
  8B Model:  0 files staged
  DISK:      /dev/sda1       290G   53G  238G  19% /
----------------------------------------------------------------------------------------
[2026-10-07 21:23:51] [STAGE: 2/3: 30B Coding Model (Huihui-Qwen3-Coder-30B-A3B-Instruct-abliterated.Q4_K_M.gguf)]
  STATUS: Actively downloading 30B coding model chunks into /srv/nwa-model/models/coder-30b/ (0.19 GiB / 18.5 GiB, 1.0% done)
  STREAM: [#4a15f2 14GiB/15GiB(89%) CN:16 DL:583KiB ETA:48m29s]
  ARIA2: RUNNING (PID 295527)
  27B Model: 15.66 GiB / 15.65 GiB (100.0% complete)
  30B Model: 0.19 GiB / 18.5 GiB (1.0% complete)
  8B Model:  0 files staged
  DISK:      /dev/sda1       290G   53G  238G  19% /
----------------------------------------------------------------------------------------
[2026-10-07 21:24:03] [STAGE: 2/3: 30B Coding Model (Huihui-Qwen3-Coder-30B-A3B-Instruct-abliterated.Q4_K_M.gguf)]
  STATUS: Actively downloading 30B coding model chunks into /srv/nwa-model/models/coder-30b/ (0.2 GiB / 18.5 GiB, 1.1% done)
  STREAM: [#4a15f2 14GiB/15GiB(89%) CN:16 DL:583KiB ETA:48m29s]
  ARIA2: RUNNING (PID 295527)
  27B Model: 15.66 GiB / 15.65 GiB (100.0% complete)
  30B Model: 0.2 GiB / 18.5 GiB (1.1% complete)
  8B Model:  0 files staged
  DISK:      /dev/sda1       290G   53G  238G  19% /
----------------------------------------------------------------------------------------
[2026-10-07 21:24:18] [STAGE: 2/3: 30B Coding Model (Huihui-Qwen3-Coder-30B-A3B-Instruct-abliterated.Q4_K_M.gguf)]
  STATUS: Actively downloading 30B coding model chunks into /srv/nwa-model/models/coder-30b/ (0.21 GiB / 18.5 GiB, 1.1% done)
  STREAM: [#4a15f2 14GiB/15GiB(89%) CN:16 DL:583KiB ETA:48m29s]
  ARIA2: RUNNING (PID 295527)
  27B Model: 15.66 GiB / 15.65 GiB (100.0% complete)
  30B Model: 0.21 GiB / 18.5 GiB (1.1% complete)
  8B Model:  0 files staged
  DISK:      /dev/sda1       290G   53G  238G  19% /
----------------------------------------------------------------------------------------
[2026-10-07 21:24:34] [STAGE: 2/3: 30B Coding Model (Huihui-Qwen3-Coder-30B-A3B-Instruct-abliterated.Q4_K_M.gguf)]
  STATUS: Actively downloading 30B coding model chunks into /srv/nwa-model/models/coder-30b/ (0.21 GiB / 18.5 GiB, 1.1% done)
  STREAM: [#4a15f2 14GiB/15GiB(89%) CN:16 DL:583KiB ETA:48m29s]
  ARIA2: RUNNING (PID 295527)
  27B Model: 15.66 GiB / 15.65 GiB (100.0% complete)
  30B Model: 0.21 GiB / 18.5 GiB (1.1% complete)
  8B Model:  0 files staged
  DISK:      /dev/sda1       290G   53G  238G  19% /
----------------------------------------------------------------------------------------
[2026-10-07 21:24:45] [STAGE: 2/3: 30B Coding Model (Huihui-Qwen3-Coder-30B-A3B-Instruct-abliterated.Q4_K_M.gguf)]
  STATUS: Actively downloading 30B coding model chunks into /srv/nwa-model/models/coder-30b/ (0.22 GiB / 18.5 GiB, 1.2% done)
  STREAM: [#4a15f2 14GiB/15GiB(89%) CN:16 DL:583KiB ETA:48m29s]
  ARIA2: RUNNING (PID 295527)
  27B Model: 15.66 GiB / 15.65 GiB (100.0% complete)
  30B Model: 0.22 GiB / 18.5 GiB (1.2% complete)
  8B Model:  0 files staged
  DISK:      /dev/sda1       290G   53G  238G  19% /
----------------------------------------------------------------------------------------
[2026-10-07 21:25:05] [STAGE: 2/3: 30B Coding Model (Huihui-Qwen3-Coder-30B-A3B-Instruct-abliterated.Q4_K_M.gguf)]
  STATUS: Actively downloading 30B coding model chunks into /srv/nwa-model/models/coder-30b/ (0.23 GiB / 18.5 GiB, 1.3% done)
  STREAM: [#4a15f2 14GiB/15GiB(89%) CN:16 DL:583KiB ETA:48m29s]
  ARIA2: RUNNING (PID 295527)
  27B Model: 15.66 GiB / 15.65 GiB (100.0% complete)
  30B Model: 0.23 GiB / 18.5 GiB (1.3% complete)
  8B Model:  0 files staged
  DISK:      /dev/sda1       290G   53G  238G  19% /
----------------------------------------------------------------------------------------
[2026-10-07 21:25:18] [STAGE: 2/3: 30B Coding Model (Huihui-Qwen3-Coder-30B-A3B-Instruct-abliterated.Q4_K_M.gguf)]
  STATUS: Actively downloading 30B coding model chunks into /srv/nwa-model/models/coder-30b/ (0.24 GiB / 18.5 GiB, 1.3% done)
  STREAM: [#4a15f2 14GiB/15GiB(89%) CN:16 DL:583KiB ETA:48m29s]
  ARIA2: RUNNING (PID 295527)
  27B Model: 15.66 GiB / 15.65 GiB (100.0% complete)
  30B Model: 0.24 GiB / 18.5 GiB (1.3% complete)
  8B Model:  0 files staged
  DISK:      /dev/sda1       290G   53G  238G  19% /
----------------------------------------------------------------------------------------
[2026-10-07 21:25:30] [STAGE: 2/3: 30B Coding Model (Huihui-Qwen3-Coder-30B-A3B-Instruct-abliterated.Q4_K_M.gguf)]
  STATUS: Actively downloading 30B coding model chunks into /srv/nwa-model/models/coder-30b/ (0.24 GiB / 18.5 GiB, 1.3% done)
  STREAM: [#4a15f2 14GiB/15GiB(89%) CN:16 DL:583KiB ETA:48m29s]
  ARIA2: RUNNING (PID 295527)
  27B Model: 15.66 GiB / 15.65 GiB (100.0% complete)
  30B Model: 0.24 GiB / 18.5 GiB (1.3% complete)
  8B Model:  0 files staged
  DISK:      /dev/sda1       290G   53G  238G  19% /
----------------------------------------------------------------------------------------
[2026-10-07 21:25:42] [STAGE: 2/3: 30B Coding Model (Huihui-Qwen3-Coder-30B-A3B-Instruct-abliterated.Q4_K_M.gguf)]
  STATUS: Actively downloading 30B coding model chunks into /srv/nwa-model/models/coder-30b/ (0.25 GiB / 18.5 GiB, 1.4% done)
  STREAM: [#4a15f2 14GiB/15GiB(89%) CN:16 DL:583KiB ETA:48m29s]
  ARIA2: RUNNING (PID 295527)
  27B Model: 15.66 GiB / 15.65 GiB (100.0% complete)
  30B Model: 0.25 GiB / 18.5 GiB (1.4% complete)
  8B Model:  0 files staged
  DISK:      /dev/sda1       290G   53G  238G  19% /
----------------------------------------------------------------------------------------
[2026-10-07 21:25:54] [STAGE: 2/3: 30B Coding Model (Huihui-Qwen3-Coder-30B-A3B-Instruct-abliterated.Q4_K_M.gguf)]
  STATUS: Actively downloading 30B coding model chunks into /srv/nwa-model/models/coder-30b/ (0.27 GiB / 18.5 GiB, 1.4% done)
  STREAM: [#4a15f2 14GiB/15GiB(89%) CN:16 DL:583KiB ETA:48m29s]
  ARIA2: RUNNING (PID 295527)
  27B Model: 15.66 GiB / 15.65 GiB (100.0% complete)
  30B Model: 0.27 GiB / 18.5 GiB (1.4% complete)
  8B Model:  0 files staged
  DISK:      /dev/sda1       290G   53G  238G  19% /
----------------------------------------------------------------------------------------
[2026-10-07 21:26:07] [STAGE: 2/3: 30B Coding Model (Huihui-Qwen3-Coder-30B-A3B-Instruct-abliterated.Q4_K_M.gguf)]
  STATUS: Actively downloading 30B coding model chunks into /srv/nwa-model/models/coder-30b/ (0.27 GiB / 18.5 GiB, 1.5% done)
  STREAM: [#4a15f2 14GiB/15GiB(89%) CN:16 DL:583KiB ETA:48m29s]
  ARIA2: RUNNING (PID 295527)
  27B Model: 15.66 GiB / 15.65 GiB (100.0% complete)
  30B Model: 0.27 GiB / 18.5 GiB (1.5% complete)
  8B Model:  0 files staged
  DISK:      /dev/sda1       290G   53G  238G  19% /
----------------------------------------------------------------------------------------
[2026-10-07 21:26:20] [STAGE: 2/3: 30B Coding Model (Huihui-Qwen3-Coder-30B-A3B-Instruct-abliterated.Q4_K_M.gguf)]
  STATUS: Actively downloading 30B coding model chunks into /srv/nwa-model/models/coder-30b/ (0.27 GiB / 18.5 GiB, 1.5% done)
  STREAM: [#4a15f2 14GiB/15GiB(89%) CN:16 DL:583KiB ETA:48m29s]
  ARIA2: RUNNING (PID 295527)
  27B Model: 15.66 GiB / 15.65 GiB (100.0% complete)
  30B Model: 0.27 GiB / 18.5 GiB (1.5% complete)
  8B Model:  0 files staged
  DISK:      /dev/sda1       290G   53G  238G  19% /
----------------------------------------------------------------------------------------
[2026-10-07 21:26:33] [STAGE: 2/3: 30B Coding Model (Huihui-Qwen3-Coder-30B-A3B-Instruct-abliterated.Q4_K_M.gguf)]
  STATUS: Actively downloading 30B coding model chunks into /srv/nwa-model/models/coder-30b/ (0.28 GiB / 18.5 GiB, 1.5% done)
  STREAM: [#4a15f2 14GiB/15GiB(89%) CN:16 DL:583KiB ETA:48m29s]
  ARIA2: RUNNING (PID 295527)
  27B Model: 15.66 GiB / 15.65 GiB (100.0% complete)
  30B Model: 0.28 GiB / 18.5 GiB (1.5% complete)
  8B Model:  0 files staged
  DISK:      /dev/sda1       290G   53G  238G  19% /
----------------------------------------------------------------------------------------
[2026-10-07 21:26:54] [STAGE: 2/3: 30B Coding Model (Huihui-Qwen3-Coder-30B-A3B-Instruct-abliterated.Q4_K_M.gguf)]
  STATUS: Actively downloading 30B coding model chunks into /srv/nwa-model/models/coder-30b/ (0.29 GiB / 18.5 GiB, 1.6% done)
  STREAM: [#4a15f2 14GiB/15GiB(89%) CN:16 DL:583KiB ETA:48m29s]
  ARIA2: RUNNING (PID 295527)
  27B Model: 15.66 GiB / 15.65 GiB (100.0% complete)
  30B Model: 0.29 GiB / 18.5 GiB (1.6% complete)
  8B Model:  0 files staged
  DISK:      /dev/sda1       290G   53G  238G  19% /
----------------------------------------------------------------------------------------
[2026-10-07 21:27:06] [STAGE: 2/3: 30B Coding Model (Huihui-Qwen3-Coder-30B-A3B-Instruct-abliterated.Q4_K_M.gguf)]
  STATUS: Actively downloading 30B coding model chunks into /srv/nwa-model/models/coder-30b/ (0.3 GiB / 18.5 GiB, 1.6% done)
  STREAM: [#4a15f2 14GiB/15GiB(89%) CN:16 DL:583KiB ETA:48m29s]
  ARIA2: RUNNING (PID 295527)
  27B Model: 15.66 GiB / 15.65 GiB (100.0% complete)
  30B Model: 0.3 GiB / 18.5 GiB (1.6% complete)
  8B Model:  0 files staged
  DISK:      /dev/sda1       290G   53G  238G  19% /
----------------------------------------------------------------------------------------
[2026-10-07 21:27:24] [STAGE: 2/3: 30B Coding Model (Huihui-Qwen3-Coder-30B-A3B-Instruct-abliterated.Q4_K_M.gguf)]
  STATUS: Actively downloading 30B coding model chunks into /srv/nwa-model/models/coder-30b/ (0.31 GiB / 18.5 GiB, 1.7% done)
  STREAM: [#4a15f2 14GiB/15GiB(89%) CN:16 DL:583KiB ETA:48m29s]
  ARIA2: RUNNING (PID 295527)
  27B Model: 15.66 GiB / 15.65 GiB (100.0% complete)
  30B Model: 0.31 GiB / 18.5 GiB (1.7% complete)
  8B Model:  0 files staged
  DISK:      /dev/sda1       290G   53G  238G  19% /
----------------------------------------------------------------------------------------
[2026-10-07 21:27:50] [STAGE: 2/3: 30B Coding Model (Huihui-Qwen3-Coder-30B-A3B-Instruct-abliterated.Q4_K_M.gguf)]
  STATUS: Actively downloading 30B coding model chunks into /srv/nwa-model/models/coder-30b/ (0.33 GiB / 18.5 GiB, 1.8% done)
  STREAM: [#4a15f2 14GiB/15GiB(89%) CN:16 DL:583KiB ETA:48m29s]
  ARIA2: RUNNING (PID 295527)
  27B Model: 15.66 GiB / 15.65 GiB (100.0% complete)
  30B Model: 0.33 GiB / 18.5 GiB (1.8% complete)
  8B Model:  0 files staged
  DISK:      /dev/sda1       290G   53G  238G  19% /
----------------------------------------------------------------------------------------
[2026-10-07 21:28:07] [STAGE: 2/3: 30B Coding Model (Huihui-Qwen3-Coder-30B-A3B-Instruct-abliterated.Q4_K_M.gguf)]
  STATUS: Actively downloading 30B coding model chunks into /srv/nwa-model/models/coder-30b/ (0.33 GiB / 18.5 GiB, 1.8% done)
  STREAM: [#4a15f2 14GiB/15GiB(89%) CN:16 DL:583KiB ETA:48m29s]
  ARIA2: RUNNING (PID 295527)
  27B Model: 15.66 GiB / 15.65 GiB (100.0% complete)
  30B Model: 0.33 GiB / 18.5 GiB (1.8% complete)
  8B Model:  0 files staged
  DISK:      /dev/sda1       290G   53G  238G  19% /
----------------------------------------------------------------------------------------
[2026-10-07 21:28:22] [STAGE: 2/3: 30B Coding Model (Huihui-Qwen3-Coder-30B-A3B-Instruct-abliterated.Q4_K_M.gguf)]
  STATUS: Actively downloading 30B coding model chunks into /srv/nwa-model/models/coder-30b/ (0.34 GiB / 18.5 GiB, 1.8% done)
  STREAM: [#4a15f2 14GiB/15GiB(89%) CN:16 DL:583KiB ETA:48m29s]
  ARIA2: RUNNING (PID 295527)
  27B Model: 15.66 GiB / 15.65 GiB (100.0% complete)
  30B Model: 0.34 GiB / 18.5 GiB (1.8% complete)
  8B Model:  0 files staged
  DISK:      /dev/sda1       290G   53G  238G  19% /
----------------------------------------------------------------------------------------
[2026-10-07 21:28:35] [STAGE: 2/3: 30B Coding Model (Huihui-Qwen3-Coder-30B-A3B-Instruct-abliterated.Q4_K_M.gguf)]
  STATUS: Actively downloading 30B coding model chunks into /srv/nwa-model/models/coder-30b/ (0.35 GiB / 18.5 GiB, 1.9% done)
  STREAM: [#4a15f2 14GiB/15GiB(89%) CN:16 DL:583KiB ETA:48m29s]
  ARIA2: RUNNING (PID 295527)
  27B Model: 15.66 GiB / 15.65 GiB (100.0% complete)
  30B Model: 0.35 GiB / 18.5 GiB (1.9% complete)
  8B Model:  0 files staged
  DISK:      /dev/sda1       290G   53G  238G  19% /
----------------------------------------------------------------------------------------
[2026-10-07 21:28:50] [STAGE: 2/3: 30B Coding Model (Huihui-Qwen3-Coder-30B-A3B-Instruct-abliterated.Q4_K_M.gguf)]
  STATUS: Actively downloading 30B coding model chunks into /srv/nwa-model/models/coder-30b/ (0.35 GiB / 18.5 GiB, 1.9% done)
  STREAM: [#4a15f2 14GiB/15GiB(89%) CN:16 DL:583KiB ETA:48m29s]
  ARIA2: RUNNING (PID 295527)
  27B Model: 15.66 GiB / 15.65 GiB (100.0% complete)
  30B Model: 0.35 GiB / 18.5 GiB (1.9% complete)
  8B Model:  0 files staged
  DISK:      /dev/sda1       290G   53G  238G  19% /
----------------------------------------------------------------------------------------
[2026-10-07 21:29:02] [STAGE: 2/3: 30B Coding Model (Huihui-Qwen3-Coder-30B-A3B-Instruct-abliterated.Q4_K_M.gguf)]
  STATUS: Actively downloading 30B coding model chunks into /srv/nwa-model/models/coder-30b/ (0.37 GiB / 18.5 GiB, 2.0% done)
  STREAM: [#4a15f2 14GiB/15GiB(89%) CN:16 DL:583KiB ETA:48m29s]
  ARIA2: RUNNING (PID 295527)
  27B Model: 15.66 GiB / 15.65 GiB (100.0% complete)
  30B Model: 0.37 GiB / 18.5 GiB (2.0% complete)
  8B Model:  0 files staged
  DISK:      /dev/sda1       290G   53G  238G  19% /
----------------------------------------------------------------------------------------
[2026-10-07 21:29:20] [STAGE: 2/3: 30B Coding Model (Huihui-Qwen3-Coder-30B-A3B-Instruct-abliterated.Q4_K_M.gguf)]
  STATUS: Actively downloading 30B coding model chunks into /srv/nwa-model/models/coder-30b/ (0.37 GiB / 18.5 GiB, 2.0% done)
  STREAM: [#4a15f2 14GiB/15GiB(89%) CN:16 DL:583KiB ETA:48m29s]
  ARIA2: RUNNING (PID 295527)
  27B Model: 15.66 GiB / 15.65 GiB (100.0% complete)
  30B Model: 0.37 GiB / 18.5 GiB (2.0% complete)
  8B Model:  0 files staged
  DISK:      /dev/sda1       290G   53G  238G  19% /
----------------------------------------------------------------------------------------
[2026-10-07 21:29:36] [STAGE: 2/3: 30B Coding Model (Huihui-Qwen3-Coder-30B-A3B-Instruct-abliterated.Q4_K_M.gguf)]
  STATUS: Actively downloading 30B coding model chunks into /srv/nwa-model/models/coder-30b/ (0.38 GiB / 18.5 GiB, 2.1% done)
  STREAM: [#4a15f2 14GiB/15GiB(89%) CN:16 DL:583KiB ETA:48m29s]
  ARIA2: RUNNING (PID 295527)
  27B Model: 15.66 GiB / 15.65 GiB (100.0% complete)
  30B Model: 0.38 GiB / 18.5 GiB (2.1% complete)
  8B Model:  0 files staged
  DISK:      /dev/sda1       290G   53G  238G  19% /
----------------------------------------------------------------------------------------
[2026-10-07 21:29:53] [STAGE: 2/3: 30B Coding Model (Huihui-Qwen3-Coder-30B-A3B-Instruct-abliterated.Q4_K_M.gguf)]
  STATUS: Actively downloading 30B coding model chunks into /srv/nwa-model/models/coder-30b/ (0.4 GiB / 18.5 GiB, 2.2% done)
  STREAM: [#4a15f2 14GiB/15GiB(89%) CN:16 DL:583KiB ETA:48m29s]
  ARIA2: RUNNING (PID 295527)
  27B Model: 15.66 GiB / 15.65 GiB (100.0% complete)
  30B Model: 0.4 GiB / 18.5 GiB (2.2% complete)
  8B Model:  0 files staged
  DISK:      /dev/sda1       290G   53G  237G  19% /
----------------------------------------------------------------------------------------
[2026-10-07 21:30:14] [STAGE: 2/3: 30B Coding Model (Huihui-Qwen3-Coder-30B-A3B-Instruct-abliterated.Q4_K_M.gguf)]
  STATUS: Actively downloading 30B coding model chunks into /srv/nwa-model/models/coder-30b/ (0.41 GiB / 18.5 GiB, 2.2% done)
  STREAM: [#4a15f2 14GiB/15GiB(89%) CN:16 DL:583KiB ETA:48m29s]
  ARIA2: RUNNING (PID 295527)
  27B Model: 15.66 GiB / 15.65 GiB (100.0% complete)
  30B Model: 0.41 GiB / 18.5 GiB (2.2% complete)
  8B Model:  0 files staged
  DISK:      /dev/sda1       290G   53G  237G  19% /
----------------------------------------------------------------------------------------
[2026-10-07 21:30:36] [STAGE: 2/3: 30B Coding Model (Huihui-Qwen3-Coder-30B-A3B-Instruct-abliterated.Q4_K_M.gguf)]
  STATUS: Actively downloading 30B coding model chunks into /srv/nwa-model/models/coder-30b/ (0.41 GiB / 18.5 GiB, 2.2% done)
  STREAM: [#4a15f2 14GiB/15GiB(89%) CN:16 DL:583KiB ETA:48m29s]
  ARIA2: RUNNING (PID 295527)
  27B Model: 15.66 GiB / 15.65 GiB (100.0% complete)
  30B Model: 0.41 GiB / 18.5 GiB (2.2% complete)
  8B Model:  0 files staged
  DISK:      /dev/sda1       290G   53G  237G  19% /
----------------------------------------------------------------------------------------
[2026-10-07 21:30:49] [STAGE: 2/3: 30B Coding Model (Huihui-Qwen3-Coder-30B-A3B-Instruct-abliterated.Q4_K_M.gguf)]
  STATUS: Actively downloading 30B coding model chunks into /srv/nwa-model/models/coder-30b/ (0.42 GiB / 18.5 GiB, 2.3% done)
  STREAM: [#4a15f2 14GiB/15GiB(89%) CN:16 DL:583KiB ETA:48m29s]
  ARIA2: RUNNING (PID 295527)
  27B Model: 15.66 GiB / 15.65 GiB (100.0% complete)
  30B Model: 0.42 GiB / 18.5 GiB (2.3% complete)
  8B Model:  0 files staged
  DISK:      /dev/sda1       290G   53G  237G  19% /
----------------------------------------------------------------------------------------
[2026-10-07 21:31:03] [STAGE: 2/3: 30B Coding Model (Huihui-Qwen3-Coder-30B-A3B-Instruct-abliterated.Q4_K_M.gguf)]
  STATUS: Actively downloading 30B coding model chunks into /srv/nwa-model/models/coder-30b/ (0.43 GiB / 18.5 GiB, 2.3% done)
  STREAM: [#4a15f2 14GiB/15GiB(89%) CN:16 DL:583KiB ETA:48m29s]
  ARIA2: RUNNING (PID 295527)
  27B Model: 15.66 GiB / 15.65 GiB (100.0% complete)
  30B Model: 0.43 GiB / 18.5 GiB (2.3% complete)
  8B Model:  0 files staged
  DISK:      /dev/sda1       290G   53G  237G  19% /
----------------------------------------------------------------------------------------
[2026-10-07 21:31:15] [STAGE: 2/3: 30B Coding Model (Huihui-Qwen3-Coder-30B-A3B-Instruct-abliterated.Q4_K_M.gguf)]
  STATUS: Actively downloading 30B coding model chunks into /srv/nwa-model/models/coder-30b/ (0.43 GiB / 18.5 GiB, 2.4% done)
  STREAM: [#4a15f2 14GiB/15GiB(89%) CN:16 DL:583KiB ETA:48m29s]
  ARIA2: RUNNING (PID 295527)
  27B Model: 15.66 GiB / 15.65 GiB (100.0% complete)
  30B Model: 0.43 GiB / 18.5 GiB (2.4% complete)
  8B Model:  0 files staged
  DISK:      /dev/sda1       290G   53G  237G  19% /
----------------------------------------------------------------------------------------
[2026-10-07 21:31:27] [STAGE: 2/3: 30B Coding Model (Huihui-Qwen3-Coder-30B-A3B-Instruct-abliterated.Q4_K_M.gguf)]
  STATUS: Actively downloading 30B coding model chunks into /srv/nwa-model/models/coder-30b/ (0.44 GiB / 18.5 GiB, 2.4% done)
  STREAM: [#4a15f2 14GiB/15GiB(89%) CN:16 DL:583KiB ETA:48m29s]
  ARIA2: RUNNING (PID 295527)
  27B Model: 15.66 GiB / 15.65 GiB (100.0% complete)
  30B Model: 0.44 GiB / 18.5 GiB (2.4% complete)
  8B Model:  0 files staged
  DISK:      /dev/sda1       290G   53G  237G  19% /
----------------------------------------------------------------------------------------
[2026-10-07 21:31:38] [STAGE: 2/3: 30B Coding Model (Huihui-Qwen3-Coder-30B-A3B-Instruct-abliterated.Q4_K_M.gguf)]
  STATUS: Actively downloading 30B coding model chunks into /srv/nwa-model/models/coder-30b/ (0.45 GiB / 18.5 GiB, 2.4% done)
  STREAM: [#4a15f2 14GiB/15GiB(89%) CN:16 DL:583KiB ETA:48m29s]
  ARIA2: RUNNING (PID 295527)
  27B Model: 15.66 GiB / 15.65 GiB (100.0% complete)
  30B Model: 0.45 GiB / 18.5 GiB (2.4% complete)
  8B Model:  0 files staged
  DISK:      /dev/sda1       290G   53G  237G  19% /
----------------------------------------------------------------------------------------
[2026-10-07 21:31:56] [STAGE: 2/3: 30B Coding Model (Huihui-Qwen3-Coder-30B-A3B-Instruct-abliterated.Q4_K_M.gguf)]
  STATUS: Actively downloading 30B coding model chunks into /srv/nwa-model/models/coder-30b/ (0.46 GiB / 18.5 GiB, 2.5% done)
  STREAM: [#4a15f2 14GiB/15GiB(89%) CN:16 DL:583KiB ETA:48m29s]
  ARIA2: RUNNING (PID 295527)
  27B Model: 15.66 GiB / 15.65 GiB (100.0% complete)
  30B Model: 0.46 GiB / 18.5 GiB (2.5% complete)
  8B Model:  0 files staged
  DISK:      /dev/sda1       290G   53G  237G  19% /
----------------------------------------------------------------------------------------
[2026-10-07 21:32:08] [STAGE: 2/3: 30B Coding Model (Huihui-Qwen3-Coder-30B-A3B-Instruct-abliterated.Q4_K_M.gguf)]
  STATUS: Actively downloading 30B coding model chunks into /srv/nwa-model/models/coder-30b/ (0.47 GiB / 18.5 GiB, 2.5% done)
  STREAM: [#4a15f2 14GiB/15GiB(89%) CN:16 DL:583KiB ETA:48m29s]
  ARIA2: RUNNING (PID 295527)
  27B Model: 15.66 GiB / 15.65 GiB (100.0% complete)
  30B Model: 0.47 GiB / 18.5 GiB (2.5% complete)
  8B Model:  0 files staged
  DISK:      /dev/sda1       290G   53G  237G  19% /
----------------------------------------------------------------------------------------
[2026-10-07 21:32:23] [STAGE: 2/3: 30B Coding Model (Huihui-Qwen3-Coder-30B-A3B-Instruct-abliterated.Q4_K_M.gguf)]
  STATUS: Actively downloading 30B coding model chunks into /srv/nwa-model/models/coder-30b/ (0.48 GiB / 18.5 GiB, 2.6% done)
  STREAM: [#4a15f2 14GiB/15GiB(89%) CN:16 DL:583KiB ETA:48m29s]
  ARIA2: RUNNING (PID 295527)
  27B Model: 15.66 GiB / 15.65 GiB (100.0% complete)
  30B Model: 0.48 GiB / 18.5 GiB (2.6% complete)
  8B Model:  0 files staged
  DISK:      /dev/sda1       290G   53G  237G  19% /
----------------------------------------------------------------------------------------
[2026-10-07 21:32:48] [STAGE: 2/3: 30B Coding Model (Huihui-Qwen3-Coder-30B-A3B-Instruct-abliterated.Q4_K_M.gguf)]
  STATUS: Actively downloading 30B coding model chunks into /srv/nwa-model/models/coder-30b/ (0.49 GiB / 18.5 GiB, 2.6% done)
  STREAM: [#4a15f2 14GiB/15GiB(89%) CN:16 DL:583KiB ETA:48m29s]
  ARIA2: RUNNING (PID 295527)
  27B Model: 15.66 GiB / 15.65 GiB (100.0% complete)
  30B Model: 0.49 GiB / 18.5 GiB (2.6% complete)
  8B Model:  0 files staged
  DISK:      /dev/sda1       290G   53G  237G  19% /
----------------------------------------------------------------------------------------
[2026-10-07 21:33:03] [STAGE: 2/3: 30B Coding Model (Huihui-Qwen3-Coder-30B-A3B-Instruct-abliterated.Q4_K_M.gguf)]
  STATUS: Actively downloading 30B coding model chunks into /srv/nwa-model/models/coder-30b/ (0.5 GiB / 18.5 GiB, 2.7% done)
  STREAM: [#4a15f2 14GiB/15GiB(89%) CN:16 DL:583KiB ETA:48m29s]
  ARIA2: RUNNING (PID 295527)
  27B Model: 15.66 GiB / 15.65 GiB (100.0% complete)
  30B Model: 0.5 GiB / 18.5 GiB (2.7% complete)
  8B Model:  0 files staged
  DISK:      /dev/sda1       290G   53G  237G  19% /
----------------------------------------------------------------------------------------
[2026-10-07 21:33:15] [STAGE: 2/3: 30B Coding Model (Huihui-Qwen3-Coder-30B-A3B-Instruct-abliterated.Q4_K_M.gguf)]
  STATUS: Actively downloading 30B coding model chunks into /srv/nwa-model/models/coder-30b/ (0.5 GiB / 18.5 GiB, 2.7% done)
  STREAM: [#4a15f2 14GiB/15GiB(89%) CN:16 DL:583KiB ETA:48m29s]
  ARIA2: RUNNING (PID 295527)
  27B Model: 15.66 GiB / 15.65 GiB (100.0% complete)
  30B Model: 0.5 GiB / 18.5 GiB (2.7% complete)
  8B Model:  0 files staged
  DISK:      /dev/sda1       290G   53G  237G  19% /
----------------------------------------------------------------------------------------
[2026-10-07 21:33:30] [STAGE: 2/3: 30B Coding Model (Huihui-Qwen3-Coder-30B-A3B-Instruct-abliterated.Q4_K_M.gguf)]
  STATUS: Actively downloading 30B coding model chunks into /srv/nwa-model/models/coder-30b/ (0.51 GiB / 18.5 GiB, 2.8% done)
  STREAM: [#4a15f2 14GiB/15GiB(89%) CN:16 DL:583KiB ETA:48m29s]
  ARIA2: RUNNING (PID 295527)
  27B Model: 15.66 GiB / 15.65 GiB (100.0% complete)
  30B Model: 0.51 GiB / 18.5 GiB (2.8% complete)
  8B Model:  0 files staged
  DISK:      /dev/sda1       290G   53G  237G  19% /
----------------------------------------------------------------------------------------
[2026-10-07 21:33:47] [STAGE: 2/3: 30B Coding Model (Huihui-Qwen3-Coder-30B-A3B-Instruct-abliterated.Q4_K_M.gguf)]
  STATUS: Actively downloading 30B coding model chunks into /srv/nwa-model/models/coder-30b/ (0.52 GiB / 18.5 GiB, 2.8% done)
  STREAM: [#4a15f2 14GiB/15GiB(89%) CN:16 DL:583KiB ETA:48m29s]
  ARIA2: RUNNING (PID 295527)
  27B Model: 15.66 GiB / 15.65 GiB (100.0% complete)
  30B Model: 0.52 GiB / 18.5 GiB (2.8% complete)
  8B Model:  0 files staged
  DISK:      /dev/sda1       290G   53G  237G  19% /
----------------------------------------------------------------------------------------
[2026-10-07 21:34:02] [STAGE: 2/3: 30B Coding Model (Huihui-Qwen3-Coder-30B-A3B-Instruct-abliterated.Q4_K_M.gguf)]
  STATUS: Actively downloading 30B coding model chunks into /srv/nwa-model/models/coder-30b/ (0.53 GiB / 18.5 GiB, 2.9% done)
  STREAM: [#4a15f2 14GiB/15GiB(89%) CN:16 DL:583KiB ETA:48m29s]
  ARIA2: RUNNING (PID 295527)
  27B Model: 15.66 GiB / 15.65 GiB (100.0% complete)
  30B Model: 0.53 GiB / 18.5 GiB (2.9% complete)
  8B Model:  0 files staged
  DISK:      /dev/sda1       290G   53G  237G  19% /
----------------------------------------------------------------------------------------
[2026-10-07 21:34:17] [STAGE: 2/3: 30B Coding Model (Huihui-Qwen3-Coder-30B-A3B-Instruct-abliterated.Q4_K_M.gguf)]
  STATUS: Actively downloading 30B coding model chunks into /srv/nwa-model/models/coder-30b/ (0.54 GiB / 18.5 GiB, 2.9% done)
  STREAM: [#4a15f2 14GiB/15GiB(89%) CN:16 DL:583KiB ETA:48m29s]
  ARIA2: RUNNING (PID 295527)
  27B Model: 15.66 GiB / 15.65 GiB (100.0% complete)
  30B Model: 0.54 GiB / 18.5 GiB (2.9% complete)
  8B Model:  0 files staged
  DISK:      /dev/sda1       290G   53G  237G  19% /
----------------------------------------------------------------------------------------
[2026-10-07 21:34:31] [STAGE: 2/3: 30B Coding Model (Huihui-Qwen3-Coder-30B-A3B-Instruct-abliterated.Q4_K_M.gguf)]
  STATUS: Actively downloading 30B coding model chunks into /srv/nwa-model/models/coder-30b/ (0.54 GiB / 18.5 GiB, 2.9% done)
  STREAM: [#4a15f2 14GiB/15GiB(89%) CN:16 DL:583KiB ETA:48m29s]
  ARIA2: RUNNING (PID 295527)
  27B Model: 15.66 GiB / 15.65 GiB (100.0% complete)
  30B Model: 0.54 GiB / 18.5 GiB (2.9% complete)
  8B Model:  0 files staged
  DISK:      /dev/sda1       290G   53G  237G  19% /
----------------------------------------------------------------------------------------
[2026-10-07 21:34:44] [STAGE: 2/3: 30B Coding Model (Huihui-Qwen3-Coder-30B-A3B-Instruct-abliterated.Q4_K_M.gguf)]
  STATUS: Actively downloading 30B coding model chunks into /srv/nwa-model/models/coder-30b/ (0.55 GiB / 18.5 GiB, 3.0% done)
  STREAM: [#4a15f2 14GiB/15GiB(89%) CN:16 DL:583KiB ETA:48m29s]
  ARIA2: RUNNING (PID 295527)
  27B Model: 15.66 GiB / 15.65 GiB (100.0% complete)
  30B Model: 0.55 GiB / 18.5 GiB (3.0% complete)
  8B Model:  0 files staged
  DISK:      /dev/sda1       290G   53G  237G  19% /
----------------------------------------------------------------------------------------
[2026-10-07 21:34:56] [STAGE: 2/3: 30B Coding Model (Huihui-Qwen3-Coder-30B-A3B-Instruct-abliterated.Q4_K_M.gguf)]
  STATUS: Actively downloading 30B coding model chunks into /srv/nwa-model/models/coder-30b/ (0.56 GiB / 18.5 GiB, 3.1% done)
  STREAM: [#4a15f2 14GiB/15GiB(89%) CN:16 DL:583KiB ETA:48m29s]
  ARIA2: RUNNING (PID 295527)
  27B Model: 15.66 GiB / 15.65 GiB (100.0% complete)
  30B Model: 0.56 GiB / 18.5 GiB (3.1% complete)
  8B Model:  0 files staged
  DISK:      /dev/sda1       290G   53G  237G  19% /
----------------------------------------------------------------------------------------
[2026-10-07 21:35:13] [STAGE: 2/3: 30B Coding Model (Huihui-Qwen3-Coder-30B-A3B-Instruct-abliterated.Q4_K_M.gguf)]
  STATUS: Actively downloading 30B coding model chunks into /srv/nwa-model/models/coder-30b/ (0.57 GiB / 18.5 GiB, 3.1% done)
  STREAM: [#4a15f2 14GiB/15GiB(89%) CN:16 DL:583KiB ETA:48m29s]
  ARIA2: RUNNING (PID 295527)
  27B Model: 15.66 GiB / 15.65 GiB (100.0% complete)
  30B Model: 0.57 GiB / 18.5 GiB (3.1% complete)
  8B Model:  0 files staged
  DISK:      /dev/sda1       290G   53G  237G  19% /
----------------------------------------------------------------------------------------
[2026-10-07 21:35:27] [STAGE: 2/3: 30B Coding Model (Huihui-Qwen3-Coder-30B-A3B-Instruct-abliterated.Q4_K_M.gguf)]
  STATUS: Actively downloading 30B coding model chunks into /srv/nwa-model/models/coder-30b/ (0.58 GiB / 18.5 GiB, 3.1% done)
  STREAM: [#4a15f2 14GiB/15GiB(89%) CN:16 DL:583KiB ETA:48m29s]
  ARIA2: RUNNING (PID 295527)
  27B Model: 15.66 GiB / 15.65 GiB (100.0% complete)
  30B Model: 0.58 GiB / 18.5 GiB (3.1% complete)
  8B Model:  0 files staged
  DISK:      /dev/sda1       290G   53G  237G  19% /
----------------------------------------------------------------------------------------
[2026-10-07 21:35:41] [STAGE: 2/3: 30B Coding Model (Huihui-Qwen3-Coder-30B-A3B-Instruct-abliterated.Q4_K_M.gguf)]
  STATUS: Actively downloading 30B coding model chunks into /srv/nwa-model/models/coder-30b/ (0.58 GiB / 18.5 GiB, 3.2% done)
  STREAM: [#4a15f2 14GiB/15GiB(89%) CN:16 DL:583KiB ETA:48m29s]
  ARIA2: RUNNING (PID 295527)
  27B Model: 15.66 GiB / 15.65 GiB (100.0% complete)
  30B Model: 0.58 GiB / 18.5 GiB (3.2% complete)
  8B Model:  0 files staged
  DISK:      /dev/sda1       290G   53G  237G  19% /
----------------------------------------------------------------------------------------
[2026-10-07 21:35:54] [STAGE: 2/3: 30B Coding Model (Huihui-Qwen3-Coder-30B-A3B-Instruct-abliterated.Q4_K_M.gguf)]
  STATUS: Actively downloading 30B coding model chunks into /srv/nwa-model/models/coder-30b/ (0.59 GiB / 18.5 GiB, 3.2% done)
  STREAM: [#4a15f2 14GiB/15GiB(89%) CN:16 DL:583KiB ETA:48m29s]
  ARIA2: RUNNING (PID 295527)
  27B Model: 15.66 GiB / 15.65 GiB (100.0% complete)
  30B Model: 0.59 GiB / 18.5 GiB (3.2% complete)
  8B Model:  0 files staged
  DISK:      /dev/sda1       290G   53G  237G  19% /
----------------------------------------------------------------------------------------
[2026-10-07 21:36:06] [STAGE: 2/3: 30B Coding Model (Huihui-Qwen3-Coder-30B-A3B-Instruct-abliterated.Q4_K_M.gguf)]
  STATUS: Actively downloading 30B coding model chunks into /srv/nwa-model/models/coder-30b/ (0.6 GiB / 18.5 GiB, 3.2% done)
  STREAM: [#4a15f2 14GiB/15GiB(89%) CN:16 DL:583KiB ETA:48m29s]
  ARIA2: RUNNING (PID 295527)
  27B Model: 15.66 GiB / 15.65 GiB (100.0% complete)
  30B Model: 0.6 GiB / 18.5 GiB (3.2% complete)
  8B Model:  0 files staged
  DISK:      /dev/sda1       290G   53G  237G  19% /
----------------------------------------------------------------------------------------
[2026-10-07 21:36:19] [STAGE: 2/3: 30B Coding Model (Huihui-Qwen3-Coder-30B-A3B-Instruct-abliterated.Q4_K_M.gguf)]
  STATUS: Actively downloading 30B coding model chunks into /srv/nwa-model/models/coder-30b/ (0.6 GiB / 18.5 GiB, 3.3% done)
  STREAM: [#4a15f2 14GiB/15GiB(89%) CN:16 DL:583KiB ETA:48m29s]
  ARIA2: RUNNING (PID 295527)
  27B Model: 15.66 GiB / 15.65 GiB (100.0% complete)
  30B Model: 0.6 GiB / 18.5 GiB (3.3% complete)
  8B Model:  0 files staged
  DISK:      /dev/sda1       290G   53G  237G  19% /
----------------------------------------------------------------------------------------
[2026-10-07 21:36:39] [STAGE: 2/3: 30B Coding Model (Huihui-Qwen3-Coder-30B-A3B-Instruct-abliterated.Q4_K_M.gguf)]
  STATUS: Actively downloading 30B coding model chunks into /srv/nwa-model/models/coder-30b/ (0.62 GiB / 18.5 GiB, 3.3% done)
  STREAM: [#4a15f2 14GiB/15GiB(89%) CN:16 DL:583KiB ETA:48m29s]
  ARIA2: RUNNING (PID 295527)
  27B Model: 15.66 GiB / 15.65 GiB (100.0% complete)
  30B Model: 0.62 GiB / 18.5 GiB (3.3% complete)
  8B Model:  0 files staged
  DISK:      /dev/sda1       290G   53G  237G  19% /
----------------------------------------------------------------------------------------
[2026-10-07 21:36:54] [STAGE: 2/3: 30B Coding Model (Huihui-Qwen3-Coder-30B-A3B-Instruct-abliterated.Q4_K_M.gguf)]
  STATUS: Actively downloading 30B coding model chunks into /srv/nwa-model/models/coder-30b/ (0.63 GiB / 18.5 GiB, 3.4% done)
  STREAM: [#4a15f2 14GiB/15GiB(89%) CN:16 DL:583KiB ETA:48m29s]
  ARIA2: RUNNING (PID 295527)
  27B Model: 15.66 GiB / 15.65 GiB (100.0% complete)
  30B Model: 0.63 GiB / 18.5 GiB (3.4% complete)
  8B Model:  0 files staged
  DISK:      /dev/sda1       290G   53G  237G  19% /
----------------------------------------------------------------------------------------
[2026-10-07 21:37:09] [STAGE: 2/3: 30B Coding Model (Huihui-Qwen3-Coder-30B-A3B-Instruct-abliterated.Q4_K_M.gguf)]
  STATUS: Actively downloading 30B coding model chunks into /srv/nwa-model/models/coder-30b/ (0.63 GiB / 18.5 GiB, 3.4% done)
  STREAM: [#4a15f2 14GiB/15GiB(89%) CN:16 DL:583KiB ETA:48m29s]
  ARIA2: RUNNING (PID 295527)
  27B Model: 15.66 GiB / 15.65 GiB (100.0% complete)
  30B Model: 0.63 GiB / 18.5 GiB (3.4% complete)
  8B Model:  0 files staged
  DISK:      /dev/sda1       290G   53G  237G  19% /
----------------------------------------------------------------------------------------
[2026-10-07 21:37:22] [STAGE: 2/3: 30B Coding Model (Huihui-Qwen3-Coder-30B-A3B-Instruct-abliterated.Q4_K_M.gguf)]
  STATUS: Actively downloading 30B coding model chunks into /srv/nwa-model/models/coder-30b/ (0.64 GiB / 18.5 GiB, 3.4% done)
  STREAM: [#4a15f2 14GiB/15GiB(89%) CN:16 DL:583KiB ETA:48m29s]
  ARIA2: RUNNING (PID 295527)
  27B Model: 15.66 GiB / 15.65 GiB (100.0% complete)
  30B Model: 0.64 GiB / 18.5 GiB (3.4% complete)
  8B Model:  0 files staged
  DISK:      /dev/sda1       290G   53G  237G  19% /
----------------------------------------------------------------------------------------
[2026-10-07 21:37:34] [STAGE: 2/3: 30B Coding Model (Huihui-Qwen3-Coder-30B-A3B-Instruct-abliterated.Q4_K_M.gguf)]
  STATUS: Actively downloading 30B coding model chunks into /srv/nwa-model/models/coder-30b/ (0.64 GiB / 18.5 GiB, 3.5% done)
  STREAM: [#4a15f2 14GiB/15GiB(89%) CN:16 DL:583KiB ETA:48m29s]
  ARIA2: RUNNING (PID 295527)
  27B Model: 15.66 GiB / 15.65 GiB (100.0% complete)
  30B Model: 0.64 GiB / 18.5 GiB (3.5% complete)
  8B Model:  0 files staged
  DISK:      /dev/sda1       290G   53G  237G  19% /
----------------------------------------------------------------------------------------
[2026-10-07 21:37:50] [STAGE: 2/3: 30B Coding Model (Huihui-Qwen3-Coder-30B-A3B-Instruct-abliterated.Q4_K_M.gguf)]
  STATUS: Actively downloading 30B coding model chunks into /srv/nwa-model/models/coder-30b/ (0.65 GiB / 18.5 GiB, 3.5% done)
  STREAM: [#4a15f2 14GiB/15GiB(89%) CN:16 DL:583KiB ETA:48m29s]
  ARIA2: RUNNING (PID 295527)
  27B Model: 15.66 GiB / 15.65 GiB (100.0% complete)
  30B Model: 0.65 GiB / 18.5 GiB (3.5% complete)
  8B Model:  0 files staged
  DISK:      /dev/sda1       290G   53G  237G  19% /
----------------------------------------------------------------------------------------
[2026-10-07 21:38:05] [STAGE: 2/3: 30B Coding Model (Huihui-Qwen3-Coder-30B-A3B-Instruct-abliterated.Q4_K_M.gguf)]
  STATUS: Actively downloading 30B coding model chunks into /srv/nwa-model/models/coder-30b/ (0.66 GiB / 18.5 GiB, 3.6% done)
  STREAM: [#4a15f2 14GiB/15GiB(89%) CN:16 DL:583KiB ETA:48m29s]
  ARIA2: RUNNING (PID 295527)
  27B Model: 15.66 GiB / 15.65 GiB (100.0% complete)
  30B Model: 0.66 GiB / 18.5 GiB (3.6% complete)
  8B Model:  0 files staged
  DISK:      /dev/sda1       290G   53G  237G  19% /
----------------------------------------------------------------------------------------
[2026-10-07 21:38:20] [STAGE: 2/3: 30B Coding Model (Huihui-Qwen3-Coder-30B-A3B-Instruct-abliterated.Q4_K_M.gguf)]
  STATUS: Actively downloading 30B coding model chunks into /srv/nwa-model/models/coder-30b/ (0.67 GiB / 18.5 GiB, 3.6% done)
  STREAM: [#4a15f2 14GiB/15GiB(89%) CN:16 DL:583KiB ETA:48m29s]
  ARIA2: RUNNING (PID 295527)
  27B Model: 15.66 GiB / 15.65 GiB (100.0% complete)
  30B Model: 0.67 GiB / 18.5 GiB (3.6% complete)
  8B Model:  0 files staged
  DISK:      /dev/sda1       290G   53G  237G  19% /
----------------------------------------------------------------------------------------
[2026-10-07 21:38:33] [STAGE: 2/3: 30B Coding Model (Huihui-Qwen3-Coder-30B-A3B-Instruct-abliterated.Q4_K_M.gguf)]
  STATUS: Actively downloading 30B coding model chunks into /srv/nwa-model/models/coder-30b/ (0.68 GiB / 18.5 GiB, 3.7% done)
  STREAM: [#4a15f2 14GiB/15GiB(89%) CN:16 DL:583KiB ETA:48m29s]
  ARIA2: RUNNING (PID 295527)
  27B Model: 15.66 GiB / 15.65 GiB (100.0% complete)
  30B Model: 0.68 GiB / 18.5 GiB (3.7% complete)
  8B Model:  0 files staged
  DISK:      /dev/sda1       290G   53G  237G  19% /
----------------------------------------------------------------------------------------
[2026-10-07 21:38:51] [STAGE: 2/3: 30B Coding Model (Huihui-Qwen3-Coder-30B-A3B-Instruct-abliterated.Q4_K_M.gguf)]
  STATUS: Actively downloading 30B coding model chunks into /srv/nwa-model/models/coder-30b/ (0.68 GiB / 18.5 GiB, 3.7% done)
  STREAM: [#4a15f2 14GiB/15GiB(89%) CN:16 DL:583KiB ETA:48m29s]
  ARIA2: RUNNING (PID 295527)
  27B Model: 15.66 GiB / 15.65 GiB (100.0% complete)
  30B Model: 0.68 GiB / 18.5 GiB (3.7% complete)
  8B Model:  0 files staged
  DISK:      /dev/sda1       290G   53G  237G  19% /
----------------------------------------------------------------------------------------
[2026-10-07 21:39:04] [STAGE: 2/3: 30B Coding Model (Huihui-Qwen3-Coder-30B-A3B-Instruct-abliterated.Q4_K_M.gguf)]
  STATUS: Actively downloading 30B coding model chunks into /srv/nwa-model/models/coder-30b/ (0.7 GiB / 18.5 GiB, 3.8% done)
  STREAM: [#4a15f2 14GiB/15GiB(89%) CN:16 DL:583KiB ETA:48m29s]
  ARIA2: RUNNING (PID 295527)
  27B Model: 15.66 GiB / 15.65 GiB (100.0% complete)
  30B Model: 0.7 GiB / 18.5 GiB (3.8% complete)
  8B Model:  0 files staged
  DISK:      /dev/sda1       290G   53G  237G  19% /
----------------------------------------------------------------------------------------
[2026-10-07 21:39:16] [STAGE: 2/3: 30B Coding Model (Huihui-Qwen3-Coder-30B-A3B-Instruct-abliterated.Q4_K_M.gguf)]
  STATUS: Actively downloading 30B coding model chunks into /srv/nwa-model/models/coder-30b/ (0.7 GiB / 18.5 GiB, 3.8% done)
  STREAM: [#4a15f2 14GiB/15GiB(89%) CN:16 DL:583KiB ETA:48m29s]
  ARIA2: RUNNING (PID 295527)
  27B Model: 15.66 GiB / 15.65 GiB (100.0% complete)
  30B Model: 0.7 GiB / 18.5 GiB (3.8% complete)
  8B Model:  0 files staged
  DISK:      /dev/sda1       290G   53G  237G  19% /
----------------------------------------------------------------------------------------
[2026-10-07 21:39:29] [STAGE: 2/3: 30B Coding Model (Huihui-Qwen3-Coder-30B-A3B-Instruct-abliterated.Q4_K_M.gguf)]
  STATUS: Actively downloading 30B coding model chunks into /srv/nwa-model/models/coder-30b/ (0.71 GiB / 18.5 GiB, 3.8% done)
  STREAM: [#4a15f2 14GiB/15GiB(89%) CN:16 DL:583KiB ETA:48m29s]
  ARIA2: RUNNING (PID 295527)
  27B Model: 15.66 GiB / 15.65 GiB (100.0% complete)
  30B Model: 0.71 GiB / 18.5 GiB (3.8% complete)
  8B Model:  0 files staged
  DISK:      /dev/sda1       290G   53G  237G  19% /
----------------------------------------------------------------------------------------
[2026-10-07 21:39:41] [STAGE: 2/3: 30B Coding Model (Huihui-Qwen3-Coder-30B-A3B-Instruct-abliterated.Q4_K_M.gguf)]
  STATUS: Actively downloading 30B coding model chunks into /srv/nwa-model/models/coder-30b/ (0.72 GiB / 18.5 GiB, 3.9% done)
  STREAM: [#4a15f2 14GiB/15GiB(89%) CN:16 DL:583KiB ETA:48m29s]
  ARIA2: RUNNING (PID 295527)
  27B Model: 15.66 GiB / 15.65 GiB (100.0% complete)
  30B Model: 0.72 GiB / 18.5 GiB (3.9% complete)
  8B Model:  0 files staged
  DISK:      /dev/sda1       290G   53G  237G  19% /
----------------------------------------------------------------------------------------
[2026-10-07 21:39:57] [STAGE: 2/3: 30B Coding Model (Huihui-Qwen3-Coder-30B-A3B-Instruct-abliterated.Q4_K_M.gguf)]
  STATUS: Actively downloading 30B coding model chunks into /srv/nwa-model/models/coder-30b/ (0.73 GiB / 18.5 GiB, 3.9% done)
  STREAM: [#4a15f2 14GiB/15GiB(89%) CN:16 DL:583KiB ETA:48m29s]
  ARIA2: RUNNING (PID 295527)
  27B Model: 15.66 GiB / 15.65 GiB (100.0% complete)
  30B Model: 0.73 GiB / 18.5 GiB (3.9% complete)
  8B Model:  0 files staged
  DISK:      /dev/sda1       290G   53G  237G  19% /
----------------------------------------------------------------------------------------
[2026-10-07 21:40:08] [STAGE: 2/3: 30B Coding Model (Huihui-Qwen3-Coder-30B-A3B-Instruct-abliterated.Q4_K_M.gguf)]
  STATUS: Actively downloading 30B coding model chunks into /srv/nwa-model/models/coder-30b/ (0.73 GiB / 18.5 GiB, 4.0% done)
  STREAM: [#4a15f2 14GiB/15GiB(89%) CN:16 DL:583KiB ETA:48m29s]
  ARIA2: RUNNING (PID 295527)
  27B Model: 15.66 GiB / 15.65 GiB (100.0% complete)
  30B Model: 0.73 GiB / 18.5 GiB (4.0% complete)
  8B Model:  0 files staged
  DISK:      /dev/sda1       290G   53G  237G  19% /
----------------------------------------------------------------------------------------
[2026-10-07 21:40:20] [STAGE: 2/3: 30B Coding Model (Huihui-Qwen3-Coder-30B-A3B-Instruct-abliterated.Q4_K_M.gguf)]
  STATUS: Actively downloading 30B coding model chunks into /srv/nwa-model/models/coder-30b/ (0.74 GiB / 18.5 GiB, 4.0% done)
  STREAM: [#4a15f2 14GiB/15GiB(89%) CN:16 DL:583KiB ETA:48m29s]
  ARIA2: RUNNING (PID 295527)
  27B Model: 15.66 GiB / 15.65 GiB (100.0% complete)
  30B Model: 0.74 GiB / 18.5 GiB (4.0% complete)
  8B Model:  0 files staged
  DISK:      /dev/sda1       290G   53G  237G  19% /
----------------------------------------------------------------------------------------
[2026-10-07 21:40:32] [STAGE: 2/3: 30B Coding Model (Huihui-Qwen3-Coder-30B-A3B-Instruct-abliterated.Q4_K_M.gguf)]
  STATUS: Actively downloading 30B coding model chunks into /srv/nwa-model/models/coder-30b/ (0.74 GiB / 18.5 GiB, 4.0% done)
  STREAM: [#4a15f2 14GiB/15GiB(89%) CN:16 DL:583KiB ETA:48m29s]
  ARIA2: RUNNING (PID 295527)
  27B Model: 15.66 GiB / 15.65 GiB (100.0% complete)
  30B Model: 0.74 GiB / 18.5 GiB (4.0% complete)
  8B Model:  0 files staged
  DISK:      /dev/sda1       290G   53G  237G  19% /
----------------------------------------------------------------------------------------
[2026-10-07 21:40:46] [STAGE: 2/3: 30B Coding Model (Huihui-Qwen3-Coder-30B-A3B-Instruct-abliterated.Q4_K_M.gguf)]
  STATUS: Actively downloading 30B coding model chunks into /srv/nwa-model/models/coder-30b/ (0.75 GiB / 18.5 GiB, 4.1% done)
  STREAM: [#4a15f2 14GiB/15GiB(89%) CN:16 DL:583KiB ETA:48m29s]
  ARIA2: RUNNING (PID 295527)
  27B Model: 15.66 GiB / 15.65 GiB (100.0% complete)
  30B Model: 0.75 GiB / 18.5 GiB (4.1% complete)
  8B Model:  0 files staged
  DISK:      /dev/sda1       290G   53G  237G  19% /
----------------------------------------------------------------------------------------
[2026-10-07 21:40:58] [STAGE: 2/3: 30B Coding Model (Huihui-Qwen3-Coder-30B-A3B-Instruct-abliterated.Q4_K_M.gguf)]
  STATUS: Actively downloading 30B coding model chunks into /srv/nwa-model/models/coder-30b/ (0.76 GiB / 18.5 GiB, 4.1% done)
  STREAM: [#4a15f2 14GiB/15GiB(89%) CN:16 DL:583KiB ETA:48m29s]
  ARIA2: RUNNING (PID 295527)
  27B Model: 15.66 GiB / 15.65 GiB (100.0% complete)
  30B Model: 0.76 GiB / 18.5 GiB (4.1% complete)
  8B Model:  0 files staged
  DISK:      /dev/sda1       290G   53G  237G  19% /
----------------------------------------------------------------------------------------
[2026-10-07 21:41:09] [STAGE: 2/3: 30B Coding Model (Huihui-Qwen3-Coder-30B-A3B-Instruct-abliterated.Q4_K_M.gguf)]
  STATUS: Actively downloading 30B coding model chunks into /srv/nwa-model/models/coder-30b/ (0.76 GiB / 18.5 GiB, 4.1% done)
  STREAM: [#4a15f2 14GiB/15GiB(89%) CN:16 DL:583KiB ETA:48m29s]
  ARIA2: RUNNING (PID 295527)
  27B Model: 15.66 GiB / 15.65 GiB (100.0% complete)
  30B Model: 0.76 GiB / 18.5 GiB (4.1% complete)
  8B Model:  0 files staged
  DISK:      /dev/sda1       290G   53G  237G  19% /
----------------------------------------------------------------------------------------
[2026-10-07 21:41:20] [STAGE: 2/3: 30B Coding Model (Huihui-Qwen3-Coder-30B-A3B-Instruct-abliterated.Q4_K_M.gguf)]
  STATUS: Actively downloading 30B coding model chunks into /srv/nwa-model/models/coder-30b/ (0.77 GiB / 18.5 GiB, 4.2% done)
  STREAM: [#4a15f2 14GiB/15GiB(89%) CN:16 DL:583KiB ETA:48m29s]
  ARIA2: RUNNING (PID 295527)
  27B Model: 15.66 GiB / 15.65 GiB (100.0% complete)
  30B Model: 0.77 GiB / 18.5 GiB (4.2% complete)
  8B Model:  0 files staged
  DISK:      /dev/sda1       290G   53G  237G  19% /
----------------------------------------------------------------------------------------
[2026-10-07 21:41:32] [STAGE: 2/3: 30B Coding Model (Huihui-Qwen3-Coder-30B-A3B-Instruct-abliterated.Q4_K_M.gguf)]
  STATUS: Actively downloading 30B coding model chunks into /srv/nwa-model/models/coder-30b/ (0.77 GiB / 18.5 GiB, 4.2% done)
  STREAM: [#4a15f2 14GiB/15GiB(89%) CN:16 DL:583KiB ETA:48m29s]
  ARIA2: RUNNING (PID 295527)
  27B Model: 15.66 GiB / 15.65 GiB (100.0% complete)
  30B Model: 0.77 GiB / 18.5 GiB (4.2% complete)
  8B Model:  0 files staged
  DISK:      /dev/sda1       290G   53G  237G  19% /
----------------------------------------------------------------------------------------
[2026-10-07 21:41:45] [STAGE: 2/3: 30B Coding Model (Huihui-Qwen3-Coder-30B-A3B-Instruct-abliterated.Q4_K_M.gguf)]
  STATUS: Actively downloading 30B coding model chunks into /srv/nwa-model/models/coder-30b/ (0.78 GiB / 18.5 GiB, 4.2% done)
  STREAM: [#4a15f2 14GiB/15GiB(89%) CN:16 DL:583KiB ETA:48m29s]
  ARIA2: RUNNING (PID 295527)
  27B Model: 15.66 GiB / 15.65 GiB (100.0% complete)
  30B Model: 0.78 GiB / 18.5 GiB (4.2% complete)
  8B Model:  0 files staged
  DISK:      /dev/sda1       290G   53G  237G  19% /
----------------------------------------------------------------------------------------
[2026-10-07 21:41:57] [STAGE: 2/3: 30B Coding Model (Huihui-Qwen3-Coder-30B-A3B-Instruct-abliterated.Q4_K_M.gguf)]
  STATUS: Actively downloading 30B coding model chunks into /srv/nwa-model/models/coder-30b/ (0.79 GiB / 18.5 GiB, 4.3% done)
  STREAM: [#4a15f2 14GiB/15GiB(89%) CN:16 DL:583KiB ETA:48m29s]
  ARIA2: RUNNING (PID 295527)
  27B Model: 15.66 GiB / 15.65 GiB (100.0% complete)
  30B Model: 0.79 GiB / 18.5 GiB (4.3% complete)
  8B Model:  0 files staged
  DISK:      /dev/sda1       290G   53G  237G  19% /
----------------------------------------------------------------------------------------
[2026-10-07 21:42:09] [STAGE: 2/3: 30B Coding Model (Huihui-Qwen3-Coder-30B-A3B-Instruct-abliterated.Q4_K_M.gguf)]
  STATUS: Actively downloading 30B coding model chunks into /srv/nwa-model/models/coder-30b/ (0.8 GiB / 18.5 GiB, 4.3% done)
  STREAM: [#4a15f2 14GiB/15GiB(89%) CN:16 DL:583KiB ETA:48m29s]
  ARIA2: RUNNING (PID 295527)
  27B Model: 15.66 GiB / 15.65 GiB (100.0% complete)
  30B Model: 0.8 GiB / 18.5 GiB (4.3% complete)
  8B Model:  0 files staged
  DISK:      /dev/sda1       290G   53G  237G  19% /
----------------------------------------------------------------------------------------
[2026-10-07 21:42:31] [STAGE: 2/3: 30B Coding Model (Huihui-Qwen3-Coder-30B-A3B-Instruct-abliterated.Q4_K_M.gguf)]
  STATUS: Actively downloading 30B coding model chunks into /srv/nwa-model/models/coder-30b/ (0.8 GiB / 18.5 GiB, 4.4% done)
  STREAM: [#4a15f2 14GiB/15GiB(89%) CN:16 DL:583KiB ETA:48m29s]
  ARIA2: RUNNING (PID 295527)
  27B Model: 15.66 GiB / 15.65 GiB (100.0% complete)
  30B Model: 0.8 GiB / 18.5 GiB (4.4% complete)
  8B Model:  0 files staged
  DISK:      /dev/sda1       290G   53G  237G  19% /
----------------------------------------------------------------------------------------
[2026-10-07 21:42:43] [STAGE: 2/3: 30B Coding Model (Huihui-Qwen3-Coder-30B-A3B-Instruct-abliterated.Q4_K_M.gguf)]
  STATUS: Actively downloading 30B coding model chunks into /srv/nwa-model/models/coder-30b/ (0.82 GiB / 18.5 GiB, 4.4% done)
  STREAM: [#4a15f2 14GiB/15GiB(89%) CN:16 DL:583KiB ETA:48m29s]
  ARIA2: RUNNING (PID 295527)
  27B Model: 15.66 GiB / 15.65 GiB (100.0% complete)
  30B Model: 0.82 GiB / 18.5 GiB (4.4% complete)
  8B Model:  0 files staged
  DISK:      /dev/sda1       290G   53G  237G  19% /
----------------------------------------------------------------------------------------
[2026-10-07 21:42:57] [STAGE: 2/3: 30B Coding Model (Huihui-Qwen3-Coder-30B-A3B-Instruct-abliterated.Q4_K_M.gguf)]
  STATUS: Actively downloading 30B coding model chunks into /srv/nwa-model/models/coder-30b/ (0.83 GiB / 18.5 GiB, 4.5% done)
  STREAM: [#4a15f2 14GiB/15GiB(89%) CN:16 DL:583KiB ETA:48m29s]
  ARIA2: RUNNING (PID 295527)
  27B Model: 15.66 GiB / 15.65 GiB (100.0% complete)
  30B Model: 0.83 GiB / 18.5 GiB (4.5% complete)
  8B Model:  0 files staged
  DISK:      /dev/sda1       290G   53G  237G  19% /
----------------------------------------------------------------------------------------
[2026-10-07 21:43:09] [STAGE: 2/3: 30B Coding Model (Huihui-Qwen3-Coder-30B-A3B-Instruct-abliterated.Q4_K_M.gguf)]
  STATUS: Actively downloading 30B coding model chunks into /srv/nwa-model/models/coder-30b/ (0.83 GiB / 18.5 GiB, 4.5% done)
  STREAM: [#4a15f2 14GiB/15GiB(89%) CN:16 DL:583KiB ETA:48m29s]
  ARIA2: RUNNING (PID 295527)
  27B Model: 15.66 GiB / 15.65 GiB (100.0% complete)
  30B Model: 0.83 GiB / 18.5 GiB (4.5% complete)
  8B Model:  0 files staged
  DISK:      /dev/sda1       290G   53G  237G  19% /
----------------------------------------------------------------------------------------
[2026-10-07 21:43:20] [STAGE: 2/3: 30B Coding Model (Huihui-Qwen3-Coder-30B-A3B-Instruct-abliterated.Q4_K_M.gguf)]
  STATUS: Actively downloading 30B coding model chunks into /srv/nwa-model/models/coder-30b/ (0.83 GiB / 18.5 GiB, 4.5% done)
  STREAM: [#4a15f2 14GiB/15GiB(89%) CN:16 DL:583KiB ETA:48m29s]
  ARIA2: RUNNING (PID 295527)
  27B Model: 15.66 GiB / 15.65 GiB (100.0% complete)
  30B Model: 0.83 GiB / 18.5 GiB (4.5% complete)
  8B Model:  0 files staged
  DISK:      /dev/sda1       290G   53G  237G  19% /
----------------------------------------------------------------------------------------
[2026-10-07 21:43:33] [STAGE: 2/3: 30B Coding Model (Huihui-Qwen3-Coder-30B-A3B-Instruct-abliterated.Q4_K_M.gguf)]
  STATUS: Actively downloading 30B coding model chunks into /srv/nwa-model/models/coder-30b/ (0.84 GiB / 18.5 GiB, 4.6% done)
  STREAM: [#4a15f2 14GiB/15GiB(89%) CN:16 DL:583KiB ETA:48m29s]
  ARIA2: RUNNING (PID 295527)
  27B Model: 15.66 GiB / 15.65 GiB (100.0% complete)
  30B Model: 0.84 GiB / 18.5 GiB (4.6% complete)
  8B Model:  0 files staged
  DISK:      /dev/sda1       290G   53G  237G  19% /
----------------------------------------------------------------------------------------
[2026-10-07 21:43:46] [STAGE: 2/3: 30B Coding Model (Huihui-Qwen3-Coder-30B-A3B-Instruct-abliterated.Q4_K_M.gguf)]
  STATUS: Actively downloading 30B coding model chunks into /srv/nwa-model/models/coder-30b/ (0.85 GiB / 18.5 GiB, 4.6% done)
  STREAM: [#4a15f2 14GiB/15GiB(89%) CN:16 DL:583KiB ETA:48m29s]
  ARIA2: RUNNING (PID 295527)
  27B Model: 15.66 GiB / 15.65 GiB (100.0% complete)
  30B Model: 0.85 GiB / 18.5 GiB (4.6% complete)
  8B Model:  0 files staged
  DISK:      /dev/sda1       290G   54G  237G  19% /
----------------------------------------------------------------------------------------
[2026-10-07 21:44:00] [STAGE: 2/3: 30B Coding Model (Huihui-Qwen3-Coder-30B-A3B-Instruct-abliterated.Q4_K_M.gguf)]
  STATUS: Actively downloading 30B coding model chunks into /srv/nwa-model/models/coder-30b/ (0.86 GiB / 18.5 GiB, 4.7% done)
  STREAM: [#4a15f2 14GiB/15GiB(89%) CN:16 DL:583KiB ETA:48m29s]
  ARIA2: RUNNING (PID 295527)
  27B Model: 15.66 GiB / 15.65 GiB (100.0% complete)
  30B Model: 0.86 GiB / 18.5 GiB (4.7% complete)
  8B Model:  0 files staged
  DISK:      /dev/sda1       290G   54G  237G  19% /
----------------------------------------------------------------------------------------
[2026-10-07 21:44:11] [STAGE: 2/3: 30B Coding Model (Huihui-Qwen3-Coder-30B-A3B-Instruct-abliterated.Q4_K_M.gguf)]
  STATUS: Actively downloading 30B coding model chunks into /srv/nwa-model/models/coder-30b/ (0.86 GiB / 18.5 GiB, 4.7% done)
  STREAM: [#4a15f2 14GiB/15GiB(89%) CN:16 DL:583KiB ETA:48m29s]
  ARIA2: RUNNING (PID 295527)
  27B Model: 15.66 GiB / 15.65 GiB (100.0% complete)
  30B Model: 0.86 GiB / 18.5 GiB (4.7% complete)
  8B Model:  0 files staged
  DISK:      /dev/sda1       290G   54G  237G  19% /
----------------------------------------------------------------------------------------
[2026-10-07 21:44:22] [STAGE: 2/3: 30B Coding Model (Huihui-Qwen3-Coder-30B-A3B-Instruct-abliterated.Q4_K_M.gguf)]
  STATUS: Actively downloading 30B coding model chunks into /srv/nwa-model/models/coder-30b/ (0.87 GiB / 18.5 GiB, 4.7% done)
  STREAM: [#4a15f2 14GiB/15GiB(89%) CN:16 DL:583KiB ETA:48m29s]
  ARIA2: RUNNING (PID 295527)
  27B Model: 15.66 GiB / 15.65 GiB (100.0% complete)
  30B Model: 0.87 GiB / 18.5 GiB (4.7% complete)
  8B Model:  0 files staged
  DISK:      /dev/sda1       290G   54G  237G  19% /
----------------------------------------------------------------------------------------
[2026-10-07 21:44:32] [STAGE: 2/3: 30B Coding Model (Huihui-Qwen3-Coder-30B-A3B-Instruct-abliterated.Q4_K_M.gguf)]
  STATUS: Actively downloading 30B coding model chunks into /srv/nwa-model/models/coder-30b/ (0.87 GiB / 18.5 GiB, 4.7% done)
  STREAM: [#4a15f2 14GiB/15GiB(89%) CN:16 DL:583KiB ETA:48m29s]
  ARIA2: RUNNING (PID 295527)
  27B Model: 15.66 GiB / 15.65 GiB (100.0% complete)
  30B Model: 0.87 GiB / 18.5 GiB (4.7% complete)
  8B Model:  0 files staged
  DISK:      /dev/sda1       290G   54G  237G  19% /
----------------------------------------------------------------------------------------
[2026-10-07 21:44:45] [STAGE: 2/3: 30B Coding Model (Huihui-Qwen3-Coder-30B-A3B-Instruct-abliterated.Q4_K_M.gguf)]
  STATUS: Actively downloading 30B coding model chunks into /srv/nwa-model/models/coder-30b/ (0.88 GiB / 18.5 GiB, 4.8% done)
  STREAM: [#4a15f2 14GiB/15GiB(89%) CN:16 DL:583KiB ETA:48m29s]
  ARIA2: RUNNING (PID 295527)
  27B Model: 15.66 GiB / 15.65 GiB (100.0% complete)
  30B Model: 0.88 GiB / 18.5 GiB (4.8% complete)
  8B Model:  0 files staged
  DISK:      /dev/sda1       290G   54G  237G  19% /
----------------------------------------------------------------------------------------
[2026-10-07 21:44:59] [STAGE: 2/3: 30B Coding Model (Huihui-Qwen3-Coder-30B-A3B-Instruct-abliterated.Q4_K_M.gguf)]
  STATUS: Actively downloading 30B coding model chunks into /srv/nwa-model/models/coder-30b/ (0.89 GiB / 18.5 GiB, 4.8% done)
  STREAM: [#4a15f2 14GiB/15GiB(89%) CN:16 DL:583KiB ETA:48m29s]
  ARIA2: RUNNING (PID 295527)
  27B Model: 15.66 GiB / 15.65 GiB (100.0% complete)
  30B Model: 0.89 GiB / 18.5 GiB (4.8% complete)
  8B Model:  0 files staged
  DISK:      /dev/sda1       290G   54G  237G  19% /
----------------------------------------------------------------------------------------
[2026-10-07 21:45:10] [STAGE: 2/3: 30B Coding Model (Huihui-Qwen3-Coder-30B-A3B-Instruct-abliterated.Q4_K_M.gguf)]
  STATUS: Actively downloading 30B coding model chunks into /srv/nwa-model/models/coder-30b/ (0.9 GiB / 18.5 GiB, 4.9% done)
  STREAM: [#4a15f2 14GiB/15GiB(89%) CN:16 DL:583KiB ETA:48m29s]
  ARIA2: RUNNING (PID 295527)
  27B Model: 15.66 GiB / 15.65 GiB (100.0% complete)
  30B Model: 0.9 GiB / 18.5 GiB (4.9% complete)
  8B Model:  0 files staged
  DISK:      /dev/sda1       290G   54G  237G  19% /
----------------------------------------------------------------------------------------
[2026-10-07 21:45:22] [STAGE: 2/3: 30B Coding Model (Huihui-Qwen3-Coder-30B-A3B-Instruct-abliterated.Q4_K_M.gguf)]
  STATUS: Actively downloading 30B coding model chunks into /srv/nwa-model/models/coder-30b/ (0.91 GiB / 18.5 GiB, 5.0% done)
  STREAM: [#4a15f2 14GiB/15GiB(89%) CN:16 DL:583KiB ETA:48m29s]
  ARIA2: RUNNING (PID 295527)
  27B Model: 15.66 GiB / 15.65 GiB (100.0% complete)
  30B Model: 0.91 GiB / 18.5 GiB (5.0% complete)
  8B Model:  0 files staged
  DISK:      /dev/sda1       290G   54G  237G  19% /
----------------------------------------------------------------------------------------
[2026-10-07 21:46:00] [STAGE: 2/3: 30B Coding Model (Huihui-Qwen3-Coder-30B-A3B-Instruct-abliterated.Q4_K_M.gguf)]
  STATUS: Actively downloading 30B coding model chunks into /srv/nwa-model/models/coder-30b/ (0.93 GiB / 18.5 GiB, 5.0% done)
  STREAM: [#4a15f2 14GiB/15GiB(89%) CN:16 DL:583KiB ETA:48m29s]
  ARIA2: RUNNING (PID 295527)
  27B Model: 15.66 GiB / 15.65 GiB (100.0% complete)
  30B Model: 0.93 GiB / 18.5 GiB (5.0% complete)
  8B Model:  0 files staged
  DISK:      /dev/sda1       290G   54G  237G  19% /
----------------------------------------------------------------------------------------
[2026-10-07 21:46:11] [STAGE: 2/3: 30B Coding Model (Huihui-Qwen3-Coder-30B-A3B-Instruct-abliterated.Q4_K_M.gguf)]
  STATUS: Actively downloading 30B coding model chunks into /srv/nwa-model/models/coder-30b/ (0.93 GiB / 18.5 GiB, 5.0% done)
  STREAM: [#4a15f2 14GiB/15GiB(89%) CN:16 DL:583KiB ETA:48m29s]
  ARIA2: RUNNING (PID 295527)
  27B Model: 15.66 GiB / 15.65 GiB (100.0% complete)
  30B Model: 0.93 GiB / 18.5 GiB (5.0% complete)
  8B Model:  0 files staged
  DISK:      /dev/sda1       290G   54G  237G  19% /
----------------------------------------------------------------------------------------
[2026-10-07 21:46:22] [STAGE: 2/3: 30B Coding Model (Huihui-Qwen3-Coder-30B-A3B-Instruct-abliterated.Q4_K_M.gguf)]
  STATUS: Actively downloading 30B coding model chunks into /srv/nwa-model/models/coder-30b/ (0.93 GiB / 18.5 GiB, 5.1% done)
  STREAM: [#4a15f2 14GiB/15GiB(89%) CN:16 DL:583KiB ETA:48m29s]
  ARIA2: RUNNING (PID 295527)
  27B Model: 15.66 GiB / 15.65 GiB (100.0% complete)
  30B Model: 0.93 GiB / 18.5 GiB (5.1% complete)
  8B Model:  0 files staged
  DISK:      /dev/sda1       290G   54G  237G  19% /
----------------------------------------------------------------------------------------
[2026-10-07 21:46:35] [STAGE: 2/3: 30B Coding Model (Huihui-Qwen3-Coder-30B-A3B-Instruct-abliterated.Q4_K_M.gguf)]
  STATUS: Actively downloading 30B coding model chunks into /srv/nwa-model/models/coder-30b/ (0.94 GiB / 18.5 GiB, 5.1% done)
  STREAM: [#4a15f2 14GiB/15GiB(89%) CN:16 DL:583KiB ETA:48m29s]
  ARIA2: RUNNING (PID 295527)
  27B Model: 15.66 GiB / 15.65 GiB (100.0% complete)
  30B Model: 0.94 GiB / 18.5 GiB (5.1% complete)
  8B Model:  0 files staged
  DISK:      /dev/sda1       290G   54G  237G  19% /
----------------------------------------------------------------------------------------
[2026-10-07 21:46:46] [STAGE: 2/3: 30B Coding Model (Huihui-Qwen3-Coder-30B-A3B-Instruct-abliterated.Q4_K_M.gguf)]
  STATUS: Actively downloading 30B coding model chunks into /srv/nwa-model/models/coder-30b/ (0.95 GiB / 18.5 GiB, 5.1% done)
  STREAM: [#4a15f2 14GiB/15GiB(89%) CN:16 DL:583KiB ETA:48m29s]
  ARIA2: RUNNING (PID 295527)
  27B Model: 15.66 GiB / 15.65 GiB (100.0% complete)
  30B Model: 0.95 GiB / 18.5 GiB (5.1% complete)
  8B Model:  0 files staged
  DISK:      /dev/sda1       290G   54G  237G  19% /
----------------------------------------------------------------------------------------
[2026-10-07 21:46:59] [STAGE: 2/3: 30B Coding Model (Huihui-Qwen3-Coder-30B-A3B-Instruct-abliterated.Q4_K_M.gguf)]
  STATUS: Actively downloading 30B coding model chunks into /srv/nwa-model/models/coder-30b/ (0.96 GiB / 18.5 GiB, 5.2% done)
  STREAM: [#4a15f2 14GiB/15GiB(89%) CN:16 DL:583KiB ETA:48m29s]
  ARIA2: RUNNING (PID 295527)
  27B Model: 15.66 GiB / 15.65 GiB (100.0% complete)
  30B Model: 0.96 GiB / 18.5 GiB (5.2% complete)
  8B Model:  0 files staged
  DISK:      /dev/sda1       290G   54G  237G  19% /
----------------------------------------------------------------------------------------
[2026-10-07 21:47:13] [STAGE: 2/3: 30B Coding Model (Huihui-Qwen3-Coder-30B-A3B-Instruct-abliterated.Q4_K_M.gguf)]
  STATUS: Actively downloading 30B coding model chunks into /srv/nwa-model/models/coder-30b/ (0.96 GiB / 18.5 GiB, 5.2% done)
  STREAM: [#4a15f2 14GiB/15GiB(89%) CN:16 DL:583KiB ETA:48m29s]
  ARIA2: RUNNING (PID 295527)
  27B Model: 15.66 GiB / 15.65 GiB (100.0% complete)
  30B Model: 0.96 GiB / 18.5 GiB (5.2% complete)
  8B Model:  0 files staged
  DISK:      /dev/sda1       290G   54G  237G  19% /
----------------------------------------------------------------------------------------
[2026-10-07 21:47:26] [STAGE: 2/3: 30B Coding Model (Huihui-Qwen3-Coder-30B-A3B-Instruct-abliterated.Q4_K_M.gguf)]
  STATUS: Actively downloading 30B coding model chunks into /srv/nwa-model/models/coder-30b/ (0.97 GiB / 18.5 GiB, 5.2% done)
  STREAM: [#4a15f2 14GiB/15GiB(89%) CN:16 DL:583KiB ETA:48m29s]
  ARIA2: RUNNING (PID 295527)
  27B Model: 15.66 GiB / 15.65 GiB (100.0% complete)
  30B Model: 0.97 GiB / 18.5 GiB (5.2% complete)
  8B Model:  0 files staged
  DISK:      /dev/sda1       290G   54G  237G  19% /
----------------------------------------------------------------------------------------
[2026-10-07 21:47:39] [STAGE: 2/3: 30B Coding Model (Huihui-Qwen3-Coder-30B-A3B-Instruct-abliterated.Q4_K_M.gguf)]
  STATUS: Actively downloading 30B coding model chunks into /srv/nwa-model/models/coder-30b/ (0.98 GiB / 18.5 GiB, 5.3% done)
  STREAM: [#4a15f2 14GiB/15GiB(89%) CN:16 DL:583KiB ETA:48m29s]
  ARIA2: RUNNING (PID 295527)
  27B Model: 15.66 GiB / 15.65 GiB (100.0% complete)
  30B Model: 0.98 GiB / 18.5 GiB (5.3% complete)
  8B Model:  0 files staged
  DISK:      /dev/sda1       290G   54G  237G  19% /
----------------------------------------------------------------------------------------
[2026-10-07 21:47:52] [STAGE: 2/3: 30B Coding Model (Huihui-Qwen3-Coder-30B-A3B-Instruct-abliterated.Q4_K_M.gguf)]
  STATUS: Actively downloading 30B coding model chunks into /srv/nwa-model/models/coder-30b/ (0.98 GiB / 18.5 GiB, 5.3% done)
  STREAM: [#4a15f2 14GiB/15GiB(89%) CN:16 DL:583KiB ETA:48m29s]
  ARIA2: RUNNING (PID 295527)
  27B Model: 15.66 GiB / 15.65 GiB (100.0% complete)
  30B Model: 0.98 GiB / 18.5 GiB (5.3% complete)
  8B Model:  0 files staged
  DISK:      /dev/sda1       290G   54G  237G  19% /
----------------------------------------------------------------------------------------
[2026-10-07 21:48:03] [STAGE: 2/3: 30B Coding Model (Huihui-Qwen3-Coder-30B-A3B-Instruct-abliterated.Q4_K_M.gguf)]
  STATUS: Actively downloading 30B coding model chunks into /srv/nwa-model/models/coder-30b/ (0.99 GiB / 18.5 GiB, 5.4% done)
  STREAM: [#4a15f2 14GiB/15GiB(89%) CN:16 DL:583KiB ETA:48m29s]
  ARIA2: RUNNING (PID 295527)
  27B Model: 15.66 GiB / 15.65 GiB (100.0% complete)
  30B Model: 0.99 GiB / 18.5 GiB (5.4% complete)
  8B Model:  0 files staged
  DISK:      /dev/sda1       290G   54G  237G  19% /
----------------------------------------------------------------------------------------
[2026-10-07 21:48:15] [STAGE: 2/3: 30B Coding Model (Huihui-Qwen3-Coder-30B-A3B-Instruct-abliterated.Q4_K_M.gguf)]
  STATUS: Actively downloading 30B coding model chunks into /srv/nwa-model/models/coder-30b/ (1.0 GiB / 18.5 GiB, 5.4% done)
  STREAM: [#4a15f2 14GiB/15GiB(89%) CN:16 DL:583KiB ETA:48m29s]
  ARIA2: RUNNING (PID 295527)
  27B Model: 15.66 GiB / 15.65 GiB (100.0% complete)
  30B Model: 1.0 GiB / 18.5 GiB (5.4% complete)
  8B Model:  0 files staged
  DISK:      /dev/sda1       290G   54G  237G  19% /
----------------------------------------------------------------------------------------
[2026-10-07 21:48:25] [STAGE: 2/3: 30B Coding Model (Huihui-Qwen3-Coder-30B-A3B-Instruct-abliterated.Q4_K_M.gguf)]
  STATUS: Actively downloading 30B coding model chunks into /srv/nwa-model/models/coder-30b/ (1.0 GiB / 18.5 GiB, 5.4% done)
  STREAM: [#4a15f2 14GiB/15GiB(89%) CN:16 DL:583KiB ETA:48m29s]
  ARIA2: RUNNING (PID 295527)
  27B Model: 15.66 GiB / 15.65 GiB (100.0% complete)
  30B Model: 1.0 GiB / 18.5 GiB (5.4% complete)
  8B Model:  0 files staged
  DISK:      /dev/sda1       290G   54G  237G  19% /
----------------------------------------------------------------------------------------
[2026-10-07 21:48:41] [STAGE: 2/3: 30B Coding Model (Huihui-Qwen3-Coder-30B-A3B-Instruct-abliterated.Q4_K_M.gguf)]
  STATUS: Actively downloading 30B coding model chunks into /srv/nwa-model/models/coder-30b/ (1.01 GiB / 18.5 GiB, 5.5% done)
  STREAM: [#4a15f2 14GiB/15GiB(89%) CN:16 DL:583KiB ETA:48m29s]
  ARIA2: RUNNING (PID 295527)
  27B Model: 15.66 GiB / 15.65 GiB (100.0% complete)
  30B Model: 1.01 GiB / 18.5 GiB (5.5% complete)
  8B Model:  0 files staged
  DISK:      /dev/sda1       290G   54G  237G  19% /
----------------------------------------------------------------------------------------
[2026-10-07 21:48:58] [STAGE: 2/3: 30B Coding Model (Huihui-Qwen3-Coder-30B-A3B-Instruct-abliterated.Q4_K_M.gguf)]
  STATUS: Actively downloading 30B coding model chunks into /srv/nwa-model/models/coder-30b/ (1.02 GiB / 18.5 GiB, 5.6% done)
  STREAM: [#4a15f2 14GiB/15GiB(89%) CN:16 DL:583KiB ETA:48m29s]
  ARIA2: RUNNING (PID 295527)
  27B Model: 15.66 GiB / 15.65 GiB (100.0% complete)
  30B Model: 1.02 GiB / 18.5 GiB (5.6% complete)
  8B Model:  0 files staged
  DISK:      /dev/sda1       290G   54G  237G  19% /
----------------------------------------------------------------------------------------
[2026-10-07 21:49:09] [STAGE: 2/3: 30B Coding Model (Huihui-Qwen3-Coder-30B-A3B-Instruct-abliterated.Q4_K_M.gguf)]
  STATUS: Actively downloading 30B coding model chunks into /srv/nwa-model/models/coder-30b/ (1.03 GiB / 18.5 GiB, 5.6% done)
  STREAM: [#4a15f2 14GiB/15GiB(89%) CN:16 DL:583KiB ETA:48m29s]
  ARIA2: RUNNING (PID 295527)
  27B Model: 15.66 GiB / 15.65 GiB (100.0% complete)
  30B Model: 1.03 GiB / 18.5 GiB (5.6% complete)
  8B Model:  0 files staged
  DISK:      /dev/sda1       290G   54G  237G  19% /
----------------------------------------------------------------------------------------
[2026-10-07 21:49:28] [STAGE: 2/3: 30B Coding Model (Huihui-Qwen3-Coder-30B-A3B-Instruct-abliterated.Q4_K_M.gguf)]
  STATUS: Actively downloading 30B coding model chunks into /srv/nwa-model/models/coder-30b/ (1.04 GiB / 18.5 GiB, 5.6% done)
  STREAM: [#4a15f2 14GiB/15GiB(89%) CN:16 DL:583KiB ETA:48m29s]
  ARIA2: RUNNING (PID 295527)
  27B Model: 15.66 GiB / 15.65 GiB (100.0% complete)
  30B Model: 1.04 GiB / 18.5 GiB (5.6% complete)
  8B Model:  0 files staged
  DISK:      /dev/sda1       290G   54G  237G  19% /
----------------------------------------------------------------------------------------
[2026-10-07 21:49:40] [STAGE: 2/3: 30B Coding Model (Huihui-Qwen3-Coder-30B-A3B-Instruct-abliterated.Q4_K_M.gguf)]
  STATUS: Actively downloading 30B coding model chunks into /srv/nwa-model/models/coder-30b/ (1.04 GiB / 18.5 GiB, 5.7% done)
  STREAM: [#4a15f2 14GiB/15GiB(89%) CN:16 DL:583KiB ETA:48m29s]
  ARIA2: RUNNING (PID 295527)
  27B Model: 15.66 GiB / 15.65 GiB (100.0% complete)
  30B Model: 1.04 GiB / 18.5 GiB (5.7% complete)
  8B Model:  0 files staged
  DISK:      /dev/sda1       290G   54G  237G  19% /
----------------------------------------------------------------------------------------
[2026-10-07 21:49:57] [STAGE: 2/3: 30B Coding Model (Huihui-Qwen3-Coder-30B-A3B-Instruct-abliterated.Q4_K_M.gguf)]
  STATUS: Actively downloading 30B coding model chunks into /srv/nwa-model/models/coder-30b/ (1.06 GiB / 18.5 GiB, 5.7% done)
  STREAM: [#4a15f2 14GiB/15GiB(89%) CN:16 DL:583KiB ETA:48m29s]
  ARIA2: RUNNING (PID 295527)
  27B Model: 15.66 GiB / 15.65 GiB (100.0% complete)
  30B Model: 1.06 GiB / 18.5 GiB (5.7% complete)
  8B Model:  0 files staged
  DISK:      /dev/sda1       290G   54G  237G  19% /
----------------------------------------------------------------------------------------
[2026-10-07 21:50:10] [STAGE: 2/3: 30B Coding Model (Huihui-Qwen3-Coder-30B-A3B-Instruct-abliterated.Q4_K_M.gguf)]
  STATUS: Actively downloading 30B coding model chunks into /srv/nwa-model/models/coder-30b/ (1.06 GiB / 18.5 GiB, 5.8% done)
  STREAM: [#4a15f2 14GiB/15GiB(89%) CN:16 DL:583KiB ETA:48m29s]
  ARIA2: RUNNING (PID 295527)
  27B Model: 15.66 GiB / 15.65 GiB (100.0% complete)
  30B Model: 1.06 GiB / 18.5 GiB (5.8% complete)
  8B Model:  0 files staged
  DISK:      /dev/sda1       290G   54G  237G  19% /
----------------------------------------------------------------------------------------
[2026-10-07 21:50:23] [STAGE: 2/3: 30B Coding Model (Huihui-Qwen3-Coder-30B-A3B-Instruct-abliterated.Q4_K_M.gguf)]
  STATUS: Actively downloading 30B coding model chunks into /srv/nwa-model/models/coder-30b/ (1.07 GiB / 18.5 GiB, 5.8% done)
  STREAM: [#4a15f2 14GiB/15GiB(89%) CN:16 DL:583KiB ETA:48m29s]
  ARIA2: RUNNING (PID 295527)
  27B Model: 15.66 GiB / 15.65 GiB (100.0% complete)
  30B Model: 1.07 GiB / 18.5 GiB (5.8% complete)
  8B Model:  0 files staged
  DISK:      /dev/sda1       290G   54G  237G  19% /
----------------------------------------------------------------------------------------
[2026-10-07 21:50:39] [STAGE: 2/3: 30B Coding Model (Huihui-Qwen3-Coder-30B-A3B-Instruct-abliterated.Q4_K_M.gguf)]
  STATUS: Actively downloading 30B coding model chunks into /srv/nwa-model/models/coder-30b/ (1.07 GiB / 18.5 GiB, 5.8% done)
  STREAM: [#4a15f2 14GiB/15GiB(89%) CN:16 DL:583KiB ETA:48m29s]
  ARIA2: RUNNING (PID 295527)
  27B Model: 15.66 GiB / 15.65 GiB (100.0% complete)
  30B Model: 1.07 GiB / 18.5 GiB (5.8% complete)
  8B Model:  0 files staged
  DISK:      /dev/sda1       290G   54G  237G  19% /
----------------------------------------------------------------------------------------
[2026-10-07 21:50:52] [STAGE: 2/3: 30B Coding Model (Huihui-Qwen3-Coder-30B-A3B-Instruct-abliterated.Q4_K_M.gguf)]
  STATUS: Actively downloading 30B coding model chunks into /srv/nwa-model/models/coder-30b/ (1.08 GiB / 18.5 GiB, 5.9% done)
  STREAM: [#4a15f2 14GiB/15GiB(89%) CN:16 DL:583KiB ETA:48m29s]
  ARIA2: RUNNING (PID 295527)
  27B Model: 15.66 GiB / 15.65 GiB (100.0% complete)
  30B Model: 1.08 GiB / 18.5 GiB (5.9% complete)
  8B Model:  0 files staged
  DISK:      /dev/sda1       290G   54G  237G  19% /
----------------------------------------------------------------------------------------
[2026-10-07 21:51:05] [STAGE: 2/3: 30B Coding Model (Huihui-Qwen3-Coder-30B-A3B-Instruct-abliterated.Q4_K_M.gguf)]
  STATUS: Actively downloading 30B coding model chunks into /srv/nwa-model/models/coder-30b/ (1.09 GiB / 18.5 GiB, 5.9% done)
  STREAM: [#4a15f2 14GiB/15GiB(89%) CN:16 DL:583KiB ETA:48m29s]
  ARIA2: RUNNING (PID 295527)
  27B Model: 15.66 GiB / 15.65 GiB (100.0% complete)
  30B Model: 1.09 GiB / 18.5 GiB (5.9% complete)
  8B Model:  0 files staged
  DISK:      /dev/sda1       290G   54G  237G  19% /
----------------------------------------------------------------------------------------
[2026-10-07 21:51:16] [STAGE: 2/3: 30B Coding Model (Huihui-Qwen3-Coder-30B-A3B-Instruct-abliterated.Q4_K_M.gguf)]
  STATUS: Actively downloading 30B coding model chunks into /srv/nwa-model/models/coder-30b/ (1.1 GiB / 18.5 GiB, 6.0% done)
  STREAM: [#4a15f2 14GiB/15GiB(89%) CN:16 DL:583KiB ETA:48m29s]
  ARIA2: RUNNING (PID 295527)
  27B Model: 15.66 GiB / 15.65 GiB (100.0% complete)
  30B Model: 1.1 GiB / 18.5 GiB (6.0% complete)
  8B Model:  0 files staged
  DISK:      /dev/sda1       290G   54G  237G  19% /
----------------------------------------------------------------------------------------
[2026-10-07 21:51:30] [STAGE: 2/3: 30B Coding Model (Huihui-Qwen3-Coder-30B-A3B-Instruct-abliterated.Q4_K_M.gguf)]
  STATUS: Actively downloading 30B coding model chunks into /srv/nwa-model/models/coder-30b/ (1.1 GiB / 18.5 GiB, 6.0% done)
  STREAM: [#4a15f2 14GiB/15GiB(89%) CN:16 DL:583KiB ETA:48m29s]
  ARIA2: RUNNING (PID 295527)
  27B Model: 15.66 GiB / 15.65 GiB (100.0% complete)
  30B Model: 1.1 GiB / 18.5 GiB (6.0% complete)
  8B Model:  0 files staged
  DISK:      /dev/sda1       290G   54G  237G  19% /
----------------------------------------------------------------------------------------
[2026-10-07 21:51:41] [STAGE: 2/3: 30B Coding Model (Huihui-Qwen3-Coder-30B-A3B-Instruct-abliterated.Q4_K_M.gguf)]
  STATUS: Actively downloading 30B coding model chunks into /srv/nwa-model/models/coder-30b/ (1.11 GiB / 18.5 GiB, 6.0% done)
  STREAM: [#4a15f2 14GiB/15GiB(89%) CN:16 DL:583KiB ETA:48m29s]
  ARIA2: RUNNING (PID 295527)
  27B Model: 15.66 GiB / 15.65 GiB (100.0% complete)
  30B Model: 1.11 GiB / 18.5 GiB (6.0% complete)
  8B Model:  0 files staged
  DISK:      /dev/sda1       290G   54G  237G  19% /
----------------------------------------------------------------------------------------
[2026-10-07 21:51:57] [STAGE: 2/3: 30B Coding Model (Huihui-Qwen3-Coder-30B-A3B-Instruct-abliterated.Q4_K_M.gguf)]
  STATUS: Actively downloading 30B coding model chunks into /srv/nwa-model/models/coder-30b/ (1.12 GiB / 18.5 GiB, 6.1% done)
  STREAM: [#4a15f2 14GiB/15GiB(89%) CN:16 DL:583KiB ETA:48m29s]
  ARIA2: RUNNING (PID 295527)
  27B Model: 15.66 GiB / 15.65 GiB (100.0% complete)
  30B Model: 1.12 GiB / 18.5 GiB (6.1% complete)
  8B Model:  0 files staged
  DISK:      /dev/sda1       290G   54G  237G  19% /
----------------------------------------------------------------------------------------
[2026-10-07 21:52:08] [STAGE: 2/3: 30B Coding Model (Huihui-Qwen3-Coder-30B-A3B-Instruct-abliterated.Q4_K_M.gguf)]
  STATUS: Actively downloading 30B coding model chunks into /srv/nwa-model/models/coder-30b/ (1.13 GiB / 18.5 GiB, 6.1% done)
  STREAM: [#4a15f2 14GiB/15GiB(89%) CN:16 DL:583KiB ETA:48m29s]
  ARIA2: RUNNING (PID 295527)
  27B Model: 15.66 GiB / 15.65 GiB (100.0% complete)
  30B Model: 1.13 GiB / 18.5 GiB (6.1% complete)
  8B Model:  0 files staged
  DISK:      /dev/sda1       290G   54G  237G  19% /
----------------------------------------------------------------------------------------
[2026-10-07 21:52:20] [STAGE: 2/3: 30B Coding Model (Huihui-Qwen3-Coder-30B-A3B-Instruct-abliterated.Q4_K_M.gguf)]
  STATUS: Actively downloading 30B coding model chunks into /srv/nwa-model/models/coder-30b/ (1.13 GiB / 18.5 GiB, 6.1% done)
  STREAM: [#4a15f2 14GiB/15GiB(89%) CN:16 DL:583KiB ETA:48m29s]
  ARIA2: RUNNING (PID 295527)
  27B Model: 15.66 GiB / 15.65 GiB (100.0% complete)
  30B Model: 1.13 GiB / 18.5 GiB (6.1% complete)
  8B Model:  0 files staged
  DISK:      /dev/sda1       290G   54G  237G  19% /
----------------------------------------------------------------------------------------
[2026-10-07 21:52:32] [STAGE: 2/3: 30B Coding Model (Huihui-Qwen3-Coder-30B-A3B-Instruct-abliterated.Q4_K_M.gguf)]
  STATUS: Actively downloading 30B coding model chunks into /srv/nwa-model/models/coder-30b/ (1.14 GiB / 18.5 GiB, 6.2% done)
  STREAM: [#4a15f2 14GiB/15GiB(89%) CN:16 DL:583KiB ETA:48m29s]
  ARIA2: RUNNING (PID 295527)
  27B Model: 15.66 GiB / 15.65 GiB (100.0% complete)
  30B Model: 1.14 GiB / 18.5 GiB (6.2% complete)
  8B Model:  0 files staged
  DISK:      /dev/sda1       290G   54G  237G  19% /
----------------------------------------------------------------------------------------
[2026-10-07 21:52:43] [STAGE: 2/3: 30B Coding Model (Huihui-Qwen3-Coder-30B-A3B-Instruct-abliterated.Q4_K_M.gguf)]
  STATUS: Actively downloading 30B coding model chunks into /srv/nwa-model/models/coder-30b/ (1.14 GiB / 18.5 GiB, 6.2% done)
  STREAM: [#4a15f2 14GiB/15GiB(89%) CN:16 DL:583KiB ETA:48m29s]
  ARIA2: RUNNING (PID 295527)
  27B Model: 15.66 GiB / 15.65 GiB (100.0% complete)
  30B Model: 1.14 GiB / 18.5 GiB (6.2% complete)
  8B Model:  0 files staged
  DISK:      /dev/sda1       290G   54G  237G  19% /
----------------------------------------------------------------------------------------
[2026-10-07 21:52:54] [STAGE: 2/3: 30B Coding Model (Huihui-Qwen3-Coder-30B-A3B-Instruct-abliterated.Q4_K_M.gguf)]
  STATUS: Actively downloading 30B coding model chunks into /srv/nwa-model/models/coder-30b/ (1.16 GiB / 18.5 GiB, 6.3% done)
  STREAM: [#4a15f2 14GiB/15GiB(89%) CN:16 DL:583KiB ETA:48m29s]
  ARIA2: RUNNING (PID 295527)
  27B Model: 15.66 GiB / 15.65 GiB (100.0% complete)
  30B Model: 1.16 GiB / 18.5 GiB (6.3% complete)
  8B Model:  0 files staged
  DISK:      /dev/sda1       290G   54G  237G  19% /
----------------------------------------------------------------------------------------
[2026-10-07 21:53:10] [STAGE: 2/3: 30B Coding Model (Huihui-Qwen3-Coder-30B-A3B-Instruct-abliterated.Q4_K_M.gguf)]
  STATUS: Actively downloading 30B coding model chunks into /srv/nwa-model/models/coder-30b/ (1.16 GiB / 18.5 GiB, 6.3% done)
  STREAM: [#4a15f2 14GiB/15GiB(89%) CN:16 DL:583KiB ETA:48m29s]
  ARIA2: RUNNING (PID 295527)
  27B Model: 15.66 GiB / 15.65 GiB (100.0% complete)
  30B Model: 1.16 GiB / 18.5 GiB (6.3% complete)
  8B Model:  0 files staged
  DISK:      /dev/sda1       290G   54G  237G  19% /
----------------------------------------------------------------------------------------
[2026-10-07 21:53:21] [STAGE: 2/3: 30B Coding Model (Huihui-Qwen3-Coder-30B-A3B-Instruct-abliterated.Q4_K_M.gguf)]
  STATUS: Actively downloading 30B coding model chunks into /srv/nwa-model/models/coder-30b/ (1.17 GiB / 18.5 GiB, 6.3% done)
  STREAM: [#4a15f2 14GiB/15GiB(89%) CN:16 DL:583KiB ETA:48m29s]
  ARIA2: RUNNING (PID 295527)
  27B Model: 15.66 GiB / 15.65 GiB (100.0% complete)
  30B Model: 1.17 GiB / 18.5 GiB (6.3% complete)
  8B Model:  0 files staged
  DISK:      /dev/sda1       290G   54G  237G  19% /
----------------------------------------------------------------------------------------
[2026-10-07 21:53:34] [STAGE: 2/3: 30B Coding Model (Huihui-Qwen3-Coder-30B-A3B-Instruct-abliterated.Q4_K_M.gguf)]
  STATUS: Actively downloading 30B coding model chunks into /srv/nwa-model/models/coder-30b/ (1.17 GiB / 18.5 GiB, 6.4% done)
  STREAM: [#4a15f2 14GiB/15GiB(89%) CN:16 DL:583KiB ETA:48m29s]
  ARIA2: RUNNING (PID 295527)
  27B Model: 15.66 GiB / 15.65 GiB (100.0% complete)
  30B Model: 1.17 GiB / 18.5 GiB (6.4% complete)
  8B Model:  0 files staged
  DISK:      /dev/sda1       290G   54G  237G  19% /
----------------------------------------------------------------------------------------
[2026-10-07 21:53:48] [STAGE: 2/3: 30B Coding Model (Huihui-Qwen3-Coder-30B-A3B-Instruct-abliterated.Q4_K_M.gguf)]
  STATUS: Actively downloading 30B coding model chunks into /srv/nwa-model/models/coder-30b/ (1.18 GiB / 18.5 GiB, 6.4% done)
  STREAM: [#4a15f2 14GiB/15GiB(89%) CN:16 DL:583KiB ETA:48m29s]
  ARIA2: RUNNING (PID 295527)
  27B Model: 15.66 GiB / 15.65 GiB (100.0% complete)
  30B Model: 1.18 GiB / 18.5 GiB (6.4% complete)
  8B Model:  0 files staged
  DISK:      /dev/sda1       290G   54G  237G  19% /
----------------------------------------------------------------------------------------
[2026-10-07 21:53:59] [STAGE: 2/3: 30B Coding Model (Huihui-Qwen3-Coder-30B-A3B-Instruct-abliterated.Q4_K_M.gguf)]
  STATUS: Actively downloading 30B coding model chunks into /srv/nwa-model/models/coder-30b/ (1.19 GiB / 18.5 GiB, 6.5% done)
  STREAM: [#4a15f2 14GiB/15GiB(89%) CN:16 DL:583KiB ETA:48m29s]
  ARIA2: RUNNING (PID 295527)
  27B Model: 15.66 GiB / 15.65 GiB (100.0% complete)
  30B Model: 1.19 GiB / 18.5 GiB (6.5% complete)
  8B Model:  0 files staged
  DISK:      /dev/sda1       290G   54G  237G  19% /
----------------------------------------------------------------------------------------
[2026-10-07 21:54:10] [STAGE: 2/3: 30B Coding Model (Huihui-Qwen3-Coder-30B-A3B-Instruct-abliterated.Q4_K_M.gguf)]
  STATUS: Actively downloading 30B coding model chunks into /srv/nwa-model/models/coder-30b/ (1.19 GiB / 18.5 GiB, 6.5% done)
  STREAM: [#4a15f2 14GiB/15GiB(89%) CN:16 DL:583KiB ETA:48m29s]
  ARIA2: RUNNING (PID 295527)
  27B Model: 15.66 GiB / 15.65 GiB (100.0% complete)
  30B Model: 1.19 GiB / 18.5 GiB (6.5% complete)
  8B Model:  0 files staged
  DISK:      /dev/sda1       290G   54G  237G  19% /
----------------------------------------------------------------------------------------
[2026-10-07 21:54:23] [STAGE: 2/3: 30B Coding Model (Huihui-Qwen3-Coder-30B-A3B-Instruct-abliterated.Q4_K_M.gguf)]
  STATUS: Actively downloading 30B coding model chunks into /srv/nwa-model/models/coder-30b/ (1.2 GiB / 18.5 GiB, 6.5% done)
  STREAM: [#4a15f2 14GiB/15GiB(89%) CN:16 DL:583KiB ETA:48m29s]
  ARIA2: RUNNING (PID 295527)
  27B Model: 15.66 GiB / 15.65 GiB (100.0% complete)
  30B Model: 1.2 GiB / 18.5 GiB (6.5% complete)
  8B Model:  0 files staged
  DISK:      /dev/sda1       290G   54G  237G  19% /
----------------------------------------------------------------------------------------
[2026-10-07 22:11:43] [STAGE: 2/3: 30B Coding Model (Huihui-Qwen3-Coder-30B-A3B-Instruct-abliterated.Q4_K_M.gguf)]
  STATUS: Actively downloading 30B coding model chunks into /srv/nwa-model/models/coder-30b/ (1.79 GiB / 18.5 GiB, 9.7% done)
  STREAM: [#4a15f2 14GiB/15GiB(89%) CN:16 DL:583KiB ETA:48m29s]
  ARIA2: RUNNING (PID 295527)
  27B Model: 15.66 GiB / 15.65 GiB (100.0% complete)
  30B Model: 1.79 GiB / 18.5 GiB (9.7% complete)
  8B Model:  0 files staged
  DISK:      /dev/sda1       290G   54G  236G  19% /
----------------------------------------------------------------------------------------
[2026-10-07 22:12:19] [STAGE: 2/3: 30B Coding Model (Huihui-Qwen3-Coder-30B-A3B-Instruct-abliterated.Q4_K_M.gguf)]
  STATUS: Actively downloading 30B coding model chunks into /srv/nwa-model/models/coder-30b/ (1.8 GiB / 18.5 GiB, 9.7% done)
  STREAM: [#4a15f2 14GiB/15GiB(89%) CN:16 DL:583KiB ETA:48m29s]
  ARIA2: RUNNING (PID 295527)
  27B Model: 15.66 GiB / 15.65 GiB (100.0% complete)
  30B Model: 1.8 GiB / 18.5 GiB (9.7% complete)
  8B Model:  0 files staged
  DISK:      /dev/sda1       290G   54G  236G  19% /
----------------------------------------------------------------------------------------
[2026-10-07 22:12:31] [STAGE: 2/3: 30B Coding Model (Huihui-Qwen3-Coder-30B-A3B-Instruct-abliterated.Q4_K_M.gguf)]
  STATUS: Actively downloading 30B coding model chunks into /srv/nwa-model/models/coder-30b/ (1.8 GiB / 18.5 GiB, 9.8% done)
  STREAM: [#4a15f2 14GiB/15GiB(89%) CN:16 DL:583KiB ETA:48m29s]
  ARIA2: RUNNING (PID 295527)
  27B Model: 15.66 GiB / 15.65 GiB (100.0% complete)
  30B Model: 1.8 GiB / 18.5 GiB (9.8% complete)
  8B Model:  0 files staged
  DISK:      /dev/sda1       290G   54G  236G  19% /
----------------------------------------------------------------------------------------
[2026-10-07 22:12:46] [STAGE: 2/3: 30B Coding Model (Huihui-Qwen3-Coder-30B-A3B-Instruct-abliterated.Q4_K_M.gguf)]
  STATUS: Actively downloading 30B coding model chunks into /srv/nwa-model/models/coder-30b/ (1.81 GiB / 18.5 GiB, 9.8% done)
  STREAM: [#4a15f2 14GiB/15GiB(89%) CN:16 DL:583KiB ETA:48m29s]
  ARIA2: RUNNING (PID 295527)
  27B Model: 15.66 GiB / 15.65 GiB (100.0% complete)
  30B Model: 1.81 GiB / 18.5 GiB (9.8% complete)
  8B Model:  0 files staged
  DISK:      /dev/sda1       290G   54G  236G  19% /
----------------------------------------------------------------------------------------
[2026-10-07 22:13:01] [STAGE: 2/3: 30B Coding Model (Huihui-Qwen3-Coder-30B-A3B-Instruct-abliterated.Q4_K_M.gguf)]
  STATUS: Actively downloading 30B coding model chunks into /srv/nwa-model/models/coder-30b/ (1.82 GiB / 18.5 GiB, 9.9% done)
  STREAM: [#4a15f2 14GiB/15GiB(89%) CN:16 DL:583KiB ETA:48m29s]
  ARIA2: RUNNING (PID 295527)
  27B Model: 15.66 GiB / 15.65 GiB (100.0% complete)
  30B Model: 1.82 GiB / 18.5 GiB (9.9% complete)
  8B Model:  0 files staged
  DISK:      /dev/sda1       290G   54G  236G  19% /
----------------------------------------------------------------------------------------
[2026-10-07 22:13:16] [STAGE: 2/3: 30B Coding Model (Huihui-Qwen3-Coder-30B-A3B-Instruct-abliterated.Q4_K_M.gguf)]
  STATUS: Actively downloading 30B coding model chunks into /srv/nwa-model/models/coder-30b/ (1.82 GiB / 18.5 GiB, 9.9% done)
  STREAM: [#4a15f2 14GiB/15GiB(89%) CN:16 DL:583KiB ETA:48m29s]
  ARIA2: RUNNING (PID 295527)
  27B Model: 15.66 GiB / 15.65 GiB (100.0% complete)
  30B Model: 1.82 GiB / 18.5 GiB (9.9% complete)
  8B Model:  0 files staged
  DISK:      /dev/sda1       290G   54G  236G  19% /
----------------------------------------------------------------------------------------
[2026-10-07 22:13:27] [STAGE: 2/3: 30B Coding Model (Huihui-Qwen3-Coder-30B-A3B-Instruct-abliterated.Q4_K_M.gguf)]
  STATUS: Actively downloading 30B coding model chunks into /srv/nwa-model/models/coder-30b/ (1.83 GiB / 18.5 GiB, 9.9% done)
  STREAM: [#4a15f2 14GiB/15GiB(89%) CN:16 DL:583KiB ETA:48m29s]
  ARIA2: RUNNING (PID 295527)
  27B Model: 15.66 GiB / 15.65 GiB (100.0% complete)
  30B Model: 1.83 GiB / 18.5 GiB (9.9% complete)
  8B Model:  0 files staged
  DISK:      /dev/sda1       290G   54G  236G  19% /
----------------------------------------------------------------------------------------
[2026-10-07 22:13:38] [STAGE: 2/3: 30B Coding Model (Huihui-Qwen3-Coder-30B-A3B-Instruct-abliterated.Q4_K_M.gguf)]
  STATUS: Actively downloading 30B coding model chunks into /srv/nwa-model/models/coder-30b/ (1.84 GiB / 18.5 GiB, 10.0% done)
  STREAM: [#4a15f2 14GiB/15GiB(89%) CN:16 DL:583KiB ETA:48m29s]
  ARIA2: RUNNING (PID 295527)
  27B Model: 15.66 GiB / 15.65 GiB (100.0% complete)
  30B Model: 1.84 GiB / 18.5 GiB (10.0% complete)
  8B Model:  0 files staged
  DISK:      /dev/sda1       290G   55G  236G  19% /
----------------------------------------------------------------------------------------
[2026-10-07 22:13:49] [STAGE: 2/3: 30B Coding Model (Huihui-Qwen3-Coder-30B-A3B-Instruct-abliterated.Q4_K_M.gguf)]
  STATUS: Actively downloading 30B coding model chunks into /srv/nwa-model/models/coder-30b/ (1.85 GiB / 18.5 GiB, 10.0% done)
  STREAM: [#4a15f2 14GiB/15GiB(89%) CN:16 DL:583KiB ETA:48m29s]
  ARIA2: RUNNING (PID 295527)
  27B Model: 15.66 GiB / 15.65 GiB (100.0% complete)
  30B Model: 1.85 GiB / 18.5 GiB (10.0% complete)
  8B Model:  0 files staged
  DISK:      /dev/sda1       290G   55G  236G  19% /
----------------------------------------------------------------------------------------
[2026-10-07 22:14:04] [STAGE: 2/3: 30B Coding Model (Huihui-Qwen3-Coder-30B-A3B-Instruct-abliterated.Q4_K_M.gguf)]
  STATUS: Actively downloading 30B coding model chunks (1.85 GiB / 16.33 GiB, 11.4% done) at Calculating...
  STREAM: DL: Calculating... | ETA: Calculating...
  ARIA2: RUNNING (PID 295527)
  27B Model: 15.66 GiB / 15.65 GiB (100.0% complete)
  30B Model: 1.85 GiB / 16.33 GiB (11.4% complete)
  8B Model:  0 files staged
  DISK:      /dev/sda1       290G   55G  236G  19% /
----------------------------------------------------------------------------------------
[2026-10-07 22:14:17] [STAGE: 2/3: 30B Coding Model (Huihui-Qwen3-Coder-30B-A3B-Instruct-abliterated.Q4_K_M.gguf)]
  STATUS: Actively downloading 30B coding model chunks (1.86 GiB / 16.33 GiB, 11.4% done) at 0.60 MiB/s
  STREAM: DL: 0.60 MiB/s | ETA: 6h 48m
  ARIA2: RUNNING (PID 295527)
  27B Model: 15.66 GiB / 15.65 GiB (100.0% complete)
  30B Model: 1.86 GiB / 16.33 GiB (11.4% complete)
  8B Model:  0 files staged
  DISK:      /dev/sda1       290G   55G  236G  19% /
----------------------------------------------------------------------------------------
[2026-10-07 22:14:32] [STAGE: 2/3: 30B Coding Model (Huihui-Qwen3-Coder-30B-A3B-Instruct-abliterated.Q4_K_M.gguf)]
  STATUS: Actively downloading 30B coding model chunks (1.87 GiB / 16.33 GiB, 11.4% done) at 0.58 MiB/s
  STREAM: DL: 0.58 MiB/s | ETA: 7h 5m
  ARIA2: RUNNING (PID 295527)
  27B Model: 15.66 GiB / 15.65 GiB (100.0% complete)
  30B Model: 1.87 GiB / 16.33 GiB (11.4% complete)
  8B Model:  0 files staged
  DISK:      /dev/sda1       290G   55G  236G  19% /
----------------------------------------------------------------------------------------
[2026-10-07 22:14:45] [STAGE: 2/3: 30B Coding Model (Huihui-Qwen3-Coder-30B-A3B-Instruct-abliterated.Q4_K_M.gguf)]
  STATUS: Actively downloading 30B coding model chunks (1.87 GiB / 16.33 GiB, 11.5% done) at 0.47 MiB/s
  STREAM: DL: 0.47 MiB/s | ETA: 8h 44m
  ARIA2: RUNNING (PID 295527)
  27B Model: 15.66 GiB / 15.65 GiB (100.0% complete)
  30B Model: 1.87 GiB / 16.33 GiB (11.5% complete)
  8B Model:  0 files staged
  DISK:      /dev/sda1       290G   55G  236G  19% /
----------------------------------------------------------------------------------------
[2026-10-07 22:14:56] [STAGE: 2/3: 30B Coding Model (Huihui-Qwen3-Coder-30B-A3B-Instruct-abliterated.Q4_K_M.gguf)]
  STATUS: Actively downloading 30B coding model chunks (1.88 GiB / 16.33 GiB, 11.5% done) at 0.87 MiB/s
  STREAM: DL: 0.87 MiB/s | ETA: 4h 44m
  ARIA2: RUNNING (PID 295527)
  27B Model: 15.66 GiB / 15.65 GiB (100.0% complete)
  30B Model: 1.88 GiB / 16.33 GiB (11.5% complete)
  8B Model:  0 files staged
  DISK:      /dev/sda1       290G   55G  236G  19% /
----------------------------------------------------------------------------------------
[2026-10-07 22:15:09] [STAGE: 2/3: 30B Coding Model (Huihui-Qwen3-Coder-30B-A3B-Instruct-abliterated.Q4_K_M.gguf)]
  STATUS: Actively downloading 30B coding model chunks (1.89 GiB / 16.33 GiB, 11.6% done) at 0.35 MiB/s
  STREAM: DL: 0.35 MiB/s | ETA: 11h 46m
  ARIA2: RUNNING (PID 295527)
  27B Model: 15.66 GiB / 15.65 GiB (100.0% complete)
  30B Model: 1.89 GiB / 16.33 GiB (11.6% complete)
  8B Model:  0 files staged
  DISK:      /dev/sda1       290G   55G  236G  19% /
----------------------------------------------------------------------------------------
[2026-10-07 22:15:20] [STAGE: 2/3: 30B Coding Model (Huihui-Qwen3-Coder-30B-A3B-Instruct-abliterated.Q4_K_M.gguf)]
  STATUS: Actively downloading 30B coding model chunks (1.89 GiB / 16.33 GiB, 11.6% done) at 0.42 MiB/s
  STREAM: DL: 0.42 MiB/s | ETA: 9h 46m
  ARIA2: RUNNING (PID 295527)
  27B Model: 15.66 GiB / 15.65 GiB (100.0% complete)
  30B Model: 1.89 GiB / 16.33 GiB (11.6% complete)
  8B Model:  0 files staged
  DISK:      /dev/sda1       290G   55G  236G  19% /
----------------------------------------------------------------------------------------
[2026-10-07 22:15:34] [STAGE: 2/3: 30B Coding Model (Huihui-Qwen3-Coder-30B-A3B-Instruct-abliterated.Q4_K_M.gguf)]
  STATUS: Actively downloading 30B coding model chunks (1.9 GiB / 16.33 GiB, 11.6% done) at 0.58 MiB/s
  STREAM: DL: 0.58 MiB/s | ETA: 7h 1m
  ARIA2: RUNNING (PID 295527)
  27B Model: 15.66 GiB / 15.65 GiB (100.0% complete)
  30B Model: 1.9 GiB / 16.33 GiB (11.6% complete)
  8B Model:  0 files staged
  DISK:      /dev/sda1       290G   55G  236G  19% /
----------------------------------------------------------------------------------------
[2026-10-07 22:15:46] [STAGE: 2/3: 30B Coding Model (Huihui-Qwen3-Coder-30B-A3B-Instruct-abliterated.Q4_K_M.gguf)]
  STATUS: Actively downloading 30B coding model chunks (1.91 GiB / 16.33 GiB, 11.7% done) at 0.56 MiB/s
  STREAM: DL: 0.56 MiB/s | ETA: 7h 20m
  ARIA2: RUNNING (PID 295527)
  27B Model: 15.66 GiB / 15.65 GiB (100.0% complete)
  30B Model: 1.91 GiB / 16.33 GiB (11.7% complete)
  8B Model:  0 files staged
  DISK:      /dev/sda1       290G   55G  236G  19% /
----------------------------------------------------------------------------------------
[2026-10-07 22:15:56] [STAGE: 2/3: 30B Coding Model (Huihui-Qwen3-Coder-30B-A3B-Instruct-abliterated.Q4_K_M.gguf)]
  STATUS: Actively downloading 30B coding model chunks (1.91 GiB / 16.33 GiB, 11.7% done) at 0.55 MiB/s
  STREAM: DL: 0.55 MiB/s | ETA: 7h 31m
  ARIA2: RUNNING (PID 295527)
  27B Model: 15.66 GiB / 15.65 GiB (100.0% complete)
  30B Model: 1.91 GiB / 16.33 GiB (11.7% complete)
  8B Model:  0 files staged
  DISK:      /dev/sda1       290G   55G  236G  19% /
----------------------------------------------------------------------------------------
[2026-10-07 22:16:07] [STAGE: 2/3: 30B Coding Model (Huihui-Qwen3-Coder-30B-A3B-Instruct-abliterated.Q4_K_M.gguf)]
  STATUS: Actively downloading 30B coding model chunks (1.92 GiB / 16.33 GiB, 11.8% done) at 0.68 MiB/s
  STREAM: DL: 0.68 MiB/s | ETA: 6h 1m
  ARIA2: RUNNING (PID 295527)
  27B Model: 15.66 GiB / 15.65 GiB (100.0% complete)
  30B Model: 1.92 GiB / 16.33 GiB (11.8% complete)
  8B Model:  0 files staged
  DISK:      /dev/sda1       290G   55G  236G  19% /
----------------------------------------------------------------------------------------
[2026-10-07 22:16:21] [STAGE: 2/3: 30B Coding Model (Huihui-Qwen3-Coder-30B-A3B-Instruct-abliterated.Q4_K_M.gguf)]
  STATUS: Actively downloading 30B coding model chunks (1.93 GiB / 16.33 GiB, 11.8% done) at 0.55 MiB/s
  STREAM: DL: 0.55 MiB/s | ETA: 7h 24m
  ARIA2: RUNNING (PID 295527)
  27B Model: 15.66 GiB / 15.65 GiB (100.0% complete)
  30B Model: 1.93 GiB / 16.33 GiB (11.8% complete)
  8B Model:  0 files staged
  DISK:      /dev/sda1       290G   55G  236G  19% /
----------------------------------------------------------------------------------------
[2026-10-07 22:16:31] [STAGE: 2/3: 30B Coding Model (Huihui-Qwen3-Coder-30B-A3B-Instruct-abliterated.Q4_K_M.gguf)]
  STATUS: Actively downloading 30B coding model chunks (1.93 GiB / 16.33 GiB, 11.8% done) at 0.38 MiB/s
  STREAM: DL: 0.38 MiB/s | ETA: 10h 53m
  ARIA2: RUNNING (PID 295527)
  27B Model: 15.66 GiB / 15.65 GiB (100.0% complete)
  30B Model: 1.93 GiB / 16.33 GiB (11.8% complete)
  8B Model:  0 files staged
  DISK:      /dev/sda1       290G   55G  236G  19% /
----------------------------------------------------------------------------------------
[2026-10-07 22:16:42] [STAGE: 2/3: 30B Coding Model (Huihui-Qwen3-Coder-30B-A3B-Instruct-abliterated.Q4_K_M.gguf)]
  STATUS: Actively downloading 30B coding model chunks (1.94 GiB / 16.33 GiB, 11.9% done) at 0.56 MiB/s
  STREAM: DL: 0.56 MiB/s | ETA: 7h 15m
  ARIA2: RUNNING (PID 295527)
  27B Model: 15.66 GiB / 15.65 GiB (100.0% complete)
  30B Model: 1.94 GiB / 16.33 GiB (11.9% complete)
  8B Model:  0 files staged
  DISK:      /dev/sda1       290G   55G  236G  19% /
----------------------------------------------------------------------------------------
[2026-10-07 22:16:53] [STAGE: 2/3: 30B Coding Model (Huihui-Qwen3-Coder-30B-A3B-Instruct-abliterated.Q4_K_M.gguf)]
  STATUS: Actively downloading 30B coding model chunks (1.94 GiB / 16.33 GiB, 11.9% done) at 0.65 MiB/s
  STREAM: DL: 0.65 MiB/s | ETA: 6h 18m
  ARIA2: RUNNING (PID 295527)
  27B Model: 15.66 GiB / 15.65 GiB (100.0% complete)
  30B Model: 1.94 GiB / 16.33 GiB (11.9% complete)
  8B Model:  0 files staged
  DISK:      /dev/sda1       290G   55G  236G  19% /
----------------------------------------------------------------------------------------
[2026-10-07 22:17:03] [STAGE: 2/3: 30B Coding Model (Huihui-Qwen3-Coder-30B-A3B-Instruct-abliterated.Q4_K_M.gguf)]
  STATUS: Actively downloading 30B coding model chunks (1.95 GiB / 16.34 GiB, 11.9% done) at 0.71 MiB/s
  STREAM: DL: 0.71 MiB/s | ETA: 5h 47m
  ARIA2: RUNNING (PID 295527)
  27B Model: 15.66 GiB / 15.65 GiB (100.0% complete)
  30B Model: 1.95 GiB / 16.34 GiB (11.9% complete)
  8B Model:  0 files staged
  DISK:      /dev/sda1       290G   55G  236G  19% /
----------------------------------------------------------------------------------------
[2026-10-07 22:17:16] [STAGE: 2/3: 30B Coding Model (Huihui-Qwen3-Coder-30B-A3B-Instruct-abliterated.Q4_K_M.gguf)]
  STATUS: Actively downloading 30B coding model chunks (1.96 GiB / 16.34 GiB, 12.0% done) at 0.50 MiB/s
  STREAM: DL: 0.50 MiB/s | ETA: 8h 8m
  ARIA2: RUNNING (PID 295527)
  27B Model: 15.66 GiB / 15.65 GiB (100.0% complete)
  30B Model: 1.96 GiB / 16.34 GiB (12.0% complete)
  8B Model:  0 files staged
  DISK:      /dev/sda1       290G   55G  236G  19% /
----------------------------------------------------------------------------------------
[2026-10-07 22:17:26] [STAGE: 2/3: 30B Coding Model (Huihui-Qwen3-Coder-30B-A3B-Instruct-abliterated.Q4_K_M.gguf)]
  STATUS: Actively downloading 30B coding model chunks (1.96 GiB / 16.34 GiB, 12.0% done) at 0.47 MiB/s
  STREAM: DL: 0.47 MiB/s | ETA: 8h 40m
  ARIA2: RUNNING (PID 295527)
  27B Model: 15.66 GiB / 15.65 GiB (100.0% complete)
  30B Model: 1.96 GiB / 16.34 GiB (12.0% complete)
  8B Model:  0 files staged
  DISK:      /dev/sda1       290G   55G  236G  19% /
----------------------------------------------------------------------------------------
[2026-10-07 22:17:37] [STAGE: 2/3: 30B Coding Model (Huihui-Qwen3-Coder-30B-A3B-Instruct-abliterated.Q4_K_M.gguf)]
  STATUS: Actively downloading 30B coding model chunks (1.97 GiB / 16.34 GiB, 12.1% done) at 0.73 MiB/s
  STREAM: DL: 0.73 MiB/s | ETA: 5h 34m
  ARIA2: RUNNING (PID 295527)
  27B Model: 15.66 GiB / 15.65 GiB (100.0% complete)
  30B Model: 1.97 GiB / 16.34 GiB (12.1% complete)
  8B Model:  0 files staged
  DISK:      /dev/sda1       290G   55G  236G  19% /
----------------------------------------------------------------------------------------
[2026-10-07 22:17:48] [STAGE: 2/3: 30B Coding Model (Huihui-Qwen3-Coder-30B-A3B-Instruct-abliterated.Q4_K_M.gguf)]
  STATUS: Actively downloading 30B coding model chunks (1.97 GiB / 16.34 GiB, 12.1% done) at 0.38 MiB/s
  STREAM: DL: 0.38 MiB/s | ETA: 10h 47m
  ARIA2: RUNNING (PID 295527)
  27B Model: 15.66 GiB / 15.65 GiB (100.0% complete)
  30B Model: 1.97 GiB / 16.34 GiB (12.1% complete)
  8B Model:  0 files staged
  DISK:      /dev/sda1       290G   55G  236G  19% /
----------------------------------------------------------------------------------------
[2026-10-07 22:17:58] [STAGE: 2/3: 30B Coding Model (Huihui-Qwen3-Coder-30B-A3B-Instruct-abliterated.Q4_K_M.gguf)]
  STATUS: Actively downloading 30B coding model chunks (1.98 GiB / 16.34 GiB, 12.1% done) at 0.96 MiB/s
  STREAM: DL: 0.96 MiB/s | ETA: 4h 13m
  ARIA2: RUNNING (PID 295527)
  27B Model: 15.66 GiB / 15.65 GiB (100.0% complete)
  30B Model: 1.98 GiB / 16.34 GiB (12.1% complete)
  8B Model:  0 files staged
  DISK:      /dev/sda1       290G   55G  236G  19% /
----------------------------------------------------------------------------------------
[2026-10-07 22:18:09] [STAGE: 2/3: 30B Coding Model (Huihui-Qwen3-Coder-30B-A3B-Instruct-abliterated.Q4_K_M.gguf)]
  STATUS: Actively downloading 30B coding model chunks (1.99 GiB / 16.34 GiB, 12.2% done) at 0.29 MiB/s
  STREAM: DL: 0.29 MiB/s | ETA: 13h 50m
  ARIA2: RUNNING (PID 295527)
  27B Model: 15.66 GiB / 15.65 GiB (100.0% complete)
  30B Model: 1.99 GiB / 16.34 GiB (12.2% complete)
  8B Model:  0 files staged
  DISK:      /dev/sda1       290G   55G  236G  19% /
----------------------------------------------------------------------------------------
[2026-10-07 22:18:20] [STAGE: 2/3: 30B Coding Model (Huihui-Qwen3-Coder-30B-A3B-Instruct-abliterated.Q4_K_M.gguf)]
  STATUS: Actively downloading 30B coding model chunks (1.99 GiB / 16.34 GiB, 12.2% done) at 0.52 MiB/s
  STREAM: DL: 0.52 MiB/s | ETA: 7h 53m
  ARIA2: RUNNING (PID 295527)
  27B Model: 15.66 GiB / 15.65 GiB (100.0% complete)
  30B Model: 1.99 GiB / 16.34 GiB (12.2% complete)
  8B Model:  0 files staged
  DISK:      /dev/sda1       290G   55G  236G  19% /
----------------------------------------------------------------------------------------
[2026-10-07 22:18:31] [STAGE: 2/3: 30B Coding Model (Huihui-Qwen3-Coder-30B-A3B-Instruct-abliterated.Q4_K_M.gguf)]
  STATUS: Actively downloading 30B coding model chunks (2.0 GiB / 16.34 GiB, 12.2% done) at 0.55 MiB/s
  STREAM: DL: 0.55 MiB/s | ETA: 7h 28m
  ARIA2: RUNNING (PID 295527)
  27B Model: 15.66 GiB / 15.65 GiB (100.0% complete)
  30B Model: 2.0 GiB / 16.34 GiB (12.2% complete)
  8B Model:  0 files staged
  DISK:      /dev/sda1       290G   55G  236G  19% /
----------------------------------------------------------------------------------------
[2026-10-07 22:18:42] [STAGE: 2/3: 30B Coding Model (Huihui-Qwen3-Coder-30B-A3B-Instruct-abliterated.Q4_K_M.gguf)]
  STATUS: Actively downloading 30B coding model chunks (2.0 GiB / 16.34 GiB, 12.3% done) at 0.46 MiB/s
  STREAM: DL: 0.46 MiB/s | ETA: 8h 49m
  ARIA2: RUNNING (PID 295527)
  27B Model: 15.66 GiB / 15.65 GiB (100.0% complete)
  30B Model: 2.0 GiB / 16.34 GiB (12.3% complete)
  8B Model:  0 files staged
  DISK:      /dev/sda1       290G   55G  236G  19% /
----------------------------------------------------------------------------------------
[2026-10-07 22:18:52] [STAGE: 2/3: 30B Coding Model (Huihui-Qwen3-Coder-30B-A3B-Instruct-abliterated.Q4_K_M.gguf)]
  STATUS: Actively downloading 30B coding model chunks (2.01 GiB / 16.34 GiB, 12.3% done) at 0.63 MiB/s
  STREAM: DL: 0.63 MiB/s | ETA: 6h 27m
  ARIA2: RUNNING (PID 295527)
  27B Model: 15.66 GiB / 15.65 GiB (100.0% complete)
  30B Model: 2.01 GiB / 16.34 GiB (12.3% complete)
  8B Model:  0 files staged
  DISK:      /dev/sda1       290G   55G  236G  19% /
----------------------------------------------------------------------------------------
[2026-10-07 22:19:05] [STAGE: 2/3: 30B Coding Model (Huihui-Qwen3-Coder-30B-A3B-Instruct-abliterated.Q4_K_M.gguf)]
  STATUS: Actively downloading 30B coding model chunks (2.02 GiB / 16.34 GiB, 12.3% done) at 0.67 MiB/s
  STREAM: DL: 0.67 MiB/s | ETA: 6h 6m
  ARIA2: RUNNING (PID 295527)
  27B Model: 15.66 GiB / 15.65 GiB (100.0% complete)
  30B Model: 2.02 GiB / 16.34 GiB (12.3% complete)
  8B Model:  0 files staged
  DISK:      /dev/sda1       290G   55G  236G  19% /
----------------------------------------------------------------------------------------
[2026-10-07 22:19:16] [STAGE: 2/3: 30B Coding Model (Huihui-Qwen3-Coder-30B-A3B-Instruct-abliterated.Q4_K_M.gguf)]
  STATUS: Actively downloading 30B coding model chunks (2.02 GiB / 16.34 GiB, 12.4% done) at 0.45 MiB/s
  STREAM: DL: 0.45 MiB/s | ETA: 9h 5m
  ARIA2: RUNNING (PID 295527)
  27B Model: 15.66 GiB / 15.65 GiB (100.0% complete)
  30B Model: 2.02 GiB / 16.34 GiB (12.4% complete)
  8B Model:  0 files staged
  DISK:      /dev/sda1       290G   55G  236G  19% /
----------------------------------------------------------------------------------------
[2026-10-07 22:19:27] [STAGE: 2/3: 30B Coding Model (Huihui-Qwen3-Coder-30B-A3B-Instruct-abliterated.Q4_K_M.gguf)]
  STATUS: Actively downloading 30B coding model chunks (2.03 GiB / 16.34 GiB, 12.4% done) at 0.52 MiB/s
  STREAM: DL: 0.52 MiB/s | ETA: 7h 48m
  ARIA2: RUNNING (PID 295527)
  27B Model: 15.66 GiB / 15.65 GiB (100.0% complete)
  30B Model: 2.03 GiB / 16.34 GiB (12.4% complete)
  8B Model:  0 files staged
  DISK:      /dev/sda1       290G   55G  236G  19% /
----------------------------------------------------------------------------------------
[2026-10-07 22:19:38] [STAGE: 2/3: 30B Coding Model (Huihui-Qwen3-Coder-30B-A3B-Instruct-abliterated.Q4_K_M.gguf)]
  STATUS: Actively downloading 30B coding model chunks (2.04 GiB / 16.35 GiB, 12.5% done) at 0.73 MiB/s
  STREAM: DL: 0.73 MiB/s | ETA: 5h 34m
  ARIA2: RUNNING (PID 295527)
  27B Model: 15.66 GiB / 15.65 GiB (100.0% complete)
  30B Model: 2.04 GiB / 16.35 GiB (12.5% complete)
  8B Model:  0 files staged
  DISK:      /dev/sda1       290G   55G  236G  19% /
----------------------------------------------------------------------------------------
[2026-10-07 22:19:51] [STAGE: 2/3: 30B Coding Model (Huihui-Qwen3-Coder-30B-A3B-Instruct-abliterated.Q4_K_M.gguf)]
  STATUS: Actively downloading 30B coding model chunks (2.04 GiB / 16.35 GiB, 12.5% done) at 0.49 MiB/s
  STREAM: DL: 0.49 MiB/s | ETA: 8h 19m
  ARIA2: RUNNING (PID 295527)
  27B Model: 15.66 GiB / 15.65 GiB (100.0% complete)
  30B Model: 2.04 GiB / 16.35 GiB (12.5% complete)
  8B Model:  0 files staged
  DISK:      /dev/sda1       290G   55G  236G  19% /
----------------------------------------------------------------------------------------
[2026-10-07 22:20:03] [STAGE: 2/3: 30B Coding Model (Huihui-Qwen3-Coder-30B-A3B-Instruct-abliterated.Q4_K_M.gguf)]
  STATUS: Actively downloading 30B coding model chunks (2.05 GiB / 16.35 GiB, 12.6% done) at 0.73 MiB/s
  STREAM: DL: 0.73 MiB/s | ETA: 5h 36m
  ARIA2: RUNNING (PID 295527)
  27B Model: 15.66 GiB / 15.65 GiB (100.0% complete)
  30B Model: 2.05 GiB / 16.35 GiB (12.6% complete)
  8B Model:  0 files staged
  DISK:      /dev/sda1       290G   55G  236G  19% /
----------------------------------------------------------------------------------------
[2026-10-07 22:20:15] [STAGE: 2/3: 30B Coding Model (Huihui-Qwen3-Coder-30B-A3B-Instruct-abliterated.Q4_K_M.gguf)]
  STATUS: Actively downloading 30B coding model chunks (2.06 GiB / 16.35 GiB, 12.6% done) at 0.40 MiB/s
  STREAM: DL: 0.40 MiB/s | ETA: 10h 12m
  ARIA2: RUNNING (PID 295527)
  27B Model: 15.66 GiB / 15.65 GiB (100.0% complete)
  30B Model: 2.06 GiB / 16.35 GiB (12.6% complete)
  8B Model:  0 files staged
  DISK:      /dev/sda1       290G   55G  236G  19% /
----------------------------------------------------------------------------------------
[2026-10-07 22:20:26] [STAGE: 2/3: 30B Coding Model (Huihui-Qwen3-Coder-30B-A3B-Instruct-abliterated.Q4_K_M.gguf)]
  STATUS: Actively downloading 30B coding model chunks (2.06 GiB / 16.35 GiB, 12.6% done) at 0.62 MiB/s
  STREAM: DL: 0.62 MiB/s | ETA: 6h 31m
  ARIA2: RUNNING (PID 295527)
  27B Model: 15.66 GiB / 15.65 GiB (100.0% complete)
  30B Model: 2.06 GiB / 16.35 GiB (12.6% complete)
  8B Model:  0 files staged
  DISK:      /dev/sda1       290G   55G  236G  19% /
----------------------------------------------------------------------------------------
[2026-10-07 22:20:37] [STAGE: 2/3: 30B Coding Model (Huihui-Qwen3-Coder-30B-A3B-Instruct-abliterated.Q4_K_M.gguf)]
  STATUS: Actively downloading 30B coding model chunks (2.07 GiB / 16.35 GiB, 12.6% done) at 0.45 MiB/s
  STREAM: DL: 0.45 MiB/s | ETA: 9h 1m
  ARIA2: RUNNING (PID 295527)
  27B Model: 15.66 GiB / 15.65 GiB (100.0% complete)
  30B Model: 2.07 GiB / 16.35 GiB (12.6% complete)
  8B Model:  0 files staged
  DISK:      /dev/sda1       290G   55G  236G  19% /
----------------------------------------------------------------------------------------
[2026-10-07 22:20:48] [STAGE: 2/3: 30B Coding Model (Huihui-Qwen3-Coder-30B-A3B-Instruct-abliterated.Q4_K_M.gguf)]
  STATUS: Actively downloading 30B coding model chunks (2.08 GiB / 16.35 GiB, 12.7% done) at 0.55 MiB/s
  STREAM: DL: 0.55 MiB/s | ETA: 7h 27m
  ARIA2: RUNNING (PID 295527)
  27B Model: 15.66 GiB / 15.65 GiB (100.0% complete)
  30B Model: 2.08 GiB / 16.35 GiB (12.7% complete)
  8B Model:  0 files staged
  DISK:      /dev/sda1       290G   55G  236G  19% /
----------------------------------------------------------------------------------------
[2026-10-07 22:21:03] [STAGE: 2/3: 30B Coding Model (Huihui-Qwen3-Coder-30B-A3B-Instruct-abliterated.Q4_K_M.gguf)]
  STATUS: Actively downloading 30B coding model chunks (2.08 GiB / 16.35 GiB, 12.7% done) at 0.78 MiB/s
  STREAM: DL: 0.78 MiB/s | ETA: 5h 10m
  ARIA2: RUNNING (PID 295527)
  27B Model: 15.66 GiB / 15.65 GiB (100.0% complete)
  30B Model: 2.08 GiB / 16.35 GiB (12.7% complete)
  8B Model:  0 files staged
  DISK:      /dev/sda1       290G   55G  236G  19% /
----------------------------------------------------------------------------------------
[2026-10-07 22:21:13] [STAGE: 2/3: 30B Coding Model (Huihui-Qwen3-Coder-30B-A3B-Instruct-abliterated.Q4_K_M.gguf)]
  STATUS: Actively downloading 30B coding model chunks (2.09 GiB / 16.35 GiB, 12.8% done) at 0.47 MiB/s
  STREAM: DL: 0.47 MiB/s | ETA: 8h 41m
  ARIA2: RUNNING (PID 295527)
  27B Model: 15.66 GiB / 15.65 GiB (100.0% complete)
  30B Model: 2.09 GiB / 16.35 GiB (12.8% complete)
  8B Model:  0 files staged
  DISK:      /dev/sda1       290G   55G  236G  19% /
----------------------------------------------------------------------------------------
[2026-10-07 22:21:24] [STAGE: 2/3: 30B Coding Model (Huihui-Qwen3-Coder-30B-A3B-Instruct-abliterated.Q4_K_M.gguf)]
  STATUS: Actively downloading 30B coding model chunks (2.09 GiB / 16.35 GiB, 12.8% done) at 0.53 MiB/s
  STREAM: DL: 0.53 MiB/s | ETA: 7h 40m
  ARIA2: RUNNING (PID 295527)
  27B Model: 15.66 GiB / 15.65 GiB (100.0% complete)
  30B Model: 2.09 GiB / 16.35 GiB (12.8% complete)
  8B Model:  0 files staged
  DISK:      /dev/sda1       290G   55G  236G  19% /
----------------------------------------------------------------------------------------
[2026-10-07 22:21:35] [STAGE: 2/3: 30B Coding Model (Huihui-Qwen3-Coder-30B-A3B-Instruct-abliterated.Q4_K_M.gguf)]
  STATUS: Actively downloading 30B coding model chunks (2.1 GiB / 16.35 GiB, 12.8% done) at 0.53 MiB/s
  STREAM: DL: 0.53 MiB/s | ETA: 7h 35m
  ARIA2: RUNNING (PID 295527)
  27B Model: 15.66 GiB / 15.65 GiB (100.0% complete)
  30B Model: 2.1 GiB / 16.35 GiB (12.8% complete)
  8B Model:  0 files staged
  DISK:      /dev/sda1       290G   55G  236G  19% /
----------------------------------------------------------------------------------------
[2026-10-07 22:21:48] [STAGE: 2/3: 30B Coding Model (Huihui-Qwen3-Coder-30B-A3B-Instruct-abliterated.Q4_K_M.gguf)]
  STATUS: Actively downloading 30B coding model chunks (2.11 GiB / 16.36 GiB, 12.9% done) at 0.56 MiB/s
  STREAM: DL: 0.56 MiB/s | ETA: 7h 13m
  ARIA2: RUNNING (PID 295527)
  27B Model: 15.66 GiB / 15.65 GiB (100.0% complete)
  30B Model: 2.11 GiB / 16.36 GiB (12.9% complete)
  8B Model:  0 files staged
  DISK:      /dev/sda1       290G   55G  236G  19% /
----------------------------------------------------------------------------------------
[2026-10-07 22:21:59] [STAGE: 2/3: 30B Coding Model (Huihui-Qwen3-Coder-30B-A3B-Instruct-abliterated.Q4_K_M.gguf)]
  STATUS: Actively downloading 30B coding model chunks (2.12 GiB / 16.36 GiB, 12.9% done) at 0.93 MiB/s
  STREAM: DL: 0.93 MiB/s | ETA: 4h 22m
  ARIA2: RUNNING (PID 295527)
  27B Model: 15.66 GiB / 15.65 GiB (100.0% complete)
  30B Model: 2.12 GiB / 16.36 GiB (12.9% complete)
  8B Model:  0 files staged
  DISK:      /dev/sda1       290G   55G  236G  19% /
----------------------------------------------------------------------------------------
[2026-10-07 22:22:09] [STAGE: 2/3: 30B Coding Model (Huihui-Qwen3-Coder-30B-A3B-Instruct-abliterated.Q4_K_M.gguf)]
  STATUS: Actively downloading 30B coding model chunks (2.12 GiB / 16.36 GiB, 13.0% done) at 0.31 MiB/s
  STREAM: DL: 0.31 MiB/s | ETA: 12h 59m
  ARIA2: RUNNING (PID 295527)
  27B Model: 15.66 GiB / 15.65 GiB (100.0% complete)
  30B Model: 2.12 GiB / 16.36 GiB (13.0% complete)
  8B Model:  0 files staged
  DISK:      /dev/sda1       290G   55G  236G  19% /
----------------------------------------------------------------------------------------
[2026-10-07 22:22:20] [STAGE: 2/3: 30B Coding Model (Huihui-Qwen3-Coder-30B-A3B-Instruct-abliterated.Q4_K_M.gguf)]
  STATUS: Actively downloading 30B coding model chunks (2.13 GiB / 16.36 GiB, 13.0% done) at 0.55 MiB/s
  STREAM: DL: 0.55 MiB/s | ETA: 7h 21m
  ARIA2: RUNNING (PID 295527)
  27B Model: 15.66 GiB / 15.65 GiB (100.0% complete)
  30B Model: 2.13 GiB / 16.36 GiB (13.0% complete)
  8B Model:  0 files staged
  DISK:      /dev/sda1       290G   55G  236G  19% /
----------------------------------------------------------------------------------------
[2026-10-07 22:22:31] [STAGE: 2/3: 30B Coding Model (Huihui-Qwen3-Coder-30B-A3B-Instruct-abliterated.Q4_K_M.gguf)]
  STATUS: Actively downloading 30B coding model chunks (2.13 GiB / 16.36 GiB, 13.0% done) at 0.52 MiB/s
  STREAM: DL: 0.52 MiB/s | ETA: 7h 44m
  ARIA2: RUNNING (PID 295527)
  27B Model: 15.66 GiB / 15.65 GiB (100.0% complete)
  30B Model: 2.13 GiB / 16.36 GiB (13.0% complete)
  8B Model:  0 files staged
  DISK:      /dev/sda1       290G   55G  236G  19% /
----------------------------------------------------------------------------------------
[2026-10-07 22:22:42] [STAGE: 2/3: 30B Coding Model (Huihui-Qwen3-Coder-30B-A3B-Instruct-abliterated.Q4_K_M.gguf)]
  STATUS: Actively downloading 30B coding model chunks (2.14 GiB / 16.36 GiB, 13.1% done) at 0.56 MiB/s
  STREAM: DL: 0.56 MiB/s | ETA: 7h 13m
  ARIA2: RUNNING (PID 295527)
  27B Model: 15.66 GiB / 15.65 GiB (100.0% complete)
  30B Model: 2.14 GiB / 16.36 GiB (13.1% complete)
  8B Model:  0 files staged
  DISK:      /dev/sda1       290G   55G  236G  19% /
----------------------------------------------------------------------------------------
[2026-10-07 22:22:53] [STAGE: 2/3: 30B Coding Model (Huihui-Qwen3-Coder-30B-A3B-Instruct-abliterated.Q4_K_M.gguf)]
  STATUS: Actively downloading 30B coding model chunks (2.14 GiB / 16.36 GiB, 13.1% done) at 0.56 MiB/s
  STREAM: DL: 0.56 MiB/s | ETA: 7h 12m
  ARIA2: RUNNING (PID 295527)
  27B Model: 15.66 GiB / 15.65 GiB (100.0% complete)
  30B Model: 2.14 GiB / 16.36 GiB (13.1% complete)
  8B Model:  0 files staged
  DISK:      /dev/sda1       290G   55G  236G  19% /
----------------------------------------------------------------------------------------
[2026-10-07 22:23:03] [STAGE: 2/3: 30B Coding Model (Huihui-Qwen3-Coder-30B-A3B-Instruct-abliterated.Q4_K_M.gguf)]
  STATUS: Actively downloading 30B coding model chunks (2.15 GiB / 16.36 GiB, 13.2% done) at 0.64 MiB/s
  STREAM: DL: 0.64 MiB/s | ETA: 6h 19m
  ARIA2: RUNNING (PID 295527)
  27B Model: 15.66 GiB / 15.65 GiB (100.0% complete)
  30B Model: 2.15 GiB / 16.36 GiB (13.2% complete)
  8B Model:  0 files staged
  DISK:      /dev/sda1       290G   55G  236G  19% /
----------------------------------------------------------------------------------------
[2026-10-07 22:23:18] [STAGE: 2/3: 30B Coding Model (Huihui-Qwen3-Coder-30B-A3B-Instruct-abliterated.Q4_K_M.gguf)]
  STATUS: Actively downloading 30B coding model chunks (2.16 GiB / 16.36 GiB, 13.2% done) at 0.32 MiB/s
  STREAM: DL: 0.32 MiB/s | ETA: 12h 29m
  ARIA2: RUNNING (PID 295527)
  27B Model: 15.66 GiB / 15.65 GiB (100.0% complete)
  30B Model: 2.16 GiB / 16.36 GiB (13.2% complete)
  8B Model:  0 files staged
  DISK:      /dev/sda1       290G   55G  236G  19% /
----------------------------------------------------------------------------------------
[2026-10-07 22:23:29] [STAGE: 2/3: 30B Coding Model (Huihui-Qwen3-Coder-30B-A3B-Instruct-abliterated.Q4_K_M.gguf)]
  STATUS: Actively downloading 30B coding model chunks (2.16 GiB / 16.36 GiB, 13.2% done) at 0.72 MiB/s
  STREAM: DL: 0.72 MiB/s | ETA: 5h 35m
  ARIA2: RUNNING (PID 295527)
  27B Model: 15.66 GiB / 15.65 GiB (100.0% complete)
  30B Model: 2.16 GiB / 16.36 GiB (13.2% complete)
  8B Model:  0 files staged
  DISK:      /dev/sda1       290G   55G  236G  19% /
----------------------------------------------------------------------------------------
[2026-10-07 22:23:40] [STAGE: 2/3: 30B Coding Model (Huihui-Qwen3-Coder-30B-A3B-Instruct-abliterated.Q4_K_M.gguf)]
  STATUS: Actively downloading 30B coding model chunks (2.17 GiB / 16.36 GiB, 13.3% done) at 0.56 MiB/s
  STREAM: DL: 0.56 MiB/s | ETA: 7h 11m
  ARIA2: RUNNING (PID 295527)
  27B Model: 15.66 GiB / 15.65 GiB (100.0% complete)
  30B Model: 2.17 GiB / 16.36 GiB (13.3% complete)
  8B Model:  0 files staged
  DISK:      /dev/sda1       290G   55G  236G  19% /
----------------------------------------------------------------------------------------
[2026-10-07 22:23:51] [STAGE: 2/3: 30B Coding Model (Huihui-Qwen3-Coder-30B-A3B-Instruct-abliterated.Q4_K_M.gguf)]
  STATUS: Actively downloading 30B coding model chunks (2.18 GiB / 16.36 GiB, 13.3% done) at 0.51 MiB/s
  STREAM: DL: 0.51 MiB/s | ETA: 7h 51m
  ARIA2: RUNNING (PID 295527)
  27B Model: 15.66 GiB / 15.65 GiB (100.0% complete)
  30B Model: 2.18 GiB / 16.36 GiB (13.3% complete)
  8B Model:  0 files staged
  DISK:      /dev/sda1       290G   55G  236G  19% /
----------------------------------------------------------------------------------------
[2026-10-07 22:24:02] [STAGE: 2/3: 30B Coding Model (Huihui-Qwen3-Coder-30B-A3B-Instruct-abliterated.Q4_K_M.gguf)]
  STATUS: Actively downloading 30B coding model chunks (2.18 GiB / 16.36 GiB, 13.3% done) at 0.75 MiB/s
  STREAM: DL: 0.75 MiB/s | ETA: 5h 23m
  ARIA2: RUNNING (PID 295527)
  27B Model: 15.66 GiB / 15.65 GiB (100.0% complete)
  30B Model: 2.18 GiB / 16.36 GiB (13.3% complete)
  8B Model:  0 files staged
  DISK:      /dev/sda1       290G   55G  236G  19% /
----------------------------------------------------------------------------------------
[2026-10-07 22:24:15] [STAGE: 2/3: 30B Coding Model (Huihui-Qwen3-Coder-30B-A3B-Instruct-abliterated.Q4_K_M.gguf)]
  STATUS: Actively downloading 30B coding model chunks (2.19 GiB / 16.37 GiB, 13.4% done) at 0.52 MiB/s
  STREAM: DL: 0.52 MiB/s | ETA: 7h 46m
  ARIA2: RUNNING (PID 295527)
  27B Model: 15.66 GiB / 15.65 GiB (100.0% complete)
  30B Model: 2.19 GiB / 16.37 GiB (13.4% complete)
  8B Model:  0 files staged
  DISK:      /dev/sda1       290G   55G  236G  19% /
----------------------------------------------------------------------------------------
[2026-10-07 22:24:26] [STAGE: 2/3: 30B Coding Model (Huihui-Qwen3-Coder-30B-A3B-Instruct-abliterated.Q4_K_M.gguf)]
  STATUS: Actively downloading 30B coding model chunks (2.19 GiB / 16.37 GiB, 13.4% done) at 0.33 MiB/s
  STREAM: DL: 0.33 MiB/s | ETA: 12h 7m
  ARIA2: RUNNING (PID 295527)
  27B Model: 15.66 GiB / 15.65 GiB (100.0% complete)
  30B Model: 2.19 GiB / 16.37 GiB (13.4% complete)
  8B Model:  0 files staged
  DISK:      /dev/sda1       290G   55G  236G  19% /
----------------------------------------------------------------------------------------
[2026-10-07 22:24:38] [STAGE: 2/3: 30B Coding Model (Huihui-Qwen3-Coder-30B-A3B-Instruct-abliterated.Q4_K_M.gguf)]
  STATUS: Actively downloading 30B coding model chunks (2.2 GiB / 16.37 GiB, 13.5% done) at 0.72 MiB/s
  STREAM: DL: 0.72 MiB/s | ETA: 5h 33m
  ARIA2: RUNNING (PID 295527)
  27B Model: 15.66 GiB / 15.65 GiB (100.0% complete)
  30B Model: 2.2 GiB / 16.37 GiB (13.5% complete)
  8B Model:  0 files staged
  DISK:      /dev/sda1       290G   55G  236G  19% /
----------------------------------------------------------------------------------------
[2026-10-07 22:24:52] [STAGE: 2/3: 30B Coding Model (Huihui-Qwen3-Coder-30B-A3B-Instruct-abliterated.Q4_K_M.gguf)]
  STATUS: Actively downloading 30B coding model chunks (2.21 GiB / 16.37 GiB, 13.5% done) at 0.57 MiB/s
  STREAM: DL: 0.57 MiB/s | ETA: 7h 7m
  ARIA2: RUNNING (PID 295527)
  27B Model: 15.66 GiB / 15.65 GiB (100.0% complete)
  30B Model: 2.21 GiB / 16.37 GiB (13.5% complete)
  8B Model:  0 files staged
  DISK:      /dev/sda1       290G   55G  236G  19% /
----------------------------------------------------------------------------------------
[2026-10-07 22:25:02] [STAGE: 2/3: 30B Coding Model (Huihui-Qwen3-Coder-30B-A3B-Instruct-abliterated.Q4_K_M.gguf)]
  STATUS: Actively downloading 30B coding model chunks (2.22 GiB / 16.37 GiB, 13.5% done) at 0.75 MiB/s
  STREAM: DL: 0.75 MiB/s | ETA: 5h 23m
  ARIA2: RUNNING (PID 295527)
  27B Model: 15.66 GiB / 15.65 GiB (100.0% complete)
  30B Model: 2.22 GiB / 16.37 GiB (13.5% complete)
  8B Model:  0 files staged
  DISK:      /dev/sda1       290G   55G  236G  19% /
----------------------------------------------------------------------------------------
[2026-10-07 22:25:13] [STAGE: 2/3: 30B Coding Model (Huihui-Qwen3-Coder-30B-A3B-Instruct-abliterated.Q4_K_M.gguf)]
  STATUS: Actively downloading 30B coding model chunks (2.22 GiB / 16.37 GiB, 13.6% done) at 0.40 MiB/s
  STREAM: DL: 0.40 MiB/s | ETA: 9h 57m
  ARIA2: RUNNING (PID 295527)
  27B Model: 15.66 GiB / 15.65 GiB (100.0% complete)
  30B Model: 2.22 GiB / 16.37 GiB (13.6% complete)
  8B Model:  0 files staged
  DISK:      /dev/sda1       290G   55G  236G  19% /
----------------------------------------------------------------------------------------
[2026-10-07 22:25:25] [STAGE: 2/3: 30B Coding Model (Huihui-Qwen3-Coder-30B-A3B-Instruct-abliterated.Q4_K_M.gguf)]
  STATUS: Actively downloading 30B coding model chunks (2.23 GiB / 16.37 GiB, 13.6% done) at 0.44 MiB/s
  STREAM: DL: 0.44 MiB/s | ETA: 9h 7m
  ARIA2: RUNNING (PID 295527)
  27B Model: 15.66 GiB / 15.65 GiB (100.0% complete)
  30B Model: 2.23 GiB / 16.37 GiB (13.6% complete)
  8B Model:  0 files staged
  DISK:      /dev/sda1       290G   55G  236G  19% /
----------------------------------------------------------------------------------------
[2026-10-07 22:25:37] [STAGE: 2/3: 30B Coding Model (Huihui-Qwen3-Coder-30B-A3B-Instruct-abliterated.Q4_K_M.gguf)]
  STATUS: Actively downloading 30B coding model chunks (2.23 GiB / 16.37 GiB, 13.6% done) at 0.61 MiB/s
  STREAM: DL: 0.61 MiB/s | ETA: 6h 35m
  ARIA2: RUNNING (PID 295527)
  27B Model: 15.66 GiB / 15.65 GiB (100.0% complete)
  30B Model: 2.23 GiB / 16.37 GiB (13.6% complete)
  8B Model:  0 files staged
  DISK:      /dev/sda1       290G   55G  236G  19% /
----------------------------------------------------------------------------------------
[2026-10-07 22:25:48] [STAGE: 2/3: 30B Coding Model (Huihui-Qwen3-Coder-30B-A3B-Instruct-abliterated.Q4_K_M.gguf)]
  STATUS: Actively downloading 30B coding model chunks (2.24 GiB / 16.37 GiB, 13.7% done) at 0.65 MiB/s
  STREAM: DL: 0.65 MiB/s | ETA: 6h 8m
  ARIA2: RUNNING (PID 295527)
  27B Model: 15.66 GiB / 15.65 GiB (100.0% complete)
  30B Model: 2.24 GiB / 16.37 GiB (13.7% complete)
  8B Model:  0 files staged
  DISK:      /dev/sda1       290G   55G  236G  19% /
----------------------------------------------------------------------------------------
[2026-10-07 22:25:59] [STAGE: 2/3: 30B Coding Model (Huihui-Qwen3-Coder-30B-A3B-Instruct-abliterated.Q4_K_M.gguf)]
  STATUS: Actively downloading 30B coding model chunks (2.25 GiB / 16.37 GiB, 13.7% done) at 0.65 MiB/s
  STREAM: DL: 0.65 MiB/s | ETA: 6h 8m
  ARIA2: RUNNING (PID 295527)
  27B Model: 15.66 GiB / 15.65 GiB (100.0% complete)
  30B Model: 2.25 GiB / 16.37 GiB (13.7% complete)
  8B Model:  0 files staged
  DISK:      /dev/sda1       290G   55G  236G  19% /
----------------------------------------------------------------------------------------
[2026-10-07 22:26:12] [STAGE: 2/3: 30B Coding Model (Huihui-Qwen3-Coder-30B-A3B-Instruct-abliterated.Q4_K_M.gguf)]
  STATUS: Actively downloading 30B coding model chunks (2.25 GiB / 16.37 GiB, 13.8% done) at 0.54 MiB/s
  STREAM: DL: 0.54 MiB/s | ETA: 7h 27m
  ARIA2: RUNNING (PID 295527)
  27B Model: 15.66 GiB / 15.65 GiB (100.0% complete)
  30B Model: 2.25 GiB / 16.37 GiB (13.8% complete)
  8B Model:  0 files staged
  DISK:      /dev/sda1       290G   55G  236G  19% /
----------------------------------------------------------------------------------------
[2026-10-07 22:26:23] [STAGE: 2/3: 30B Coding Model (Huihui-Qwen3-Coder-30B-A3B-Instruct-abliterated.Q4_K_M.gguf)]
  STATUS: Actively downloading 30B coding model chunks (2.26 GiB / 16.37 GiB, 13.8% done) at 0.44 MiB/s
  STREAM: DL: 0.44 MiB/s | ETA: 9h 9m
  ARIA2: RUNNING (PID 295527)
  27B Model: 15.66 GiB / 15.65 GiB (100.0% complete)
  30B Model: 2.26 GiB / 16.37 GiB (13.8% complete)
  8B Model:  0 files staged
  DISK:      /dev/sda1       290G   55G  236G  19% /
----------------------------------------------------------------------------------------
[2026-10-07 22:26:35] [STAGE: 2/3: 30B Coding Model (Huihui-Qwen3-Coder-30B-A3B-Instruct-abliterated.Q4_K_M.gguf)]
  STATUS: Actively downloading 30B coding model chunks (2.27 GiB / 16.37 GiB, 13.8% done) at 0.65 MiB/s
  STREAM: DL: 0.65 MiB/s | ETA: 6h 7m
  ARIA2: RUNNING (PID 295527)
  27B Model: 15.66 GiB / 15.65 GiB (100.0% complete)
  30B Model: 2.27 GiB / 16.37 GiB (13.8% complete)
  8B Model:  0 files staged
  DISK:      /dev/sda1       290G   55G  236G  19% /
----------------------------------------------------------------------------------------
[2026-10-07 22:26:46] [STAGE: 2/3: 30B Coding Model (Huihui-Qwen3-Coder-30B-A3B-Instruct-abliterated.Q4_K_M.gguf)]
  STATUS: Actively downloading 30B coding model chunks (2.27 GiB / 16.37 GiB, 13.9% done) at 0.47 MiB/s
  STREAM: DL: 0.47 MiB/s | ETA: 8h 31m
  ARIA2: RUNNING (PID 295527)
  27B Model: 15.66 GiB / 15.65 GiB (100.0% complete)
  30B Model: 2.27 GiB / 16.37 GiB (13.9% complete)
  8B Model:  0 files staged
  DISK:      /dev/sda1       290G   55G  236G  19% /
----------------------------------------------------------------------------------------
[2026-10-07 22:26:57] [STAGE: 2/3: 30B Coding Model (Huihui-Qwen3-Coder-30B-A3B-Instruct-abliterated.Q4_K_M.gguf)]
  STATUS: Actively downloading 30B coding model chunks (2.28 GiB / 16.37 GiB, 13.9% done) at 0.60 MiB/s
  STREAM: DL: 0.60 MiB/s | ETA: 6h 39m
  ARIA2: RUNNING (PID 295527)
  27B Model: 15.66 GiB / 15.65 GiB (100.0% complete)
  30B Model: 2.28 GiB / 16.37 GiB (13.9% complete)
  8B Model:  0 files staged
  DISK:      /dev/sda1       290G   55G  236G  19% /
----------------------------------------------------------------------------------------
[2026-10-07 22:27:14] [STAGE: 2/3: 30B Coding Model (Huihui-Qwen3-Coder-30B-A3B-Instruct-abliterated.Q4_K_M.gguf)]
  STATUS: Actively downloading 30B coding model chunks (2.29 GiB / 16.38 GiB, 14.0% done) at 0.62 MiB/s
  STREAM: DL: 0.62 MiB/s | ETA: 6h 30m
  ARIA2: RUNNING (PID 295527)
  27B Model: 15.66 GiB / 15.65 GiB (100.0% complete)
  30B Model: 2.29 GiB / 16.38 GiB (14.0% complete)
  8B Model:  0 files staged
  DISK:      /dev/sda1       290G   55G  236G  19% /
----------------------------------------------------------------------------------------
[2026-10-07 22:27:25] [STAGE: 2/3: 30B Coding Model (Huihui-Qwen3-Coder-30B-A3B-Instruct-abliterated.Q4_K_M.gguf)]
  STATUS: Actively downloading 30B coding model chunks (2.29 GiB / 16.38 GiB, 14.0% done) at 0.41 MiB/s
  STREAM: DL: 0.41 MiB/s | ETA: 9h 39m
  ARIA2: RUNNING (PID 295527)
  27B Model: 15.66 GiB / 15.65 GiB (100.0% complete)
  30B Model: 2.29 GiB / 16.38 GiB (14.0% complete)
  8B Model:  0 files staged
  DISK:      /dev/sda1       290G   55G  236G  19% /
----------------------------------------------------------------------------------------
[2026-10-07 22:27:36] [STAGE: 2/3: 30B Coding Model (Huihui-Qwen3-Coder-30B-A3B-Instruct-abliterated.Q4_K_M.gguf)]
  STATUS: Actively downloading 30B coding model chunks (2.3 GiB / 16.38 GiB, 14.0% done) at 0.50 MiB/s
  STREAM: DL: 0.50 MiB/s | ETA: 7h 57m
  ARIA2: RUNNING (PID 295527)
  27B Model: 15.66 GiB / 15.65 GiB (100.0% complete)
  30B Model: 2.3 GiB / 16.38 GiB (14.0% complete)
  8B Model:  0 files staged
  DISK:      /dev/sda1       290G   55G  236G  19% /
----------------------------------------------------------------------------------------
[2026-10-07 22:27:48] [STAGE: 2/3: 30B Coding Model (Huihui-Qwen3-Coder-30B-A3B-Instruct-abliterated.Q4_K_M.gguf)]
  STATUS: Actively downloading 30B coding model chunks (2.31 GiB / 16.38 GiB, 14.1% done) at 0.56 MiB/s
  STREAM: DL: 0.56 MiB/s | ETA: 7h 10m
  ARIA2: RUNNING (PID 295527)
  27B Model: 15.66 GiB / 15.65 GiB (100.0% complete)
  30B Model: 2.31 GiB / 16.38 GiB (14.1% complete)
  8B Model:  0 files staged
  DISK:      /dev/sda1       290G   55G  236G  19% /
----------------------------------------------------------------------------------------
[2026-10-07 22:27:59] [STAGE: 2/3: 30B Coding Model (Huihui-Qwen3-Coder-30B-A3B-Instruct-abliterated.Q4_K_M.gguf)]
  STATUS: Actively downloading 30B coding model chunks (2.32 GiB / 16.38 GiB, 14.1% done) at 0.94 MiB/s
  STREAM: DL: 0.94 MiB/s | ETA: 4h 15m
  ARIA2: RUNNING (PID 295527)
  27B Model: 15.66 GiB / 15.65 GiB (100.0% complete)
  30B Model: 2.32 GiB / 16.38 GiB (14.1% complete)
  8B Model:  0 files staged
  DISK:      /dev/sda1       290G   55G  236G  19% /
----------------------------------------------------------------------------------------
[2026-10-07 22:28:10] [STAGE: 2/3: 30B Coding Model (Huihui-Qwen3-Coder-30B-A3B-Instruct-abliterated.Q4_K_M.gguf)]
  STATUS: Actively downloading 30B coding model chunks (2.32 GiB / 16.38 GiB, 14.2% done) at 0.26 MiB/s
  STREAM: DL: 0.26 MiB/s | ETA: 15h 31m
  ARIA2: RUNNING (PID 295527)
  27B Model: 15.66 GiB / 15.65 GiB (100.0% complete)
  30B Model: 2.32 GiB / 16.38 GiB (14.2% complete)
  8B Model:  0 files staged
  DISK:      /dev/sda1       290G   55G  236G  19% /
----------------------------------------------------------------------------------------
[2026-10-07 22:28:22] [STAGE: 2/3: 30B Coding Model (Huihui-Qwen3-Coder-30B-A3B-Instruct-abliterated.Q4_K_M.gguf)]
  STATUS: Actively downloading 30B coding model chunks (2.32 GiB / 16.38 GiB, 14.2% done) at 0.63 MiB/s
  STREAM: DL: 0.63 MiB/s | ETA: 6h 18m
  ARIA2: RUNNING (PID 295527)
  27B Model: 15.66 GiB / 15.65 GiB (100.0% complete)
  30B Model: 2.32 GiB / 16.38 GiB (14.2% complete)
  8B Model:  0 files staged
  DISK:      /dev/sda1       290G   55G  236G  19% /
----------------------------------------------------------------------------------------
[2026-10-07 22:28:33] [STAGE: 2/3: 30B Coding Model (Huihui-Qwen3-Coder-30B-A3B-Instruct-abliterated.Q4_K_M.gguf)]
  STATUS: Actively downloading 30B coding model chunks (2.33 GiB / 16.38 GiB, 14.2% done) at 0.64 MiB/s
  STREAM: DL: 0.64 MiB/s | ETA: 6h 16m
  ARIA2: RUNNING (PID 295527)
  27B Model: 15.66 GiB / 15.65 GiB (100.0% complete)
  30B Model: 2.33 GiB / 16.38 GiB (14.2% complete)
  8B Model:  0 files staged
  DISK:      /dev/sda1       290G   55G  236G  19% /
----------------------------------------------------------------------------------------
[2026-10-07 22:28:45] [STAGE: 2/3: 30B Coding Model (Huihui-Qwen3-Coder-30B-A3B-Instruct-abliterated.Q4_K_M.gguf)]
  STATUS: Actively downloading 30B coding model chunks (2.34 GiB / 16.38 GiB, 14.3% done) at 0.61 MiB/s
  STREAM: DL: 0.61 MiB/s | ETA: 6h 32m
  ARIA2: RUNNING (PID 295527)
  27B Model: 15.66 GiB / 15.65 GiB (100.0% complete)
  30B Model: 2.34 GiB / 16.38 GiB (14.3% complete)
  8B Model:  0 files staged
  DISK:      /dev/sda1       290G   55G  236G  19% /
----------------------------------------------------------------------------------------
[2026-10-07 22:28:57] [STAGE: 2/3: 30B Coding Model (Huihui-Qwen3-Coder-30B-A3B-Instruct-abliterated.Q4_K_M.gguf)]
  STATUS: Actively downloading 30B coding model chunks (2.35 GiB / 16.38 GiB, 14.3% done) at 0.76 MiB/s
  STREAM: DL: 0.76 MiB/s | ETA: 5h 15m
  ARIA2: RUNNING (PID 295527)
  27B Model: 15.66 GiB / 15.65 GiB (100.0% complete)
  30B Model: 2.35 GiB / 16.38 GiB (14.3% complete)
  8B Model:  0 files staged
  DISK:      /dev/sda1       290G   55G  236G  19% /
----------------------------------------------------------------------------------------
[2026-10-07 22:29:09] [STAGE: 2/3: 30B Coding Model (Huihui-Qwen3-Coder-30B-A3B-Instruct-abliterated.Q4_K_M.gguf)]
  STATUS: Actively downloading 30B coding model chunks (2.35 GiB / 16.38 GiB, 14.4% done) at 0.33 MiB/s
  STREAM: DL: 0.33 MiB/s | ETA: 11h 55m
  ARIA2: RUNNING (PID 295527)
  27B Model: 15.66 GiB / 15.65 GiB (100.0% complete)
  30B Model: 2.35 GiB / 16.38 GiB (14.4% complete)
  8B Model:  0 files staged
  DISK:      /dev/sda1       290G   55G  236G  19% /
----------------------------------------------------------------------------------------
[2026-10-07 22:29:21] [STAGE: 2/3: 30B Coding Model (Huihui-Qwen3-Coder-30B-A3B-Instruct-abliterated.Q4_K_M.gguf)]
  STATUS: Actively downloading 30B coding model chunks (2.36 GiB / 16.38 GiB, 14.4% done) at 0.36 MiB/s
  STREAM: DL: 0.36 MiB/s | ETA: 11h 3m
  ARIA2: RUNNING (PID 295527)
  27B Model: 15.66 GiB / 15.65 GiB (100.0% complete)
  30B Model: 2.36 GiB / 16.38 GiB (14.4% complete)
  8B Model:  0 files staged
  DISK:      /dev/sda1       290G   55G  236G  19% /
----------------------------------------------------------------------------------------
[2026-10-07 22:29:31] [STAGE: 2/3: 30B Coding Model (Huihui-Qwen3-Coder-30B-A3B-Instruct-abliterated.Q4_K_M.gguf)]
  STATUS: Actively downloading 30B coding model chunks (2.36 GiB / 16.38 GiB, 14.4% done) at 0.63 MiB/s
  STREAM: DL: 0.63 MiB/s | ETA: 6h 22m
  ARIA2: RUNNING (PID 295527)
  27B Model: 15.66 GiB / 15.65 GiB (100.0% complete)
  30B Model: 2.36 GiB / 16.38 GiB (14.4% complete)
  8B Model:  0 files staged
  DISK:      /dev/sda1       290G   55G  236G  19% /
----------------------------------------------------------------------------------------
[2026-10-07 22:29:46] [STAGE: 2/3: 30B Coding Model (Huihui-Qwen3-Coder-30B-A3B-Instruct-abliterated.Q4_K_M.gguf)]
  STATUS: Actively downloading 30B coding model chunks (2.37 GiB / 16.38 GiB, 14.5% done) at 0.64 MiB/s
  STREAM: DL: 0.64 MiB/s | ETA: 6h 10m
  ARIA2: RUNNING (PID 295527)
  27B Model: 15.66 GiB / 15.65 GiB (100.0% complete)
  30B Model: 2.37 GiB / 16.38 GiB (14.5% complete)
  8B Model:  0 files staged
  DISK:      /dev/sda1       290G   55G  236G  19% /
----------------------------------------------------------------------------------------
[2026-10-07 22:29:57] [STAGE: 2/3: 30B Coding Model (Huihui-Qwen3-Coder-30B-A3B-Instruct-abliterated.Q4_K_M.gguf)]
  STATUS: Actively downloading 30B coding model chunks (2.38 GiB / 16.39 GiB, 14.5% done) at 0.59 MiB/s
  STREAM: DL: 0.59 MiB/s | ETA: 6h 42m
  ARIA2: RUNNING (PID 295527)
  27B Model: 15.66 GiB / 15.65 GiB (100.0% complete)
  30B Model: 2.38 GiB / 16.39 GiB (14.5% complete)
  8B Model:  0 files staged
  DISK:      /dev/sda1       290G   55G  235G  19% /
----------------------------------------------------------------------------------------
[2026-10-07 22:30:14] [STAGE: 2/3: 30B Coding Model (Huihui-Qwen3-Coder-30B-A3B-Instruct-abliterated.Q4_K_M.gguf)]
  STATUS: Actively downloading 30B coding model chunks (2.39 GiB / 16.39 GiB, 14.6% done) at 0.44 MiB/s
  STREAM: DL: 0.44 MiB/s | ETA: 9h 5m
  ARIA2: RUNNING (PID 295527)
  27B Model: 15.66 GiB / 15.65 GiB (100.0% complete)
  30B Model: 2.39 GiB / 16.39 GiB (14.6% complete)
  8B Model:  0 files staged
  DISK:      /dev/sda1       290G   55G  235G  19% /
----------------------------------------------------------------------------------------
[2026-10-07 22:30:26] [STAGE: 2/3: 30B Coding Model (Huihui-Qwen3-Coder-30B-A3B-Instruct-abliterated.Q4_K_M.gguf)]
  STATUS: Actively downloading 30B coding model chunks (2.39 GiB / 16.39 GiB, 14.6% done) at 0.58 MiB/s
  STREAM: DL: 0.58 MiB/s | ETA: 6h 48m
  ARIA2: RUNNING (PID 295527)
  27B Model: 15.66 GiB / 15.65 GiB (100.0% complete)
  30B Model: 2.39 GiB / 16.39 GiB (14.6% complete)
  8B Model:  0 files staged
  DISK:      /dev/sda1       290G   55G  235G  19% /
----------------------------------------------------------------------------------------
[2026-10-07 22:30:40] [STAGE: 2/3: 30B Coding Model (Huihui-Qwen3-Coder-30B-A3B-Instruct-abliterated.Q4_K_M.gguf)]
  STATUS: Actively downloading 30B coding model chunks (2.4 GiB / 16.39 GiB, 14.7% done) at 0.67 MiB/s
  STREAM: DL: 0.67 MiB/s | ETA: 5h 54m
  ARIA2: RUNNING (PID 295527)
  27B Model: 15.66 GiB / 15.65 GiB (100.0% complete)
  30B Model: 2.4 GiB / 16.39 GiB (14.7% complete)
  8B Model:  0 files staged
  DISK:      /dev/sda1       290G   55G  235G  19% /
----------------------------------------------------------------------------------------
[2026-10-07 22:30:54] [STAGE: 2/3: 30B Coding Model (Huihui-Qwen3-Coder-30B-A3B-Instruct-abliterated.Q4_K_M.gguf)]
  STATUS: Actively downloading 30B coding model chunks (2.41 GiB / 16.39 GiB, 14.7% done) at 0.46 MiB/s
  STREAM: DL: 0.46 MiB/s | ETA: 8h 39m
  ARIA2: RUNNING (PID 295527)
  27B Model: 15.66 GiB / 15.65 GiB (100.0% complete)
  30B Model: 2.41 GiB / 16.39 GiB (14.7% complete)
  8B Model:  0 files staged
  DISK:      /dev/sda1       290G   55G  235G  19% /
----------------------------------------------------------------------------------------
[2026-10-07 22:31:06] [STAGE: 2/3: 30B Coding Model (Huihui-Qwen3-Coder-30B-A3B-Instruct-abliterated.Q4_K_M.gguf)]
  STATUS: Actively downloading 30B coding model chunks (2.42 GiB / 16.39 GiB, 14.7% done) at 0.50 MiB/s
  STREAM: DL: 0.50 MiB/s | ETA: 7h 55m
  ARIA2: RUNNING (PID 295527)
  27B Model: 15.66 GiB / 15.65 GiB (100.0% complete)
  30B Model: 2.42 GiB / 16.39 GiB (14.7% complete)
  8B Model:  0 files staged
  DISK:      /dev/sda1       290G   55G  235G  19% /
----------------------------------------------------------------------------------------
[2026-10-07 22:31:18] [STAGE: 2/3: 30B Coding Model (Huihui-Qwen3-Coder-30B-A3B-Instruct-abliterated.Q4_K_M.gguf)]
  STATUS: Actively downloading 30B coding model chunks (2.42 GiB / 16.39 GiB, 14.8% done) at 0.59 MiB/s
  STREAM: DL: 0.59 MiB/s | ETA: 6h 41m
  ARIA2: RUNNING (PID 295527)
  27B Model: 15.66 GiB / 15.65 GiB (100.0% complete)
  30B Model: 2.42 GiB / 16.39 GiB (14.8% complete)
  8B Model:  0 files staged
  DISK:      /dev/sda1       290G   55G  235G  19% /
----------------------------------------------------------------------------------------
[2026-10-07 22:31:29] [STAGE: 2/3: 30B Coding Model (Huihui-Qwen3-Coder-30B-A3B-Instruct-abliterated.Q4_K_M.gguf)]
  STATUS: Actively downloading 30B coding model chunks (2.43 GiB / 16.39 GiB, 14.8% done) at 0.42 MiB/s
  STREAM: DL: 0.42 MiB/s | ETA: 9h 24m
  ARIA2: RUNNING (PID 295527)
  27B Model: 15.66 GiB / 15.65 GiB (100.0% complete)
  30B Model: 2.43 GiB / 16.39 GiB (14.8% complete)
  8B Model:  0 files staged
  DISK:      /dev/sda1       290G   55G  235G  19% /
----------------------------------------------------------------------------------------
[2026-10-07 22:31:40] [STAGE: 2/3: 30B Coding Model (Huihui-Qwen3-Coder-30B-A3B-Instruct-abliterated.Q4_K_M.gguf)]
  STATUS: Actively downloading 30B coding model chunks (2.43 GiB / 16.39 GiB, 14.9% done) at 0.73 MiB/s
  STREAM: DL: 0.73 MiB/s | ETA: 5h 26m
  ARIA2: RUNNING (PID 295527)
  27B Model: 15.66 GiB / 15.65 GiB (100.0% complete)
  30B Model: 2.43 GiB / 16.39 GiB (14.9% complete)
  8B Model:  0 files staged
  DISK:      /dev/sda1       290G   55G  235G  19% /
----------------------------------------------------------------------------------------
[2026-10-07 22:31:52] [STAGE: 2/3: 30B Coding Model (Huihui-Qwen3-Coder-30B-A3B-Instruct-abliterated.Q4_K_M.gguf)]
  STATUS: Actively downloading 30B coding model chunks (2.44 GiB / 16.39 GiB, 14.9% done) at 0.42 MiB/s
  STREAM: DL: 0.42 MiB/s | ETA: 9h 32m
  ARIA2: RUNNING (PID 295527)
  27B Model: 15.66 GiB / 15.65 GiB (100.0% complete)
  30B Model: 2.44 GiB / 16.39 GiB (14.9% complete)
  8B Model:  0 files staged
  DISK:      /dev/sda1       290G   55G  235G  19% /
----------------------------------------------------------------------------------------
[2026-10-07 22:32:04] [STAGE: 2/3: 30B Coding Model (Huihui-Qwen3-Coder-30B-A3B-Instruct-abliterated.Q4_K_M.gguf)]
  STATUS: Actively downloading 30B coding model chunks (2.45 GiB / 16.39 GiB, 14.9% done) at 0.78 MiB/s
  STREAM: DL: 0.78 MiB/s | ETA: 5h 5m
  ARIA2: RUNNING (PID 295527)
  27B Model: 15.66 GiB / 15.65 GiB (100.0% complete)
  30B Model: 2.45 GiB / 16.39 GiB (14.9% complete)
  8B Model:  0 files staged
  DISK:      /dev/sda1       290G   55G  235G  19% /
----------------------------------------------------------------------------------------
[2026-10-07 22:32:15] [STAGE: 2/3: 30B Coding Model (Huihui-Qwen3-Coder-30B-A3B-Instruct-abliterated.Q4_K_M.gguf)]
  STATUS: Actively downloading 30B coding model chunks (2.45 GiB / 16.39 GiB, 15.0% done) at 0.53 MiB/s
  STREAM: DL: 0.53 MiB/s | ETA: 7h 32m
  ARIA2: RUNNING (PID 295527)
  27B Model: 15.66 GiB / 15.65 GiB (100.0% complete)
  30B Model: 2.45 GiB / 16.39 GiB (15.0% complete)
  8B Model:  0 files staged
  DISK:      /dev/sda1       290G   55G  235G  19% /
----------------------------------------------------------------------------------------
[2026-10-07 22:32:26] [STAGE: 2/3: 30B Coding Model (Huihui-Qwen3-Coder-30B-A3B-Instruct-abliterated.Q4_K_M.gguf)]
  STATUS: Actively downloading 30B coding model chunks (2.46 GiB / 16.4 GiB, 15.0% done) at 0.65 MiB/s
  STREAM: DL: 0.65 MiB/s | ETA: 6h 8m
  ARIA2: RUNNING (PID 295527)
  27B Model: 15.66 GiB / 15.65 GiB (100.0% complete)
  30B Model: 2.46 GiB / 16.4 GiB (15.0% complete)
  8B Model:  0 files staged
  DISK:      /dev/sda1       290G   55G  235G  19% /
----------------------------------------------------------------------------------------
[2026-10-07 22:32:37] [STAGE: 2/3: 30B Coding Model (Huihui-Qwen3-Coder-30B-A3B-Instruct-abliterated.Q4_K_M.gguf)]
  STATUS: Actively downloading 30B coding model chunks (2.47 GiB / 16.4 GiB, 15.0% done) at 0.59 MiB/s
  STREAM: DL: 0.59 MiB/s | ETA: 6h 40m
  ARIA2: RUNNING (PID 295527)
  27B Model: 15.66 GiB / 15.65 GiB (100.0% complete)
  30B Model: 2.47 GiB / 16.4 GiB (15.0% complete)
  8B Model:  0 files staged
  DISK:      /dev/sda1       290G   55G  235G  19% /
----------------------------------------------------------------------------------------
[2026-10-07 22:32:48] [STAGE: 2/3: 30B Coding Model (Huihui-Qwen3-Coder-30B-A3B-Instruct-abliterated.Q4_K_M.gguf)]
  STATUS: Actively downloading 30B coding model chunks (2.47 GiB / 16.4 GiB, 15.1% done) at 0.47 MiB/s
  STREAM: DL: 0.47 MiB/s | ETA: 8h 29m
  ARIA2: RUNNING (PID 295527)
  27B Model: 15.66 GiB / 15.65 GiB (100.0% complete)
  30B Model: 2.47 GiB / 16.4 GiB (15.1% complete)
  8B Model:  0 files staged
  DISK:      /dev/sda1       290G   55G  235G  19% /
----------------------------------------------------------------------------------------
[2026-10-07 22:32:59] [STAGE: 2/3: 30B Coding Model (Huihui-Qwen3-Coder-30B-A3B-Instruct-abliterated.Q4_K_M.gguf)]
  STATUS: Actively downloading 30B coding model chunks (2.48 GiB / 16.4 GiB, 15.1% done) at 0.80 MiB/s
  STREAM: DL: 0.80 MiB/s | ETA: 4h 57m
  ARIA2: RUNNING (PID 295527)
  27B Model: 15.66 GiB / 15.65 GiB (100.0% complete)
  30B Model: 2.48 GiB / 16.4 GiB (15.1% complete)
  8B Model:  0 files staged
  DISK:      /dev/sda1       290G   55G  235G  19% /
----------------------------------------------------------------------------------------
[2026-10-07 22:33:10] [STAGE: 2/3: 30B Coding Model (Huihui-Qwen3-Coder-30B-A3B-Instruct-abliterated.Q4_K_M.gguf)]
  STATUS: Actively downloading 30B coding model chunks (2.48 GiB / 16.4 GiB, 15.2% done) at 0.36 MiB/s
  STREAM: DL: 0.36 MiB/s | ETA: 11h 6m
  ARIA2: RUNNING (PID 295527)
  27B Model: 15.66 GiB / 15.65 GiB (100.0% complete)
  30B Model: 2.48 GiB / 16.4 GiB (15.2% complete)
  8B Model:  0 files staged
  DISK:      /dev/sda1       290G   55G  235G  19% /
----------------------------------------------------------------------------------------
[2026-10-07 22:33:23] [STAGE: 2/3: 30B Coding Model (Huihui-Qwen3-Coder-30B-A3B-Instruct-abliterated.Q4_K_M.gguf)]
  STATUS: Actively downloading 30B coding model chunks (2.49 GiB / 16.4 GiB, 15.2% done) at 0.55 MiB/s
  STREAM: DL: 0.55 MiB/s | ETA: 7h 11m
  ARIA2: RUNNING (PID 295527)
  27B Model: 15.66 GiB / 15.65 GiB (100.0% complete)
  30B Model: 2.49 GiB / 16.4 GiB (15.2% complete)
  8B Model:  0 files staged
  DISK:      /dev/sda1       290G   55G  235G  19% /
----------------------------------------------------------------------------------------
[2026-10-07 22:33:33] [STAGE: 2/3: 30B Coding Model (Huihui-Qwen3-Coder-30B-A3B-Instruct-abliterated.Q4_K_M.gguf)]
  STATUS: Actively downloading 30B coding model chunks (2.5 GiB / 16.4 GiB, 15.2% done) at 0.56 MiB/s
  STREAM: DL: 0.56 MiB/s | ETA: 7h 6m
  ARIA2: RUNNING (PID 295527)
  27B Model: 15.66 GiB / 15.65 GiB (100.0% complete)
  30B Model: 2.5 GiB / 16.4 GiB (15.2% complete)
  8B Model:  0 files staged
  DISK:      /dev/sda1       290G   55G  235G  19% /
----------------------------------------------------------------------------------------
[2026-10-07 22:33:44] [STAGE: 2/3: 30B Coding Model (Huihui-Qwen3-Coder-30B-A3B-Instruct-abliterated.Q4_K_M.gguf)]
  STATUS: Actively downloading 30B coding model chunks (2.5 GiB / 16.4 GiB, 15.3% done) at 0.56 MiB/s
  STREAM: DL: 0.56 MiB/s | ETA: 7h 5m
  ARIA2: RUNNING (PID 295527)
  27B Model: 15.66 GiB / 15.65 GiB (100.0% complete)
  30B Model: 2.5 GiB / 16.4 GiB (15.3% complete)
  8B Model:  0 files staged
  DISK:      /dev/sda1       290G   55G  235G  19% /
----------------------------------------------------------------------------------------
[2026-10-07 22:33:55] [STAGE: 2/3: 30B Coding Model (Huihui-Qwen3-Coder-30B-A3B-Instruct-abliterated.Q4_K_M.gguf)]
  STATUS: Actively downloading 30B coding model chunks (2.51 GiB / 16.4 GiB, 15.3% done) at 0.54 MiB/s
  STREAM: DL: 0.54 MiB/s | ETA: 7h 21m
  ARIA2: RUNNING (PID 295527)
  27B Model: 15.66 GiB / 15.65 GiB (100.0% complete)
  30B Model: 2.51 GiB / 16.4 GiB (15.3% complete)
  8B Model:  0 files staged
  DISK:      /dev/sda1       290G   55G  235G  19% /
----------------------------------------------------------------------------------------
[2026-10-07 22:34:06] [STAGE: 2/3: 30B Coding Model (Huihui-Qwen3-Coder-30B-A3B-Instruct-abliterated.Q4_K_M.gguf)]
  STATUS: Actively downloading 30B coding model chunks (2.51 GiB / 16.4 GiB, 15.3% done) at 0.61 MiB/s
  STREAM: DL: 0.61 MiB/s | ETA: 6h 29m
  ARIA2: RUNNING (PID 295527)
  27B Model: 15.66 GiB / 15.65 GiB (100.0% complete)
  30B Model: 2.51 GiB / 16.4 GiB (15.3% complete)
  8B Model:  0 files staged
  DISK:      /dev/sda1       290G   55G  235G  19% /
----------------------------------------------------------------------------------------
[2026-10-07 22:34:18] [STAGE: 2/3: 30B Coding Model (Huihui-Qwen3-Coder-30B-A3B-Instruct-abliterated.Q4_K_M.gguf)]
  STATUS: Actively downloading 30B coding model chunks (2.52 GiB / 16.4 GiB, 15.4% done) at 0.71 MiB/s
  STREAM: DL: 0.71 MiB/s | ETA: 5h 35m
  ARIA2: RUNNING (PID 295527)
  27B Model: 15.66 GiB / 15.65 GiB (100.0% complete)
  30B Model: 2.52 GiB / 16.4 GiB (15.4% complete)
  8B Model:  0 files staged
  DISK:      /dev/sda1       290G   55G  235G  19% /
----------------------------------------------------------------------------------------
[2026-10-07 22:34:28] [STAGE: 2/3: 30B Coding Model (Huihui-Qwen3-Coder-30B-A3B-Instruct-abliterated.Q4_K_M.gguf)]
  STATUS: Actively downloading 30B coding model chunks (2.53 GiB / 16.4 GiB, 15.4% done) at 0.33 MiB/s
  STREAM: DL: 0.33 MiB/s | ETA: 11h 57m
  ARIA2: RUNNING (PID 295527)
  27B Model: 15.66 GiB / 15.65 GiB (100.0% complete)
  30B Model: 2.53 GiB / 16.4 GiB (15.4% complete)
  8B Model:  0 files staged
  DISK:      /dev/sda1       290G   55G  235G  19% /
----------------------------------------------------------------------------------------
[2026-10-07 22:34:39] [STAGE: 2/3: 30B Coding Model (Huihui-Qwen3-Coder-30B-A3B-Instruct-abliterated.Q4_K_M.gguf)]
  STATUS: Actively downloading 30B coding model chunks (2.53 GiB / 16.4 GiB, 15.4% done) at 0.64 MiB/s
  STREAM: DL: 0.64 MiB/s | ETA: 6h 7m
  ARIA2: RUNNING (PID 295527)
  27B Model: 15.66 GiB / 15.65 GiB (100.0% complete)
  30B Model: 2.53 GiB / 16.4 GiB (15.4% complete)
  8B Model:  0 files staged
  DISK:      /dev/sda1       290G   55G  235G  19% /
----------------------------------------------------------------------------------------
[2026-10-07 22:34:51] [STAGE: 2/3: 30B Coding Model (Huihui-Qwen3-Coder-30B-A3B-Instruct-abliterated.Q4_K_M.gguf)]
  STATUS: Actively downloading 30B coding model chunks (2.54 GiB / 16.41 GiB, 15.5% done) at 0.56 MiB/s
  STREAM: DL: 0.56 MiB/s | ETA: 7h 5m
  ARIA2: RUNNING (PID 295527)
  27B Model: 15.66 GiB / 15.65 GiB (100.0% complete)
  30B Model: 2.54 GiB / 16.41 GiB (15.5% complete)
  8B Model:  0 files staged
  DISK:      /dev/sda1       290G   55G  235G  19% /
----------------------------------------------------------------------------------------
[2026-10-07 22:35:02] [STAGE: 2/3: 30B Coding Model (Huihui-Qwen3-Coder-30B-A3B-Instruct-abliterated.Q4_K_M.gguf)]
  STATUS: Actively downloading 30B coding model chunks (2.55 GiB / 16.41 GiB, 15.5% done) at 0.69 MiB/s
  STREAM: DL: 0.69 MiB/s | ETA: 5h 43m
  ARIA2: RUNNING (PID 295527)
  27B Model: 15.66 GiB / 15.65 GiB (100.0% complete)
  30B Model: 2.55 GiB / 16.41 GiB (15.5% complete)
  8B Model:  0 files staged
  DISK:      /dev/sda1       290G   55G  235G  19% /
----------------------------------------------------------------------------------------
[2026-10-07 22:35:15] [STAGE: 2/3: 30B Coding Model (Huihui-Qwen3-Coder-30B-A3B-Instruct-abliterated.Q4_K_M.gguf)]
  STATUS: Actively downloading 30B coding model chunks (2.55 GiB / 16.41 GiB, 15.6% done) at 0.43 MiB/s
  STREAM: DL: 0.43 MiB/s | ETA: 9h 15m
  ARIA2: RUNNING (PID 295527)
  27B Model: 15.66 GiB / 15.65 GiB (100.0% complete)
  30B Model: 2.55 GiB / 16.41 GiB (15.6% complete)
  8B Model:  0 files staged
  DISK:      /dev/sda1       290G   55G  235G  19% /
----------------------------------------------------------------------------------------
[2026-10-07 22:35:28] [STAGE: 2/3: 30B Coding Model (Huihui-Qwen3-Coder-30B-A3B-Instruct-abliterated.Q4_K_M.gguf)]
  STATUS: Actively downloading 30B coding model chunks (2.56 GiB / 16.41 GiB, 15.6% done) at 0.47 MiB/s
  STREAM: DL: 0.47 MiB/s | ETA: 8h 26m
  ARIA2: RUNNING (PID 295527)
  27B Model: 15.66 GiB / 15.65 GiB (100.0% complete)
  30B Model: 2.56 GiB / 16.41 GiB (15.6% complete)
  8B Model:  0 files staged
  DISK:      /dev/sda1       290G   55G  235G  19% /
----------------------------------------------------------------------------------------
[2026-10-07 22:35:39] [STAGE: 2/3: 30B Coding Model (Huihui-Qwen3-Coder-30B-A3B-Instruct-abliterated.Q4_K_M.gguf)]
  STATUS: Actively downloading 30B coding model chunks (2.57 GiB / 16.41 GiB, 15.6% done) at 0.72 MiB/s
  STREAM: DL: 0.72 MiB/s | ETA: 5h 28m
  ARIA2: RUNNING (PID 295527)
  27B Model: 15.66 GiB / 15.65 GiB (100.0% complete)
  30B Model: 2.57 GiB / 16.41 GiB (15.6% complete)
  8B Model:  0 files staged
  DISK:      /dev/sda1       290G   55G  235G  19% /
----------------------------------------------------------------------------------------
[2026-10-07 22:35:51] [STAGE: 2/3: 30B Coding Model (Huihui-Qwen3-Coder-30B-A3B-Instruct-abliterated.Q4_K_M.gguf)]
  STATUS: Actively downloading 30B coding model chunks (2.57 GiB / 16.41 GiB, 15.7% done) at 0.28 MiB/s
  STREAM: DL: 0.28 MiB/s | ETA: 13h 59m
  ARIA2: RUNNING (PID 295527)
  27B Model: 15.66 GiB / 15.65 GiB (100.0% complete)
  30B Model: 2.57 GiB / 16.41 GiB (15.7% complete)
  8B Model:  0 files staged
  DISK:      /dev/sda1       290G   55G  235G  19% /
----------------------------------------------------------------------------------------
[2026-10-07 22:36:02] [STAGE: 2/3: 30B Coding Model (Huihui-Qwen3-Coder-30B-A3B-Instruct-abliterated.Q4_K_M.gguf)]
  STATUS: Actively downloading 30B coding model chunks (2.58 GiB / 16.41 GiB, 15.7% done) at 0.98 MiB/s
  STREAM: DL: 0.98 MiB/s | ETA: 4h 0m
  ARIA2: RUNNING (PID 295527)
  27B Model: 15.66 GiB / 15.65 GiB (100.0% complete)
  30B Model: 2.58 GiB / 16.41 GiB (15.7% complete)
  8B Model:  0 files staged
  DISK:      /dev/sda1       290G   55G  235G  19% /
----------------------------------------------------------------------------------------
[2026-10-07 22:36:12] [STAGE: 2/3: 30B Coding Model (Huihui-Qwen3-Coder-30B-A3B-Instruct-abliterated.Q4_K_M.gguf)]
  STATUS: Actively downloading 30B coding model chunks (2.58 GiB / 16.41 GiB, 15.7% done) at 0.37 MiB/s
  STREAM: DL: 0.37 MiB/s | ETA: 10h 44m
  ARIA2: RUNNING (PID 295527)
  27B Model: 15.66 GiB / 15.65 GiB (100.0% complete)
  30B Model: 2.58 GiB / 16.41 GiB (15.7% complete)
  8B Model:  0 files staged
  DISK:      /dev/sda1       290G   55G  235G  19% /
----------------------------------------------------------------------------------------
[2026-10-07 22:36:23] [STAGE: 2/3: 30B Coding Model (Huihui-Qwen3-Coder-30B-A3B-Instruct-abliterated.Q4_K_M.gguf)]
  STATUS: Actively downloading 30B coding model chunks (2.59 GiB / 16.41 GiB, 15.8% done) at 0.55 MiB/s
  STREAM: DL: 0.55 MiB/s | ETA: 7h 9m
  ARIA2: RUNNING (PID 295527)
  27B Model: 15.66 GiB / 15.65 GiB (100.0% complete)
  30B Model: 2.59 GiB / 16.41 GiB (15.8% complete)
  8B Model:  0 files staged
  DISK:      /dev/sda1       290G   55G  235G  19% /
----------------------------------------------------------------------------------------
[2026-10-07 22:36:34] [STAGE: 2/3: 30B Coding Model (Huihui-Qwen3-Coder-30B-A3B-Instruct-abliterated.Q4_K_M.gguf)]
  STATUS: Actively downloading 30B coding model chunks (2.6 GiB / 16.41 GiB, 15.8% done) at 0.59 MiB/s
  STREAM: DL: 0.59 MiB/s | ETA: 6h 42m
  ARIA2: RUNNING (PID 295527)
  27B Model: 15.66 GiB / 15.65 GiB (100.0% complete)
  30B Model: 2.6 GiB / 16.41 GiB (15.8% complete)
  8B Model:  0 files staged
  DISK:      /dev/sda1       290G   55G  235G  19% /
----------------------------------------------------------------------------------------
[2026-10-07 22:36:46] [STAGE: 2/3: 30B Coding Model (Huihui-Qwen3-Coder-30B-A3B-Instruct-abliterated.Q4_K_M.gguf)]
  STATUS: Actively downloading 30B coding model chunks (2.6 GiB / 16.41 GiB, 15.9% done) at 0.53 MiB/s
  STREAM: DL: 0.53 MiB/s | ETA: 7h 23m
  ARIA2: RUNNING (PID 295527)
  27B Model: 15.66 GiB / 15.65 GiB (100.0% complete)
  30B Model: 2.6 GiB / 16.41 GiB (15.9% complete)
  8B Model:  0 files staged
  DISK:      /dev/sda1       290G   55G  235G  19% /
----------------------------------------------------------------------------------------
[2026-10-07 22:36:57] [STAGE: 2/3: 30B Coding Model (Huihui-Qwen3-Coder-30B-A3B-Instruct-abliterated.Q4_K_M.gguf)]
  STATUS: Actively downloading 30B coding model chunks (2.61 GiB / 16.41 GiB, 15.9% done) at 0.79 MiB/s
  STREAM: DL: 0.79 MiB/s | ETA: 4h 58m
  ARIA2: RUNNING (PID 295527)
  27B Model: 15.66 GiB / 15.65 GiB (100.0% complete)
  30B Model: 2.61 GiB / 16.41 GiB (15.9% complete)
  8B Model:  0 files staged
  DISK:      /dev/sda1       290G   55G  235G  19% /
----------------------------------------------------------------------------------------
[2026-10-07 22:37:11] [STAGE: 2/3: 30B Coding Model (Huihui-Qwen3-Coder-30B-A3B-Instruct-abliterated.Q4_K_M.gguf)]
  STATUS: Actively downloading 30B coding model chunks (2.62 GiB / 16.41 GiB, 15.9% done) at 0.35 MiB/s
  STREAM: DL: 0.35 MiB/s | ETA: 11h 9m
  ARIA2: RUNNING (PID 295527)
  27B Model: 15.66 GiB / 15.65 GiB (100.0% complete)
  30B Model: 2.62 GiB / 16.41 GiB (15.9% complete)
  8B Model:  0 files staged
  DISK:      /dev/sda1       290G   55G  235G  19% /
----------------------------------------------------------------------------------------
[2026-10-07 22:37:22] [STAGE: 2/3: 30B Coding Model (Huihui-Qwen3-Coder-30B-A3B-Instruct-abliterated.Q4_K_M.gguf)]
  STATUS: Actively downloading 30B coding model chunks (2.62 GiB / 16.42 GiB, 16.0% done) at 0.64 MiB/s
  STREAM: DL: 0.64 MiB/s | ETA: 6h 5m
  ARIA2: RUNNING (PID 295527)
  27B Model: 15.66 GiB / 15.65 GiB (100.0% complete)
  30B Model: 2.62 GiB / 16.42 GiB (16.0% complete)
  8B Model:  0 files staged
  DISK:      /dev/sda1       290G   55G  235G  19% /
----------------------------------------------------------------------------------------
[2026-10-07 22:37:33] [STAGE: 2/3: 30B Coding Model (Huihui-Qwen3-Coder-30B-A3B-Instruct-abliterated.Q4_K_M.gguf)]
  STATUS: Actively downloading 30B coding model chunks (2.63 GiB / 16.42 GiB, 16.0% done) at 0.37 MiB/s
  STREAM: DL: 0.37 MiB/s | ETA: 10h 36m
  ARIA2: RUNNING (PID 295527)
  27B Model: 15.66 GiB / 15.65 GiB (100.0% complete)
  30B Model: 2.63 GiB / 16.42 GiB (16.0% complete)
  8B Model:  0 files staged
  DISK:      /dev/sda1       290G   55G  235G  19% /
----------------------------------------------------------------------------------------
[2026-10-07 22:37:44] [STAGE: 2/3: 30B Coding Model (Huihui-Qwen3-Coder-30B-A3B-Instruct-abliterated.Q4_K_M.gguf)]
  STATUS: Actively downloading 30B coding model chunks (2.63 GiB / 16.42 GiB, 16.0% done) at 0.58 MiB/s
  STREAM: DL: 0.58 MiB/s | ETA: 6h 42m
  ARIA2: RUNNING (PID 295527)
  27B Model: 15.66 GiB / 15.65 GiB (100.0% complete)
  30B Model: 2.63 GiB / 16.42 GiB (16.0% complete)
  8B Model:  0 files staged
  DISK:      /dev/sda1       290G   55G  235G  19% /
----------------------------------------------------------------------------------------
[2026-10-07 22:37:56] [STAGE: 2/3: 30B Coding Model (Huihui-Qwen3-Coder-30B-A3B-Instruct-abliterated.Q4_K_M.gguf)]
  STATUS: Actively downloading 30B coding model chunks (2.64 GiB / 16.42 GiB, 16.1% done) at 0.58 MiB/s
  STREAM: DL: 0.58 MiB/s | ETA: 6h 46m
  ARIA2: RUNNING (PID 295527)
  27B Model: 15.66 GiB / 15.65 GiB (100.0% complete)
  30B Model: 2.64 GiB / 16.42 GiB (16.1% complete)
  8B Model:  0 files staged
  DISK:      /dev/sda1       290G   55G  235G  19% /
----------------------------------------------------------------------------------------
[2026-10-07 22:38:08] [STAGE: 2/3: 30B Coding Model (Huihui-Qwen3-Coder-30B-A3B-Instruct-abliterated.Q4_K_M.gguf)]
  STATUS: Actively downloading 30B coding model chunks (2.65 GiB / 16.42 GiB, 16.1% done) at 0.68 MiB/s
  STREAM: DL: 0.68 MiB/s | ETA: 5h 47m
  ARIA2: RUNNING (PID 295527)
  27B Model: 15.66 GiB / 15.65 GiB (100.0% complete)
  30B Model: 2.65 GiB / 16.42 GiB (16.1% complete)
  8B Model:  0 files staged
  DISK:      /dev/sda1       290G   55G  235G  19% /
----------------------------------------------------------------------------------------
[2026-10-07 22:38:19] [STAGE: 2/3: 30B Coding Model (Huihui-Qwen3-Coder-30B-A3B-Instruct-abliterated.Q4_K_M.gguf)]
  STATUS: Actively downloading 30B coding model chunks (2.65 GiB / 16.42 GiB, 16.2% done) at 0.43 MiB/s
  STREAM: DL: 0.43 MiB/s | ETA: 9h 7m
  ARIA2: RUNNING (PID 295527)
  27B Model: 15.66 GiB / 15.65 GiB (100.0% complete)
  30B Model: 2.65 GiB / 16.42 GiB (16.2% complete)
  8B Model:  0 files staged
  DISK:      /dev/sda1       290G   55G  235G  19% /
----------------------------------------------------------------------------------------
[2026-10-07 22:38:29] [STAGE: 2/3: 30B Coding Model (Huihui-Qwen3-Coder-30B-A3B-Instruct-abliterated.Q4_K_M.gguf)]
  STATUS: Actively downloading 30B coding model chunks (2.66 GiB / 16.42 GiB, 16.2% done) at 0.56 MiB/s
  STREAM: DL: 0.56 MiB/s | ETA: 7h 0m
  ARIA2: RUNNING (PID 295527)
  27B Model: 15.66 GiB / 15.65 GiB (100.0% complete)
  30B Model: 2.66 GiB / 16.42 GiB (16.2% complete)
  8B Model:  0 files staged
  DISK:      /dev/sda1       290G   55G  235G  19% /
----------------------------------------------------------------------------------------
[2026-10-07 22:38:40] [STAGE: 2/3: 30B Coding Model (Huihui-Qwen3-Coder-30B-A3B-Instruct-abliterated.Q4_K_M.gguf)]
  STATUS: Actively downloading 30B coding model chunks (2.67 GiB / 16.42 GiB, 16.2% done) at 0.65 MiB/s
  STREAM: DL: 0.65 MiB/s | ETA: 6h 0m
  ARIA2: RUNNING (PID 295527)
  27B Model: 15.66 GiB / 15.65 GiB (100.0% complete)
  30B Model: 2.67 GiB / 16.42 GiB (16.2% complete)
  8B Model:  0 files staged
  DISK:      /dev/sda1       290G   55G  235G  19% /
----------------------------------------------------------------------------------------
[2026-10-07 22:38:51] [STAGE: 2/3: 30B Coding Model (Huihui-Qwen3-Coder-30B-A3B-Instruct-abliterated.Q4_K_M.gguf)]
  STATUS: Actively downloading 30B coding model chunks (2.67 GiB / 16.42 GiB, 16.3% done) at 0.54 MiB/s
  STREAM: DL: 0.54 MiB/s | ETA: 7h 15m
  ARIA2: RUNNING (PID 295527)
  27B Model: 15.66 GiB / 15.65 GiB (100.0% complete)
  30B Model: 2.67 GiB / 16.42 GiB (16.3% complete)
  8B Model:  0 files staged
  DISK:      /dev/sda1       290G   55G  235G  19% /
----------------------------------------------------------------------------------------
[2026-10-07 22:39:02] [STAGE: 2/3: 30B Coding Model (Huihui-Qwen3-Coder-30B-A3B-Instruct-abliterated.Q4_K_M.gguf)]
  STATUS: Actively downloading 30B coding model chunks (2.68 GiB / 16.42 GiB, 16.3% done) at 0.71 MiB/s
  STREAM: DL: 0.71 MiB/s | ETA: 5h 29m
  ARIA2: RUNNING (PID 295527)
  27B Model: 15.66 GiB / 15.65 GiB (100.0% complete)
  30B Model: 2.68 GiB / 16.42 GiB (16.3% complete)
  8B Model:  0 files staged
  DISK:      /dev/sda1       290G   55G  235G  19% /
----------------------------------------------------------------------------------------
[2026-10-07 22:39:14] [STAGE: 2/3: 30B Coding Model (Huihui-Qwen3-Coder-30B-A3B-Instruct-abliterated.Q4_K_M.gguf)]
  STATUS: Actively downloading 30B coding model chunks (2.69 GiB / 16.42 GiB, 16.3% done) at 0.47 MiB/s
  STREAM: DL: 0.47 MiB/s | ETA: 8h 14m
  ARIA2: RUNNING (PID 295527)
  27B Model: 15.66 GiB / 15.65 GiB (100.0% complete)
  30B Model: 2.69 GiB / 16.42 GiB (16.3% complete)
  8B Model:  0 files staged
  DISK:      /dev/sda1       290G   55G  235G  19% /
----------------------------------------------------------------------------------------
[2026-10-07 22:39:26] [STAGE: 2/3: 30B Coding Model (Huihui-Qwen3-Coder-30B-A3B-Instruct-abliterated.Q4_K_M.gguf)]
  STATUS: Actively downloading 30B coding model chunks (2.69 GiB / 16.42 GiB, 16.4% done) at 0.56 MiB/s
  STREAM: DL: 0.56 MiB/s | ETA: 6h 58m
  ARIA2: RUNNING (PID 295527)
  27B Model: 15.66 GiB / 15.65 GiB (100.0% complete)
  30B Model: 2.69 GiB / 16.42 GiB (16.4% complete)
  8B Model:  0 files staged
  DISK:      /dev/sda1       290G   55G  235G  19% /
----------------------------------------------------------------------------------------
[2026-10-07 22:39:36] [STAGE: 2/3: 30B Coding Model (Huihui-Qwen3-Coder-30B-A3B-Instruct-abliterated.Q4_K_M.gguf)]
  STATUS: Actively downloading 30B coding model chunks (2.7 GiB / 16.42 GiB, 16.4% done) at 0.56 MiB/s
  STREAM: DL: 0.56 MiB/s | ETA: 6h 56m
  ARIA2: RUNNING (PID 295527)
  27B Model: 15.66 GiB / 15.65 GiB (100.0% complete)
  30B Model: 2.7 GiB / 16.42 GiB (16.4% complete)
  8B Model:  0 files staged
  DISK:      /dev/sda1       290G   55G  235G  19% /
----------------------------------------------------------------------------------------
[2026-10-07 22:39:47] [STAGE: 2/3: 30B Coding Model (Huihui-Qwen3-Coder-30B-A3B-Instruct-abliterated.Q4_K_M.gguf)]
  STATUS: Actively downloading 30B coding model chunks (2.7 GiB / 16.42 GiB, 16.5% done) at 0.63 MiB/s
  STREAM: DL: 0.63 MiB/s | ETA: 6h 13m
  ARIA2: RUNNING (PID 295527)
  27B Model: 15.66 GiB / 15.65 GiB (100.0% complete)
  30B Model: 2.7 GiB / 16.42 GiB (16.5% complete)
  8B Model:  0 files staged
  DISK:      /dev/sda1       290G   55G  235G  19% /
----------------------------------------------------------------------------------------
[2026-10-07 22:39:58] [STAGE: 2/3: 30B Coding Model (Huihui-Qwen3-Coder-30B-A3B-Instruct-abliterated.Q4_K_M.gguf)]
  STATUS: Actively downloading 30B coding model chunks (2.71 GiB / 16.43 GiB, 16.5% done) at 0.71 MiB/s
  STREAM: DL: 0.71 MiB/s | ETA: 5h 27m
  ARIA2: RUNNING (PID 295527)
  27B Model: 15.66 GiB / 15.65 GiB (100.0% complete)
  30B Model: 2.71 GiB / 16.43 GiB (16.5% complete)
  8B Model:  0 files staged
  DISK:      /dev/sda1       290G   55G  235G  19% /
----------------------------------------------------------------------------------------
[2026-10-07 22:40:10] [STAGE: 2/3: 30B Coding Model (Huihui-Qwen3-Coder-30B-A3B-Instruct-abliterated.Q4_K_M.gguf)]
  STATUS: Actively downloading 30B coding model chunks (2.72 GiB / 16.43 GiB, 16.5% done) at 0.34 MiB/s
  STREAM: DL: 0.34 MiB/s | ETA: 11h 34m
  ARIA2: RUNNING (PID 295527)
  27B Model: 15.66 GiB / 15.65 GiB (100.0% complete)
  30B Model: 2.72 GiB / 16.43 GiB (16.5% complete)
  8B Model:  0 files staged
  DISK:      /dev/sda1       290G   55G  235G  19% /
----------------------------------------------------------------------------------------
[2026-10-07 22:40:21] [STAGE: 2/3: 30B Coding Model (Huihui-Qwen3-Coder-30B-A3B-Instruct-abliterated.Q4_K_M.gguf)]
  STATUS: Actively downloading 30B coding model chunks (2.72 GiB / 16.43 GiB, 16.6% done) at 0.53 MiB/s
  STREAM: DL: 0.53 MiB/s | ETA: 7h 21m
  ARIA2: RUNNING (PID 295527)
  27B Model: 15.66 GiB / 15.65 GiB (100.0% complete)
  30B Model: 2.72 GiB / 16.43 GiB (16.6% complete)
  8B Model:  0 files staged
  DISK:      /dev/sda1       290G   55G  235G  19% /
----------------------------------------------------------------------------------------
[2026-10-07 22:40:32] [STAGE: 2/3: 30B Coding Model (Huihui-Qwen3-Coder-30B-A3B-Instruct-abliterated.Q4_K_M.gguf)]
  STATUS: Actively downloading 30B coding model chunks (2.73 GiB / 16.43 GiB, 16.6% done) at 0.56 MiB/s
  STREAM: DL: 0.56 MiB/s | ETA: 6h 57m
  ARIA2: RUNNING (PID 295527)
  27B Model: 15.66 GiB / 15.65 GiB (100.0% complete)
  30B Model: 2.73 GiB / 16.43 GiB (16.6% complete)
  8B Model:  0 files staged
  DISK:      /dev/sda1       290G   55G  235G  19% /
----------------------------------------------------------------------------------------
[2026-10-07 22:40:43] [STAGE: 2/3: 30B Coding Model (Huihui-Qwen3-Coder-30B-A3B-Instruct-abliterated.Q4_K_M.gguf)]
  STATUS: Actively downloading 30B coding model chunks (2.73 GiB / 16.43 GiB, 16.6% done) at 0.55 MiB/s
  STREAM: DL: 0.55 MiB/s | ETA: 7h 3m
  ARIA2: RUNNING (PID 295527)
  27B Model: 15.66 GiB / 15.65 GiB (100.0% complete)
  30B Model: 2.73 GiB / 16.43 GiB (16.6% complete)
  8B Model:  0 files staged
  DISK:      /dev/sda1       290G   55G  235G  19% /
----------------------------------------------------------------------------------------
[2026-10-07 22:40:53] [STAGE: 2/3: 30B Coding Model (Huihui-Qwen3-Coder-30B-A3B-Instruct-abliterated.Q4_K_M.gguf)]
  STATUS: Actively downloading 30B coding model chunks (2.74 GiB / 16.43 GiB, 16.7% done) at 0.60 MiB/s
  STREAM: DL: 0.60 MiB/s | ETA: 6h 31m
  ARIA2: RUNNING (PID 295527)
  27B Model: 15.66 GiB / 15.65 GiB (100.0% complete)
  30B Model: 2.74 GiB / 16.43 GiB (16.7% complete)
  8B Model:  0 files staged
  DISK:      /dev/sda1       290G   55G  235G  19% /
----------------------------------------------------------------------------------------
[2026-10-07 22:41:05] [STAGE: 2/3: 30B Coding Model (Huihui-Qwen3-Coder-30B-A3B-Instruct-abliterated.Q4_K_M.gguf)]
  STATUS: Actively downloading 30B coding model chunks (2.75 GiB / 16.43 GiB, 16.7% done) at 0.69 MiB/s
  STREAM: DL: 0.69 MiB/s | ETA: 5h 38m
  ARIA2: RUNNING (PID 295527)
  27B Model: 15.66 GiB / 15.65 GiB (100.0% complete)
  30B Model: 2.75 GiB / 16.43 GiB (16.7% complete)
  8B Model:  0 files staged
  DISK:      /dev/sda1       290G   55G  235G  19% /
----------------------------------------------------------------------------------------
[2026-10-07 22:41:16] [STAGE: 2/3: 30B Coding Model (Huihui-Qwen3-Coder-30B-A3B-Instruct-abliterated.Q4_K_M.gguf)]
  STATUS: Actively downloading 30B coding model chunks (2.75 GiB / 16.43 GiB, 16.7% done) at 0.34 MiB/s
  STREAM: DL: 0.34 MiB/s | ETA: 11h 23m
  ARIA2: RUNNING (PID 295527)
  27B Model: 15.66 GiB / 15.65 GiB (100.0% complete)
  30B Model: 2.75 GiB / 16.43 GiB (16.7% complete)
  8B Model:  0 files staged
  DISK:      /dev/sda1       290G   55G  235G  19% /
----------------------------------------------------------------------------------------
[2026-10-07 22:41:27] [STAGE: 2/3: 30B Coding Model (Huihui-Qwen3-Coder-30B-A3B-Instruct-abliterated.Q4_K_M.gguf)]
  STATUS: Actively downloading 30B coding model chunks (2.76 GiB / 16.43 GiB, 16.8% done) at 0.74 MiB/s
  STREAM: DL: 0.74 MiB/s | ETA: 5h 13m
  ARIA2: RUNNING (PID 295527)
  27B Model: 15.66 GiB / 15.65 GiB (100.0% complete)
  30B Model: 2.76 GiB / 16.43 GiB (16.8% complete)
  8B Model:  0 files staged
  DISK:      /dev/sda1       290G   55G  235G  19% /
----------------------------------------------------------------------------------------
[2026-10-07 22:41:37] [STAGE: 2/3: 30B Coding Model (Huihui-Qwen3-Coder-30B-A3B-Instruct-abliterated.Q4_K_M.gguf)]
  STATUS: Actively downloading 30B coding model chunks (2.77 GiB / 16.43 GiB, 16.8% done) at 0.53 MiB/s
  STREAM: DL: 0.53 MiB/s | ETA: 7h 18m
  ARIA2: RUNNING (PID 295527)
  27B Model: 15.66 GiB / 15.65 GiB (100.0% complete)
  30B Model: 2.77 GiB / 16.43 GiB (16.8% complete)
  8B Model:  0 files staged
  DISK:      /dev/sda1       290G   55G  235G  19% /
----------------------------------------------------------------------------------------
[2026-10-07 22:41:50] [STAGE: 2/3: 30B Coding Model (Huihui-Qwen3-Coder-30B-A3B-Instruct-abliterated.Q4_K_M.gguf)]
  STATUS: Actively downloading 30B coding model chunks (2.77 GiB / 16.43 GiB, 16.9% done) at 0.59 MiB/s
  STREAM: DL: 0.59 MiB/s | ETA: 6h 35m
  ARIA2: RUNNING (PID 295527)
  27B Model: 15.66 GiB / 15.65 GiB (100.0% complete)
  30B Model: 2.77 GiB / 16.43 GiB (16.9% complete)
  8B Model:  0 files staged
  DISK:      /dev/sda1       290G   55G  235G  19% /
----------------------------------------------------------------------------------------
[2026-10-07 22:42:02] [STAGE: 2/3: 30B Coding Model (Huihui-Qwen3-Coder-30B-A3B-Instruct-abliterated.Q4_K_M.gguf)]
  STATUS: Actively downloading 30B coding model chunks (2.78 GiB / 16.43 GiB, 16.9% done) at 0.66 MiB/s
  STREAM: DL: 0.66 MiB/s | ETA: 5h 53m
  ARIA2: RUNNING (PID 295527)
  27B Model: 15.66 GiB / 15.65 GiB (100.0% complete)
  30B Model: 2.78 GiB / 16.43 GiB (16.9% complete)
  8B Model:  0 files staged
  DISK:      /dev/sda1       290G   55G  235G  19% /
----------------------------------------------------------------------------------------
[2026-10-07 22:42:13] [STAGE: 2/3: 30B Coding Model (Huihui-Qwen3-Coder-30B-A3B-Instruct-abliterated.Q4_K_M.gguf)]
  STATUS: Actively downloading 30B coding model chunks (2.78 GiB / 16.44 GiB, 16.9% done) at 0.48 MiB/s
  STREAM: DL: 0.48 MiB/s | ETA: 8h 4m
  ARIA2: RUNNING (PID 295527)
  27B Model: 15.66 GiB / 15.65 GiB (100.0% complete)
  30B Model: 2.78 GiB / 16.44 GiB (16.9% complete)
  8B Model:  0 files staged
  DISK:      /dev/sda1       290G   55G  235G  19% /
----------------------------------------------------------------------------------------
[2026-10-07 22:42:24] [STAGE: 2/3: 30B Coding Model (Huihui-Qwen3-Coder-30B-A3B-Instruct-abliterated.Q4_K_M.gguf)]
  STATUS: Actively downloading 30B coding model chunks (2.79 GiB / 16.44 GiB, 17.0% done) at 0.48 MiB/s
  STREAM: DL: 0.48 MiB/s | ETA: 8h 5m
  ARIA2: RUNNING (PID 295527)
  27B Model: 15.66 GiB / 15.65 GiB (100.0% complete)
  30B Model: 2.79 GiB / 16.44 GiB (17.0% complete)
  8B Model:  0 files staged
  DISK:      /dev/sda1       290G   55G  235G  19% /
----------------------------------------------------------------------------------------
[2026-10-07 22:42:36] [STAGE: 2/3: 30B Coding Model (Huihui-Qwen3-Coder-30B-A3B-Instruct-abliterated.Q4_K_M.gguf)]
  STATUS: Actively downloading 30B coding model chunks (2.8 GiB / 16.44 GiB, 17.0% done) at 0.56 MiB/s
  STREAM: DL: 0.56 MiB/s | ETA: 6h 54m
  ARIA2: RUNNING (PID 295527)
  27B Model: 15.66 GiB / 15.65 GiB (100.0% complete)
  30B Model: 2.8 GiB / 16.44 GiB (17.0% complete)
  8B Model:  0 files staged
  DISK:      /dev/sda1       290G   55G  235G  19% /
----------------------------------------------------------------------------------------
[2026-10-07 22:42:46] [STAGE: 2/3: 30B Coding Model (Huihui-Qwen3-Coder-30B-A3B-Instruct-abliterated.Q4_K_M.gguf)]
  STATUS: Actively downloading 30B coding model chunks (2.8 GiB / 16.44 GiB, 17.0% done) at 0.62 MiB/s
  STREAM: DL: 0.62 MiB/s | ETA: 6h 15m
  ARIA2: RUNNING (PID 295527)
  27B Model: 15.66 GiB / 15.65 GiB (100.0% complete)
  30B Model: 2.8 GiB / 16.44 GiB (17.0% complete)
  8B Model:  0 files staged
  DISK:      /dev/sda1       290G   55G  235G  19% /
----------------------------------------------------------------------------------------
[2026-10-07 22:42:58] [STAGE: 2/3: 30B Coding Model (Huihui-Qwen3-Coder-30B-A3B-Instruct-abliterated.Q4_K_M.gguf)]
  STATUS: Actively downloading 30B coding model chunks (2.81 GiB / 16.44 GiB, 17.1% done) at 0.87 MiB/s
  STREAM: DL: 0.87 MiB/s | ETA: 4h 26m
  ARIA2: RUNNING (PID 295527)
  27B Model: 15.66 GiB / 15.65 GiB (100.0% complete)
  30B Model: 2.81 GiB / 16.44 GiB (17.1% complete)
  8B Model:  0 files staged
  DISK:      /dev/sda1       290G   55G  235G  19% /
----------------------------------------------------------------------------------------
[2026-10-07 22:43:08] [STAGE: 2/3: 30B Coding Model (Huihui-Qwen3-Coder-30B-A3B-Instruct-abliterated.Q4_K_M.gguf)]
  STATUS: Actively downloading 30B coding model chunks (2.81 GiB / 16.44 GiB, 17.1% done) at 0.30 MiB/s
  STREAM: DL: 0.30 MiB/s | ETA: 12h 45m
  ARIA2: RUNNING (PID 295527)
  27B Model: 15.66 GiB / 15.65 GiB (100.0% complete)
  30B Model: 2.81 GiB / 16.44 GiB (17.1% complete)
  8B Model:  0 files staged
  DISK:      /dev/sda1       290G   55G  235G  19% /
----------------------------------------------------------------------------------------
[2026-10-07 22:43:19] [STAGE: 2/3: 30B Coding Model (Huihui-Qwen3-Coder-30B-A3B-Instruct-abliterated.Q4_K_M.gguf)]
  STATUS: Actively downloading 30B coding model chunks (2.82 GiB / 16.44 GiB, 17.2% done) at 0.49 MiB/s
  STREAM: DL: 0.49 MiB/s | ETA: 7h 52m
  ARIA2: RUNNING (PID 295527)
  27B Model: 15.66 GiB / 15.65 GiB (100.0% complete)
  30B Model: 2.82 GiB / 16.44 GiB (17.2% complete)
  8B Model:  0 files staged
  DISK:      /dev/sda1       290G   55G  235G  19% /
----------------------------------------------------------------------------------------
[2026-10-07 22:43:30] [STAGE: 2/3: 30B Coding Model (Huihui-Qwen3-Coder-30B-A3B-Instruct-abliterated.Q4_K_M.gguf)]
  STATUS: Actively downloading 30B coding model chunks (2.82 GiB / 16.44 GiB, 17.2% done) at 0.46 MiB/s
  STREAM: DL: 0.46 MiB/s | ETA: 8h 21m
  ARIA2: RUNNING (PID 295527)
  27B Model: 15.66 GiB / 15.65 GiB (100.0% complete)
  30B Model: 2.82 GiB / 16.44 GiB (17.2% complete)
  8B Model:  0 files staged
  DISK:      /dev/sda1       290G   55G  235G  19% /
----------------------------------------------------------------------------------------
[2026-10-07 22:43:41] [STAGE: 2/3: 30B Coding Model (Huihui-Qwen3-Coder-30B-A3B-Instruct-abliterated.Q4_K_M.gguf)]
  STATUS: Actively downloading 30B coding model chunks (2.83 GiB / 16.44 GiB, 17.2% done) at 0.74 MiB/s
  STREAM: DL: 0.74 MiB/s | ETA: 5h 12m
  ARIA2: RUNNING (PID 295527)
  27B Model: 15.66 GiB / 15.65 GiB (100.0% complete)
  30B Model: 2.83 GiB / 16.44 GiB (17.2% complete)
  8B Model:  0 files staged
  DISK:      /dev/sda1       290G   55G  235G  19% /
----------------------------------------------------------------------------------------
[2026-10-07 22:43:52] [STAGE: 2/3: 30B Coding Model (Huihui-Qwen3-Coder-30B-A3B-Instruct-abliterated.Q4_K_M.gguf)]
  STATUS: Actively downloading 30B coding model chunks (2.84 GiB / 16.44 GiB, 17.3% done) at 0.38 MiB/s
  STREAM: DL: 0.38 MiB/s | ETA: 10h 3m
  ARIA2: RUNNING (PID 295527)
  27B Model: 15.66 GiB / 15.65 GiB (100.0% complete)
  30B Model: 2.84 GiB / 16.44 GiB (17.3% complete)
  8B Model:  0 files staged
  DISK:      /dev/sda1       290G   56G  235G  19% /
----------------------------------------------------------------------------------------
[2026-10-07 22:44:05] [STAGE: 2/3: 30B Coding Model (Huihui-Qwen3-Coder-30B-A3B-Instruct-abliterated.Q4_K_M.gguf)]
  STATUS: Actively downloading 30B coding model chunks (2.85 GiB / 16.44 GiB, 17.3% done) at 0.74 MiB/s
  STREAM: DL: 0.74 MiB/s | ETA: 5h 11m
  ARIA2: RUNNING (PID 295527)
  27B Model: 15.66 GiB / 15.65 GiB (100.0% complete)
  30B Model: 2.85 GiB / 16.44 GiB (17.3% complete)
  8B Model:  0 files staged
  DISK:      /dev/sda1       290G   56G  235G  19% /
----------------------------------------------------------------------------------------
[2026-10-07 22:44:18] [STAGE: 2/3: 30B Coding Model (Huihui-Qwen3-Coder-30B-A3B-Instruct-abliterated.Q4_K_M.gguf)]
  STATUS: Actively downloading 30B coding model chunks (2.85 GiB / 16.44 GiB, 17.3% done) at 0.46 MiB/s
  STREAM: DL: 0.46 MiB/s | ETA: 8h 22m
  ARIA2: RUNNING (PID 295527)
  27B Model: 15.66 GiB / 15.65 GiB (100.0% complete)
  30B Model: 2.85 GiB / 16.44 GiB (17.3% complete)
  8B Model:  0 files staged
  DISK:      /dev/sda1       290G   56G  235G  20% /
----------------------------------------------------------------------------------------
[2026-10-07 22:44:29] [STAGE: 2/3: 30B Coding Model (Huihui-Qwen3-Coder-30B-A3B-Instruct-abliterated.Q4_K_M.gguf)]
  STATUS: Actively downloading 30B coding model chunks (2.86 GiB / 16.44 GiB, 17.4% done) at 0.67 MiB/s
  STREAM: DL: 0.67 MiB/s | ETA: 5h 45m
  ARIA2: RUNNING (PID 295527)
  27B Model: 15.66 GiB / 15.65 GiB (100.0% complete)
  30B Model: 2.86 GiB / 16.44 GiB (17.4% complete)
  8B Model:  0 files staged
  DISK:      /dev/sda1       290G   56G  235G  20% /
----------------------------------------------------------------------------------------
[2026-10-07 22:44:41] [STAGE: 2/3: 30B Coding Model (Huihui-Qwen3-Coder-30B-A3B-Instruct-abliterated.Q4_K_M.gguf)]
  STATUS: Actively downloading 30B coding model chunks (2.87 GiB / 16.44 GiB, 17.4% done) at 0.50 MiB/s
  STREAM: DL: 0.50 MiB/s | ETA: 7h 41m
  ARIA2: RUNNING (PID 295527)
  27B Model: 15.66 GiB / 15.65 GiB (100.0% complete)
  30B Model: 2.87 GiB / 16.44 GiB (17.4% complete)
  8B Model:  0 files staged
  DISK:      /dev/sda1       290G   56G  235G  20% /
----------------------------------------------------------------------------------------
[2026-10-07 22:44:55] [STAGE: 2/3: 30B Coding Model (Huihui-Qwen3-Coder-30B-A3B-Instruct-abliterated.Q4_K_M.gguf)]
  STATUS: Actively downloading 30B coding model chunks (2.87 GiB / 16.44 GiB, 17.5% done) at 0.64 MiB/s
  STREAM: DL: 0.64 MiB/s | ETA: 6h 4m
  ARIA2: RUNNING (PID 295527)
  27B Model: 15.66 GiB / 15.65 GiB (100.0% complete)
  30B Model: 2.87 GiB / 16.44 GiB (17.5% complete)
  8B Model:  0 files staged
  DISK:      /dev/sda1       290G   56G  235G  20% /
----------------------------------------------------------------------------------------
[2026-10-07 22:45:07] [STAGE: 2/3: 30B Coding Model (Huihui-Qwen3-Coder-30B-A3B-Instruct-abliterated.Q4_K_M.gguf)]
  STATUS: Actively downloading 30B coding model chunks (2.88 GiB / 16.44 GiB, 17.5% done) at 0.49 MiB/s
  STREAM: DL: 0.49 MiB/s | ETA: 7h 55m
  ARIA2: RUNNING (PID 295527)
  27B Model: 15.66 GiB / 15.65 GiB (100.0% complete)
  30B Model: 2.88 GiB / 16.44 GiB (17.5% complete)
  8B Model:  0 files staged
  DISK:      /dev/sda1       290G   56G  235G  20% /
----------------------------------------------------------------------------------------
[2026-10-07 22:45:19] [STAGE: 2/3: 30B Coding Model (Huihui-Qwen3-Coder-30B-A3B-Instruct-abliterated.Q4_K_M.gguf)]
  STATUS: Actively downloading 30B coding model chunks (2.89 GiB / 16.45 GiB, 17.6% done) at 0.54 MiB/s
  STREAM: DL: 0.54 MiB/s | ETA: 7h 8m
  ARIA2: RUNNING (PID 295527)
  27B Model: 15.66 GiB / 15.65 GiB (100.0% complete)
  30B Model: 2.89 GiB / 16.45 GiB (17.6% complete)
  8B Model:  0 files staged
  DISK:      /dev/sda1       290G   56G  235G  20% /
----------------------------------------------------------------------------------------
[2026-10-07 22:45:33] [STAGE: 2/3: 30B Coding Model (Huihui-Qwen3-Coder-30B-A3B-Instruct-abliterated.Q4_K_M.gguf)]
  STATUS: Actively downloading 30B coding model chunks (2.89 GiB / 16.45 GiB, 17.6% done) at 0.56 MiB/s
  STREAM: DL: 0.56 MiB/s | ETA: 6h 51m
  ARIA2: RUNNING (PID 295527)
  27B Model: 15.66 GiB / 15.65 GiB (100.0% complete)
  30B Model: 2.89 GiB / 16.45 GiB (17.6% complete)
  8B Model:  0 files staged
  DISK:      /dev/sda1       290G   56G  235G  20% /
----------------------------------------------------------------------------------------
[2026-10-07 22:45:43] [STAGE: 2/3: 30B Coding Model (Huihui-Qwen3-Coder-30B-A3B-Instruct-abliterated.Q4_K_M.gguf)]
  STATUS: Actively downloading 30B coding model chunks (2.9 GiB / 16.45 GiB, 17.6% done) at 0.60 MiB/s
  STREAM: DL: 0.60 MiB/s | ETA: 6h 22m
  ARIA2: RUNNING (PID 295527)
  27B Model: 15.66 GiB / 15.65 GiB (100.0% complete)
  30B Model: 2.9 GiB / 16.45 GiB (17.6% complete)
  8B Model:  0 files staged
  DISK:      /dev/sda1       290G   56G  235G  20% /
----------------------------------------------------------------------------------------
[2026-10-07 22:45:55] [STAGE: 2/3: 30B Coding Model (Huihui-Qwen3-Coder-30B-A3B-Instruct-abliterated.Q4_K_M.gguf)]
  STATUS: Actively downloading 30B coding model chunks (2.9 GiB / 16.45 GiB, 17.7% done) at 0.47 MiB/s
  STREAM: DL: 0.47 MiB/s | ETA: 8h 16m
  ARIA2: RUNNING (PID 295527)
  27B Model: 15.66 GiB / 15.65 GiB (100.0% complete)
  30B Model: 2.9 GiB / 16.45 GiB (17.7% complete)
  8B Model:  0 files staged
  DISK:      /dev/sda1       290G   56G  235G  20% /
----------------------------------------------------------------------------------------
[2026-10-07 22:46:06] [STAGE: 2/3: 30B Coding Model (Huihui-Qwen3-Coder-30B-A3B-Instruct-abliterated.Q4_K_M.gguf)]
  STATUS: Actively downloading 30B coding model chunks (2.91 GiB / 16.45 GiB, 17.7% done) at 0.75 MiB/s
  STREAM: DL: 0.75 MiB/s | ETA: 5h 6m
  ARIA2: RUNNING (PID 295527)
  27B Model: 15.66 GiB / 15.65 GiB (100.0% complete)
  30B Model: 2.91 GiB / 16.45 GiB (17.7% complete)
  8B Model:  0 files staged
  DISK:      /dev/sda1       290G   56G  235G  20% /
----------------------------------------------------------------------------------------
[2026-10-07 22:46:16] [STAGE: 2/3: 30B Coding Model (Huihui-Qwen3-Coder-30B-A3B-Instruct-abliterated.Q4_K_M.gguf)]
  STATUS: Actively downloading 30B coding model chunks (2.92 GiB / 16.45 GiB, 17.7% done) at 0.44 MiB/s
  STREAM: DL: 0.44 MiB/s | ETA: 8h 47m
  ARIA2: RUNNING (PID 295527)
  27B Model: 15.66 GiB / 15.65 GiB (100.0% complete)
  30B Model: 2.92 GiB / 16.45 GiB (17.7% complete)
  8B Model:  0 files staged
  DISK:      /dev/sda1       290G   56G  235G  20% /
----------------------------------------------------------------------------------------
[2026-10-07 22:46:27] [STAGE: 2/3: 30B Coding Model (Huihui-Qwen3-Coder-30B-A3B-Instruct-abliterated.Q4_K_M.gguf)]
  STATUS: Actively downloading 30B coding model chunks (2.92 GiB / 16.45 GiB, 17.8% done) at 0.57 MiB/s
  STREAM: DL: 0.57 MiB/s | ETA: 6h 44m
  ARIA2: RUNNING (PID 295527)
  27B Model: 15.66 GiB / 15.65 GiB (100.0% complete)
  30B Model: 2.92 GiB / 16.45 GiB (17.8% complete)
  8B Model:  0 files staged
  DISK:      /dev/sda1       290G   56G  235G  20% /
----------------------------------------------------------------------------------------
[2026-10-07 22:46:40] [STAGE: 2/3: 30B Coding Model (Huihui-Qwen3-Coder-30B-A3B-Instruct-abliterated.Q4_K_M.gguf)]
  STATUS: Actively downloading 30B coding model chunks (2.93 GiB / 16.45 GiB, 17.8% done) at 0.65 MiB/s
  STREAM: DL: 0.65 MiB/s | ETA: 5h 53m
  ARIA2: RUNNING (PID 295527)
  27B Model: 15.66 GiB / 15.65 GiB (100.0% complete)
  30B Model: 2.93 GiB / 16.45 GiB (17.8% complete)
  8B Model:  0 files staged
  DISK:      /dev/sda1       290G   56G  235G  20% /
----------------------------------------------------------------------------------------
[2026-10-07 22:46:50] [STAGE: 2/3: 30B Coding Model (Huihui-Qwen3-Coder-30B-A3B-Instruct-abliterated.Q4_K_M.gguf)]
  STATUS: Actively downloading 30B coding model chunks (2.94 GiB / 16.45 GiB, 17.8% done) at 0.46 MiB/s
  STREAM: DL: 0.46 MiB/s | ETA: 8h 18m
  ARIA2: RUNNING (PID 295527)
  27B Model: 15.66 GiB / 15.65 GiB (100.0% complete)
  30B Model: 2.94 GiB / 16.45 GiB (17.8% complete)
  8B Model:  0 files staged
  DISK:      /dev/sda1       290G   56G  235G  20% /
----------------------------------------------------------------------------------------
[2026-10-07 22:47:01] [STAGE: 2/3: 30B Coding Model (Huihui-Qwen3-Coder-30B-A3B-Instruct-abliterated.Q4_K_M.gguf)]
  STATUS: Actively downloading 30B coding model chunks (2.94 GiB / 16.45 GiB, 17.9% done) at 0.71 MiB/s
  STREAM: DL: 0.71 MiB/s | ETA: 5h 24m
  ARIA2: RUNNING (PID 295527)
  27B Model: 15.66 GiB / 15.65 GiB (100.0% complete)
  30B Model: 2.94 GiB / 16.45 GiB (17.9% complete)
  8B Model:  0 files staged
  DISK:      /dev/sda1       290G   56G  235G  20% /
----------------------------------------------------------------------------------------
[2026-10-07 22:47:14] [STAGE: 2/3: 30B Coding Model (Huihui-Qwen3-Coder-30B-A3B-Instruct-abliterated.Q4_K_M.gguf)]
  STATUS: Actively downloading 30B coding model chunks (2.95 GiB / 16.46 GiB, 17.9% done) at 0.44 MiB/s
  STREAM: DL: 0.44 MiB/s | ETA: 8h 49m
  ARIA2: RUNNING (PID 295527)
  27B Model: 15.66 GiB / 15.65 GiB (100.0% complete)
  30B Model: 2.95 GiB / 16.46 GiB (17.9% complete)
  8B Model:  0 files staged
  DISK:      /dev/sda1       290G   56G  235G  20% /
----------------------------------------------------------------------------------------
[2026-10-07 22:47:26] [STAGE: 2/3: 30B Coding Model (Huihui-Qwen3-Coder-30B-A3B-Instruct-abliterated.Q4_K_M.gguf)]
  STATUS: Actively downloading 30B coding model chunks (2.96 GiB / 16.46 GiB, 18.0% done) at 0.64 MiB/s
  STREAM: DL: 0.64 MiB/s | ETA: 6h 0m
  ARIA2: RUNNING (PID 295527)
  27B Model: 15.66 GiB / 15.65 GiB (100.0% complete)
  30B Model: 2.96 GiB / 16.46 GiB (18.0% complete)
  8B Model:  0 files staged
  DISK:      /dev/sda1       290G   56G  235G  20% /
----------------------------------------------------------------------------------------
[2026-10-07 22:47:38] [STAGE: 2/3: 30B Coding Model (Huihui-Qwen3-Coder-30B-A3B-Instruct-abliterated.Q4_K_M.gguf)]
  STATUS: Actively downloading 30B coding model chunks (2.96 GiB / 16.46 GiB, 18.0% done) at 0.50 MiB/s
  STREAM: DL: 0.50 MiB/s | ETA: 7h 40m
  ARIA2: RUNNING (PID 295527)
  27B Model: 15.66 GiB / 15.65 GiB (100.0% complete)
  30B Model: 2.96 GiB / 16.46 GiB (18.0% complete)
  8B Model:  0 files staged
  DISK:      /dev/sda1       290G   56G  235G  20% /
----------------------------------------------------------------------------------------
[2026-10-07 22:47:50] [STAGE: 2/3: 30B Coding Model (Huihui-Qwen3-Coder-30B-A3B-Instruct-abliterated.Q4_K_M.gguf)]
  STATUS: Actively downloading 30B coding model chunks (2.97 GiB / 16.46 GiB, 18.0% done) at 0.65 MiB/s
  STREAM: DL: 0.65 MiB/s | ETA: 5h 53m
  ARIA2: RUNNING (PID 295527)
  27B Model: 15.66 GiB / 15.65 GiB (100.0% complete)
  30B Model: 2.97 GiB / 16.46 GiB (18.0% complete)
  8B Model:  0 files staged
  DISK:      /dev/sda1       290G   56G  235G  20% /
----------------------------------------------------------------------------------------
[2026-10-07 22:48:01] [STAGE: 2/3: 30B Coding Model (Huihui-Qwen3-Coder-30B-A3B-Instruct-abliterated.Q4_K_M.gguf)]
  STATUS: Actively downloading 30B coding model chunks (2.98 GiB / 16.46 GiB, 18.1% done) at 0.68 MiB/s
  STREAM: DL: 0.68 MiB/s | ETA: 5h 36m
  ARIA2: RUNNING (PID 295527)
  27B Model: 15.66 GiB / 15.65 GiB (100.0% complete)
  30B Model: 2.98 GiB / 16.46 GiB (18.1% complete)
  8B Model:  0 files staged
  DISK:      /dev/sda1       290G   56G  235G  20% /
----------------------------------------------------------------------------------------
[2026-10-07 22:48:11] [STAGE: 2/3: 30B Coding Model (Huihui-Qwen3-Coder-30B-A3B-Instruct-abliterated.Q4_K_M.gguf)]
  STATUS: Actively downloading 30B coding model chunks (2.98 GiB / 16.46 GiB, 18.1% done) at 0.36 MiB/s
  STREAM: DL: 0.36 MiB/s | ETA: 10h 36m
  ARIA2: RUNNING (PID 295527)
  27B Model: 15.66 GiB / 15.65 GiB (100.0% complete)
  30B Model: 2.98 GiB / 16.46 GiB (18.1% complete)
  8B Model:  0 files staged
  DISK:      /dev/sda1       290G   56G  235G  20% /
----------------------------------------------------------------------------------------
[2026-10-07 22:48:22] [STAGE: 2/3: 30B Coding Model (Huihui-Qwen3-Coder-30B-A3B-Instruct-abliterated.Q4_K_M.gguf)]
  STATUS: Actively downloading 30B coding model chunks (2.99 GiB / 16.46 GiB, 18.1% done) at 0.40 MiB/s
  STREAM: DL: 0.40 MiB/s | ETA: 9h 35m
  ARIA2: RUNNING (PID 295527)
  27B Model: 15.66 GiB / 15.65 GiB (100.0% complete)
  30B Model: 2.99 GiB / 16.46 GiB (18.1% complete)
  8B Model:  0 files staged
  DISK:      /dev/sda1       290G   56G  235G  20% /
----------------------------------------------------------------------------------------
[2026-10-07 22:48:34] [STAGE: 2/3: 30B Coding Model (Huihui-Qwen3-Coder-30B-A3B-Instruct-abliterated.Q4_K_M.gguf)]
  STATUS: Actively downloading 30B coding model chunks (2.99 GiB / 16.46 GiB, 18.2% done) at 0.75 MiB/s
  STREAM: DL: 0.75 MiB/s | ETA: 5h 6m
  ARIA2: RUNNING (PID 295527)
  27B Model: 15.66 GiB / 15.65 GiB (100.0% complete)
  30B Model: 2.99 GiB / 16.46 GiB (18.2% complete)
  8B Model:  0 files staged
  DISK:      /dev/sda1       290G   56G  235G  20% /
----------------------------------------------------------------------------------------
[2026-10-07 22:48:45] [STAGE: 2/3: 30B Coding Model (Huihui-Qwen3-Coder-30B-A3B-Instruct-abliterated.Q4_K_M.gguf)]
  STATUS: Actively downloading 30B coding model chunks (3.0 GiB / 16.46 GiB, 18.2% done) at 0.58 MiB/s
  STREAM: DL: 0.58 MiB/s | ETA: 6h 37m
  ARIA2: RUNNING (PID 295527)
  27B Model: 15.66 GiB / 15.65 GiB (100.0% complete)
  30B Model: 3.0 GiB / 16.46 GiB (18.2% complete)
  8B Model:  0 files staged
  DISK:      /dev/sda1       290G   56G  235G  20% /
----------------------------------------------------------------------------------------
[2026-10-07 22:48:57] [STAGE: 2/3: 30B Coding Model (Huihui-Qwen3-Coder-30B-A3B-Instruct-abliterated.Q4_K_M.gguf)]
  STATUS: Actively downloading 30B coding model chunks (3.01 GiB / 16.46 GiB, 18.3% done) at 0.67 MiB/s
  STREAM: DL: 0.67 MiB/s | ETA: 5h 44m
  ARIA2: RUNNING (PID 295527)
  27B Model: 15.66 GiB / 15.65 GiB (100.0% complete)
  30B Model: 3.01 GiB / 16.46 GiB (18.3% complete)
  8B Model:  0 files staged
  DISK:      /dev/sda1       290G   56G  235G  20% /
----------------------------------------------------------------------------------------
[2026-10-07 22:49:12] [STAGE: 2/3: 30B Coding Model (Huihui-Qwen3-Coder-30B-A3B-Instruct-abliterated.Q4_K_M.gguf)]
  STATUS: Actively downloading 30B coding model chunks (3.02 GiB / 16.46 GiB, 18.3% done) at 0.48 MiB/s
  STREAM: DL: 0.48 MiB/s | ETA: 7h 59m
  ARIA2: RUNNING (PID 295527)
  27B Model: 15.66 GiB / 15.65 GiB (100.0% complete)
  30B Model: 3.02 GiB / 16.46 GiB (18.3% complete)
  8B Model:  0 files staged
  DISK:      /dev/sda1       290G   56G  235G  20% /
----------------------------------------------------------------------------------------
[2026-10-07 22:49:23] [STAGE: 2/3: 30B Coding Model (Huihui-Qwen3-Coder-30B-A3B-Instruct-abliterated.Q4_K_M.gguf)]
  STATUS: Actively downloading 30B coding model chunks (3.02 GiB / 16.47 GiB, 18.4% done) at 0.61 MiB/s
  STREAM: DL: 0.61 MiB/s | ETA: 6h 17m
  ARIA2: RUNNING (PID 295527)
  27B Model: 15.66 GiB / 15.65 GiB (100.0% complete)
  30B Model: 3.02 GiB / 16.47 GiB (18.4% complete)
  8B Model:  0 files staged
  DISK:      /dev/sda1       290G   56G  235G  20% /
----------------------------------------------------------------------------------------
[2026-10-07 22:49:34] [STAGE: 2/3: 30B Coding Model (Huihui-Qwen3-Coder-30B-A3B-Instruct-abliterated.Q4_K_M.gguf)]
  STATUS: Actively downloading 30B coding model chunks (3.03 GiB / 16.47 GiB, 18.4% done) at 0.45 MiB/s
  STREAM: DL: 0.45 MiB/s | ETA: 8h 30m
  ARIA2: RUNNING (PID 295527)
  27B Model: 15.66 GiB / 15.65 GiB (100.0% complete)
  30B Model: 3.03 GiB / 16.47 GiB (18.4% complete)
  8B Model:  0 files staged
  DISK:      /dev/sda1       290G   56G  235G  20% /
----------------------------------------------------------------------------------------
[2026-10-07 22:49:45] [STAGE: 2/3: 30B Coding Model (Huihui-Qwen3-Coder-30B-A3B-Instruct-abliterated.Q4_K_M.gguf)]
  STATUS: Actively downloading 30B coding model chunks (3.03 GiB / 16.47 GiB, 18.4% done) at 0.56 MiB/s
  STREAM: DL: 0.56 MiB/s | ETA: 6h 46m
  ARIA2: RUNNING (PID 295527)
  27B Model: 15.66 GiB / 15.65 GiB (100.0% complete)
  30B Model: 3.03 GiB / 16.47 GiB (18.4% complete)
  8B Model:  0 files staged
  DISK:      /dev/sda1       290G   56G  235G  20% /
----------------------------------------------------------------------------------------
[2026-10-07 22:49:58] [STAGE: 2/3: 30B Coding Model (Huihui-Qwen3-Coder-30B-A3B-Instruct-abliterated.Q4_K_M.gguf)]
  STATUS: Actively downloading 30B coding model chunks (3.04 GiB / 16.47 GiB, 18.5% done) at 0.89 MiB/s
  STREAM: DL: 0.89 MiB/s | ETA: 4h 16m
  ARIA2: RUNNING (PID 295527)
  27B Model: 15.66 GiB / 15.65 GiB (100.0% complete)
  30B Model: 3.04 GiB / 16.47 GiB (18.5% complete)
  8B Model:  0 files staged
  DISK:      /dev/sda1       290G   56G  235G  20% /
----------------------------------------------------------------------------------------
[2026-10-07 22:50:09] [STAGE: 2/3: 30B Coding Model (Huihui-Qwen3-Coder-30B-A3B-Instruct-abliterated.Q4_K_M.gguf)]
  STATUS: Actively downloading 30B coding model chunks (3.05 GiB / 16.47 GiB, 18.5% done) at 0.20 MiB/s
  STREAM: DL: 0.20 MiB/s | ETA: 19h 21m
  ARIA2: RUNNING (PID 295527)
  27B Model: 15.66 GiB / 15.65 GiB (100.0% complete)
  30B Model: 3.05 GiB / 16.47 GiB (18.5% complete)
  8B Model:  0 files staged
  DISK:      /dev/sda1       290G   56G  235G  20% /
----------------------------------------------------------------------------------------
[2026-10-07 22:50:20] [STAGE: 2/3: 30B Coding Model (Huihui-Qwen3-Coder-30B-A3B-Instruct-abliterated.Q4_K_M.gguf)]
  STATUS: Actively downloading 30B coding model chunks (3.05 GiB / 16.47 GiB, 18.5% done) at 0.57 MiB/s
  STREAM: DL: 0.57 MiB/s | ETA: 6h 43m
  ARIA2: RUNNING (PID 295527)
  27B Model: 15.66 GiB / 15.65 GiB (100.0% complete)
  30B Model: 3.05 GiB / 16.47 GiB (18.5% complete)
  8B Model:  0 files staged
  DISK:      /dev/sda1       290G   56G  235G  20% /
----------------------------------------------------------------------------------------
[2026-10-07 22:50:33] [STAGE: 2/3: 30B Coding Model (Huihui-Qwen3-Coder-30B-A3B-Instruct-abliterated.Q4_K_M.gguf)]
  STATUS: Actively downloading 30B coding model chunks (3.06 GiB / 16.47 GiB, 18.6% done) at 0.75 MiB/s
  STREAM: DL: 0.75 MiB/s | ETA: 5h 7m
  ARIA2: RUNNING (PID 295527)
  27B Model: 15.66 GiB / 15.65 GiB (100.0% complete)
  30B Model: 3.06 GiB / 16.47 GiB (18.6% complete)
  8B Model:  0 files staged
  DISK:      /dev/sda1       290G   56G  235G  20% /
----------------------------------------------------------------------------------------
[2026-10-07 22:50:43] [STAGE: 2/3: 30B Coding Model (Huihui-Qwen3-Coder-30B-A3B-Instruct-abliterated.Q4_K_M.gguf)]
  STATUS: Actively downloading 30B coding model chunks (3.07 GiB / 16.47 GiB, 18.6% done) at 0.53 MiB/s
  STREAM: DL: 0.53 MiB/s | ETA: 7h 13m
  ARIA2: RUNNING (PID 295527)
  27B Model: 15.66 GiB / 15.65 GiB (100.0% complete)
  30B Model: 3.07 GiB / 16.47 GiB (18.6% complete)
  8B Model:  0 files staged
  DISK:      /dev/sda1       290G   56G  235G  20% /
----------------------------------------------------------------------------------------
[2026-10-07 22:50:55] [STAGE: 2/3: 30B Coding Model (Huihui-Qwen3-Coder-30B-A3B-Instruct-abliterated.Q4_K_M.gguf)]
  STATUS: Actively downloading 30B coding model chunks (3.07 GiB / 16.47 GiB, 18.7% done) at 0.62 MiB/s
  STREAM: DL: 0.62 MiB/s | ETA: 6h 6m
  ARIA2: RUNNING (PID 295527)
  27B Model: 15.66 GiB / 15.65 GiB (100.0% complete)
  30B Model: 3.07 GiB / 16.47 GiB (18.7% complete)
  8B Model:  0 files staged
  DISK:      /dev/sda1       290G   56G  235G  20% /
----------------------------------------------------------------------------------------
[2026-10-07 22:51:06] [STAGE: 2/3: 30B Coding Model (Huihui-Qwen3-Coder-30B-A3B-Instruct-abliterated.Q4_K_M.gguf)]
  STATUS: Actively downloading 30B coding model chunks (3.08 GiB / 16.47 GiB, 18.7% done) at 0.61 MiB/s
  STREAM: DL: 0.61 MiB/s | ETA: 6h 14m
  ARIA2: RUNNING (PID 295527)
  27B Model: 15.66 GiB / 15.65 GiB (100.0% complete)
  30B Model: 3.08 GiB / 16.47 GiB (18.7% complete)
  8B Model:  0 files staged
  DISK:      /dev/sda1       290G   56G  235G  20% /
----------------------------------------------------------------------------------------
[2026-10-07 22:51:18] [STAGE: 2/3: 30B Coding Model (Huihui-Qwen3-Coder-30B-A3B-Instruct-abliterated.Q4_K_M.gguf)]
  STATUS: Actively downloading 30B coding model chunks (3.08 GiB / 16.47 GiB, 18.7% done) at 0.42 MiB/s
  STREAM: DL: 0.42 MiB/s | ETA: 9h 10m
  ARIA2: RUNNING (PID 295527)
  27B Model: 15.66 GiB / 15.65 GiB (100.0% complete)
  30B Model: 3.08 GiB / 16.47 GiB (18.7% complete)
  8B Model:  0 files staged
  DISK:      /dev/sda1       290G   56G  235G  20% /
----------------------------------------------------------------------------------------
[2026-10-07 22:51:30] [STAGE: 2/3: 30B Coding Model (Huihui-Qwen3-Coder-30B-A3B-Instruct-abliterated.Q4_K_M.gguf)]
  STATUS: Actively downloading 30B coding model chunks (3.09 GiB / 16.47 GiB, 18.8% done) at 0.60 MiB/s
  STREAM: DL: 0.60 MiB/s | ETA: 6h 20m
  ARIA2: RUNNING (PID 295527)
  27B Model: 15.66 GiB / 15.65 GiB (100.0% complete)
  30B Model: 3.09 GiB / 16.47 GiB (18.8% complete)
  8B Model:  0 files staged
  DISK:      /dev/sda1       290G   56G  235G  20% /
----------------------------------------------------------------------------------------
[2026-10-07 22:51:43] [STAGE: 2/3: 30B Coding Model (Huihui-Qwen3-Coder-30B-A3B-Instruct-abliterated.Q4_K_M.gguf)]
  STATUS: Actively downloading 30B coding model chunks (3.1 GiB / 16.48 GiB, 18.8% done) at 0.58 MiB/s
  STREAM: DL: 0.58 MiB/s | ETA: 6h 35m
  ARIA2: RUNNING (PID 295527)
  27B Model: 15.66 GiB / 15.65 GiB (100.0% complete)
  30B Model: 3.1 GiB / 16.48 GiB (18.8% complete)
  8B Model:  0 files staged
  DISK:      /dev/sda1       290G   56G  235G  20% /
----------------------------------------------------------------------------------------
[2026-10-07 22:51:55] [STAGE: 2/3: 30B Coding Model (Huihui-Qwen3-Coder-30B-A3B-Instruct-abliterated.Q4_K_M.gguf)]
  STATUS: Actively downloading 30B coding model chunks (3.1 GiB / 16.48 GiB, 18.8% done) at 0.56 MiB/s
  STREAM: DL: 0.56 MiB/s | ETA: 6h 46m
  ARIA2: RUNNING (PID 295527)
  27B Model: 15.66 GiB / 15.65 GiB (100.0% complete)
  30B Model: 3.1 GiB / 16.48 GiB (18.8% complete)
  8B Model:  0 files staged
  DISK:      /dev/sda1       290G   56G  235G  20% /
----------------------------------------------------------------------------------------
[2026-10-07 22:52:06] [STAGE: 2/3: 30B Coding Model (Huihui-Qwen3-Coder-30B-A3B-Instruct-abliterated.Q4_K_M.gguf)]
  STATUS: Actively downloading 30B coding model chunks (3.11 GiB / 16.48 GiB, 18.9% done) at 0.59 MiB/s
  STREAM: DL: 0.59 MiB/s | ETA: 6h 26m
  ARIA2: RUNNING (PID 295527)
  27B Model: 15.66 GiB / 15.65 GiB (100.0% complete)
  30B Model: 3.11 GiB / 16.48 GiB (18.9% complete)
  8B Model:  0 files staged
  DISK:      /dev/sda1       290G   56G  235G  20% /
----------------------------------------------------------------------------------------
[2026-10-07 22:52:17] [STAGE: 2/3: 30B Coding Model (Huihui-Qwen3-Coder-30B-A3B-Instruct-abliterated.Q4_K_M.gguf)]
  STATUS: Actively downloading 30B coding model chunks (3.12 GiB / 16.48 GiB, 18.9% done) at 0.53 MiB/s
  STREAM: DL: 0.53 MiB/s | ETA: 7h 7m
  ARIA2: RUNNING (PID 295527)
  27B Model: 15.66 GiB / 15.65 GiB (100.0% complete)
  30B Model: 3.12 GiB / 16.48 GiB (18.9% complete)
  8B Model:  0 files staged
  DISK:      /dev/sda1       290G   56G  235G  20% /
----------------------------------------------------------------------------------------
[2026-10-07 22:52:28] [STAGE: 2/3: 30B Coding Model (Huihui-Qwen3-Coder-30B-A3B-Instruct-abliterated.Q4_K_M.gguf)]
  STATUS: Actively downloading 30B coding model chunks (3.12 GiB / 16.48 GiB, 18.9% done) at 0.47 MiB/s
  STREAM: DL: 0.47 MiB/s | ETA: 8h 9m
  ARIA2: RUNNING (PID 295527)
  27B Model: 15.66 GiB / 15.65 GiB (100.0% complete)
  30B Model: 3.12 GiB / 16.48 GiB (18.9% complete)
  8B Model:  0 files staged
  DISK:      /dev/sda1       290G   56G  235G  20% /
----------------------------------------------------------------------------------------
[2026-10-07 22:52:39] [STAGE: 2/3: 30B Coding Model (Huihui-Qwen3-Coder-30B-A3B-Instruct-abliterated.Q4_K_M.gguf)]
  STATUS: Actively downloading 30B coding model chunks (3.13 GiB / 16.48 GiB, 19.0% done) at 0.63 MiB/s
  STREAM: DL: 0.63 MiB/s | ETA: 5h 59m
  ARIA2: RUNNING (PID 295527)
  27B Model: 15.66 GiB / 15.65 GiB (100.0% complete)
  30B Model: 3.13 GiB / 16.48 GiB (19.0% complete)
  8B Model:  0 files staged
  DISK:      /dev/sda1       290G   56G  235G  20% /
----------------------------------------------------------------------------------------
[2026-10-07 22:52:51] [STAGE: 2/3: 30B Coding Model (Huihui-Qwen3-Coder-30B-A3B-Instruct-abliterated.Q4_K_M.gguf)]
  STATUS: Actively downloading 30B coding model chunks (3.14 GiB / 16.48 GiB, 19.0% done) at 0.51 MiB/s
  STREAM: DL: 0.51 MiB/s | ETA: 7h 24m
  ARIA2: RUNNING (PID 295527)
  27B Model: 15.66 GiB / 15.65 GiB (100.0% complete)
  30B Model: 3.14 GiB / 16.48 GiB (19.0% complete)
  8B Model:  0 files staged
  DISK:      /dev/sda1       290G   56G  235G  20% /
----------------------------------------------------------------------------------------
[2026-10-07 22:53:03] [STAGE: 2/3: 30B Coding Model (Huihui-Qwen3-Coder-30B-A3B-Instruct-abliterated.Q4_K_M.gguf)]
  STATUS: Actively downloading 30B coding model chunks (3.14 GiB / 16.48 GiB, 19.1% done) at 0.72 MiB/s
  STREAM: DL: 0.72 MiB/s | ETA: 5h 15m
  ARIA2: RUNNING (PID 295527)
  27B Model: 15.66 GiB / 15.65 GiB (100.0% complete)
  30B Model: 3.14 GiB / 16.48 GiB (19.1% complete)
  8B Model:  0 files staged
  DISK:      /dev/sda1       290G   56G  235G  20% /
----------------------------------------------------------------------------------------
[2026-10-07 22:53:14] [STAGE: 2/3: 30B Coding Model (Huihui-Qwen3-Coder-30B-A3B-Instruct-abliterated.Q4_K_M.gguf)]
  STATUS: Actively downloading 30B coding model chunks (3.15 GiB / 16.48 GiB, 19.1% done) at 0.53 MiB/s
  STREAM: DL: 0.53 MiB/s | ETA: 7h 12m
  ARIA2: RUNNING (PID 295527)
  27B Model: 15.66 GiB / 15.65 GiB (100.0% complete)
  30B Model: 3.15 GiB / 16.48 GiB (19.1% complete)
  8B Model:  0 files staged
  DISK:      /dev/sda1       290G   56G  235G  20% /
----------------------------------------------------------------------------------------
[2026-10-07 22:53:26] [STAGE: 2/3: 30B Coding Model (Huihui-Qwen3-Coder-30B-A3B-Instruct-abliterated.Q4_K_M.gguf)]
  STATUS: Actively downloading 30B coding model chunks (3.16 GiB / 16.48 GiB, 19.1% done) at 0.56 MiB/s
  STREAM: DL: 0.56 MiB/s | ETA: 6h 45m
  ARIA2: RUNNING (PID 295527)
  27B Model: 15.66 GiB / 15.65 GiB (100.0% complete)
  30B Model: 3.16 GiB / 16.48 GiB (19.1% complete)
  8B Model:  0 files staged
  DISK:      /dev/sda1       290G   56G  235G  20% /
----------------------------------------------------------------------------------------
[2026-10-07 22:53:36] [STAGE: 2/3: 30B Coding Model (Huihui-Qwen3-Coder-30B-A3B-Instruct-abliterated.Q4_K_M.gguf)]
  STATUS: Actively downloading 30B coding model chunks (3.16 GiB / 16.48 GiB, 19.2% done) at 0.54 MiB/s
  STREAM: DL: 0.54 MiB/s | ETA: 6h 57m
  ARIA2: RUNNING (PID 295527)
  27B Model: 15.66 GiB / 15.65 GiB (100.0% complete)
  30B Model: 3.16 GiB / 16.48 GiB (19.2% complete)
  8B Model:  0 files staged
  DISK:      /dev/sda1       290G   56G  235G  20% /
----------------------------------------------------------------------------------------
[2026-10-07 22:53:47] [STAGE: 2/3: 30B Coding Model (Huihui-Qwen3-Coder-30B-A3B-Instruct-abliterated.Q4_K_M.gguf)]
  STATUS: Actively downloading 30B coding model chunks (3.17 GiB / 16.49 GiB, 19.2% done) at 0.50 MiB/s
  STREAM: DL: 0.50 MiB/s | ETA: 7h 30m
  ARIA2: RUNNING (PID 295527)
  27B Model: 15.66 GiB / 15.65 GiB (100.0% complete)
  30B Model: 3.17 GiB / 16.49 GiB (19.2% complete)
  8B Model:  0 files staged
  DISK:      /dev/sda1       290G   56G  235G  20% /
----------------------------------------------------------------------------------------
[2026-10-07 22:53:59] [STAGE: 2/3: 30B Coding Model (Huihui-Qwen3-Coder-30B-A3B-Instruct-abliterated.Q4_K_M.gguf)]
  STATUS: Actively downloading 30B coding model chunks (3.18 GiB / 16.49 GiB, 19.3% done) at 0.85 MiB/s
  STREAM: DL: 0.85 MiB/s | ETA: 4h 27m
  ARIA2: RUNNING (PID 295527)
  27B Model: 15.66 GiB / 15.65 GiB (100.0% complete)
  30B Model: 3.18 GiB / 16.49 GiB (19.3% complete)
  8B Model:  0 files staged
  DISK:      /dev/sda1       290G   56G  235G  20% /
----------------------------------------------------------------------------------------
[2026-10-07 22:54:10] [STAGE: 2/3: 30B Coding Model (Huihui-Qwen3-Coder-30B-A3B-Instruct-abliterated.Q4_K_M.gguf)]
  STATUS: Actively downloading 30B coding model chunks (3.18 GiB / 16.49 GiB, 19.3% done) at 0.22 MiB/s
  STREAM: DL: 0.22 MiB/s | ETA: 16h 59m
  ARIA2: RUNNING (PID 295527)
  27B Model: 15.66 GiB / 15.65 GiB (100.0% complete)
  30B Model: 3.18 GiB / 16.49 GiB (19.3% complete)
  8B Model:  0 files staged
  DISK:      /dev/sda1       290G   56G  235G  20% /
----------------------------------------------------------------------------------------
[2026-10-07 22:54:21] [STAGE: 2/3: 30B Coding Model (Huihui-Qwen3-Coder-30B-A3B-Instruct-abliterated.Q4_K_M.gguf)]
  STATUS: Actively downloading 30B coding model chunks (3.18 GiB / 16.49 GiB, 19.3% done) at 0.55 MiB/s
  STREAM: DL: 0.55 MiB/s | ETA: 6h 54m
  ARIA2: RUNNING (PID 295527)
  27B Model: 15.66 GiB / 15.65 GiB (100.0% complete)
  30B Model: 3.18 GiB / 16.49 GiB (19.3% complete)
  8B Model:  0 files staged
  DISK:      /dev/sda1       290G   56G  235G  20% /
----------------------------------------------------------------------------------------
[2026-10-07 22:54:33] [STAGE: 2/3: 30B Coding Model (Huihui-Qwen3-Coder-30B-A3B-Instruct-abliterated.Q4_K_M.gguf)]
  STATUS: Actively downloading 30B coding model chunks (3.19 GiB / 16.49 GiB, 19.4% done) at 0.66 MiB/s
  STREAM: DL: 0.66 MiB/s | ETA: 5h 44m
  ARIA2: RUNNING (PID 295527)
  27B Model: 15.66 GiB / 15.65 GiB (100.0% complete)
  30B Model: 3.19 GiB / 16.49 GiB (19.4% complete)
  8B Model:  0 files staged
  DISK:      /dev/sda1       290G   56G  235G  20% /
----------------------------------------------------------------------------------------
[2026-10-07 22:54:43] [STAGE: 2/3: 30B Coding Model (Huihui-Qwen3-Coder-30B-A3B-Instruct-abliterated.Q4_K_M.gguf)]
  STATUS: Actively downloading 30B coding model chunks (3.2 GiB / 16.49 GiB, 19.4% done) at 0.56 MiB/s
  STREAM: DL: 0.56 MiB/s | ETA: 6h 42m
  ARIA2: RUNNING (PID 295527)
  27B Model: 15.66 GiB / 15.65 GiB (100.0% complete)
  30B Model: 3.2 GiB / 16.49 GiB (19.4% complete)
  8B Model:  0 files staged
  DISK:      /dev/sda1       290G   56G  235G  20% /
----------------------------------------------------------------------------------------
[2026-10-07 22:54:54] [STAGE: 2/3: 30B Coding Model (Huihui-Qwen3-Coder-30B-A3B-Instruct-abliterated.Q4_K_M.gguf)]
  STATUS: Actively downloading 30B coding model chunks (3.2 GiB / 16.49 GiB, 19.4% done) at 0.50 MiB/s
  STREAM: DL: 0.50 MiB/s | ETA: 7h 30m
  ARIA2: RUNNING (PID 295527)
  27B Model: 15.66 GiB / 15.65 GiB (100.0% complete)
  30B Model: 3.2 GiB / 16.49 GiB (19.4% complete)
  8B Model:  0 files staged
  DISK:      /dev/sda1       290G   56G  235G  20% /
----------------------------------------------------------------------------------------
[2026-10-07 22:55:06] [STAGE: 2/3: 30B Coding Model (Huihui-Qwen3-Coder-30B-A3B-Instruct-abliterated.Q4_K_M.gguf)]
  STATUS: Actively downloading 30B coding model chunks (3.21 GiB / 16.49 GiB, 19.5% done) at 0.69 MiB/s
  STREAM: DL: 0.69 MiB/s | ETA: 5h 29m
  ARIA2: RUNNING (PID 295527)
  27B Model: 15.66 GiB / 15.65 GiB (100.0% complete)
  30B Model: 3.21 GiB / 16.49 GiB (19.5% complete)
  8B Model:  0 files staged
  DISK:      /dev/sda1       290G   56G  235G  20% /
----------------------------------------------------------------------------------------
[2026-10-07 22:55:17] [STAGE: 2/3: 30B Coding Model (Huihui-Qwen3-Coder-30B-A3B-Instruct-abliterated.Q4_K_M.gguf)]
  STATUS: Actively downloading 30B coding model chunks (3.21 GiB / 16.49 GiB, 19.5% done) at 0.45 MiB/s
  STREAM: DL: 0.45 MiB/s | ETA: 8h 24m
  ARIA2: RUNNING (PID 295527)
  27B Model: 15.66 GiB / 15.65 GiB (100.0% complete)
  30B Model: 3.21 GiB / 16.49 GiB (19.5% complete)
  8B Model:  0 files staged
  DISK:      /dev/sda1       290G   56G  235G  20% /
----------------------------------------------------------------------------------------
[2026-10-07 22:55:27] [STAGE: 2/3: 30B Coding Model (Huihui-Qwen3-Coder-30B-A3B-Instruct-abliterated.Q4_K_M.gguf)]
  STATUS: Actively downloading 30B coding model chunks (3.22 GiB / 16.49 GiB, 19.5% done) at 0.57 MiB/s
  STREAM: DL: 0.57 MiB/s | ETA: 6h 40m
  ARIA2: RUNNING (PID 295527)
  27B Model: 15.66 GiB / 15.65 GiB (100.0% complete)
  30B Model: 3.22 GiB / 16.49 GiB (19.5% complete)
  8B Model:  0 files staged
  DISK:      /dev/sda1       290G   56G  235G  20% /
----------------------------------------------------------------------------------------
[2026-10-07 22:55:38] [STAGE: 2/3: 30B Coding Model (Huihui-Qwen3-Coder-30B-A3B-Instruct-abliterated.Q4_K_M.gguf)]
  STATUS: Actively downloading 30B coding model chunks (3.23 GiB / 16.49 GiB, 19.6% done) at 0.74 MiB/s
  STREAM: DL: 0.74 MiB/s | ETA: 5h 4m
  ARIA2: RUNNING (PID 295527)
  27B Model: 15.66 GiB / 15.65 GiB (100.0% complete)
  30B Model: 3.23 GiB / 16.49 GiB (19.6% complete)
  8B Model:  0 files staged
  DISK:      /dev/sda1       290G   56G  235G  20% /
----------------------------------------------------------------------------------------
[2026-10-07 22:55:48] [STAGE: 2/3: 30B Coding Model (Huihui-Qwen3-Coder-30B-A3B-Instruct-abliterated.Q4_K_M.gguf)]
  STATUS: Actively downloading 30B coding model chunks (3.23 GiB / 16.49 GiB, 19.6% done) at 0.46 MiB/s
  STREAM: DL: 0.46 MiB/s | ETA: 8h 7m
  ARIA2: RUNNING (PID 295527)
  27B Model: 15.66 GiB / 15.65 GiB (100.0% complete)
  30B Model: 3.23 GiB / 16.49 GiB (19.6% complete)
  8B Model:  0 files staged
  DISK:      /dev/sda1       290G   56G  235G  20% /
----------------------------------------------------------------------------------------
[2026-10-07 22:55:59] [STAGE: 2/3: 30B Coding Model (Huihui-Qwen3-Coder-30B-A3B-Instruct-abliterated.Q4_K_M.gguf)]
  STATUS: Actively downloading 30B coding model chunks (3.24 GiB / 16.5 GiB, 19.7% done) at 0.76 MiB/s
  STREAM: DL: 0.76 MiB/s | ETA: 4h 56m
  ARIA2: RUNNING (PID 295527)
  27B Model: 15.66 GiB / 15.65 GiB (100.0% complete)
  30B Model: 3.24 GiB / 16.5 GiB (19.7% complete)
  8B Model:  0 files staged
  DISK:      /dev/sda1       290G   56G  235G  20% /
----------------------------------------------------------------------------------------
[2026-10-07 22:56:11] [STAGE: 2/3: 30B Coding Model (Huihui-Qwen3-Coder-30B-A3B-Instruct-abliterated.Q4_K_M.gguf)]
  STATUS: Actively downloading 30B coding model chunks (3.25 GiB / 16.5 GiB, 19.7% done) at 0.40 MiB/s
  STREAM: DL: 0.40 MiB/s | ETA: 9h 28m
  ARIA2: RUNNING (PID 295527)
  27B Model: 15.66 GiB / 15.65 GiB (100.0% complete)
  30B Model: 3.25 GiB / 16.5 GiB (19.7% complete)
  8B Model:  0 files staged
  DISK:      /dev/sda1       290G   56G  235G  20% /
----------------------------------------------------------------------------------------
[2026-10-07 22:56:21] [STAGE: 2/3: 30B Coding Model (Huihui-Qwen3-Coder-30B-A3B-Instruct-abliterated.Q4_K_M.gguf)]
  STATUS: Actively downloading 30B coding model chunks (3.25 GiB / 16.5 GiB, 19.7% done) at 0.57 MiB/s
  STREAM: DL: 0.57 MiB/s | ETA: 6h 39m
  ARIA2: RUNNING (PID 295527)
  27B Model: 15.66 GiB / 15.65 GiB (100.0% complete)
  30B Model: 3.25 GiB / 16.5 GiB (19.7% complete)
  8B Model:  0 files staged
  DISK:      /dev/sda1       290G   56G  235G  20% /
----------------------------------------------------------------------------------------
[2026-10-07 22:56:32] [STAGE: 2/3: 30B Coding Model (Huihui-Qwen3-Coder-30B-A3B-Instruct-abliterated.Q4_K_M.gguf)]
  STATUS: Actively downloading 30B coding model chunks (3.26 GiB / 16.5 GiB, 19.7% done) at 0.56 MiB/s
  STREAM: DL: 0.56 MiB/s | ETA: 6h 42m
  ARIA2: RUNNING (PID 295527)
  27B Model: 15.66 GiB / 15.65 GiB (100.0% complete)
  30B Model: 3.26 GiB / 16.5 GiB (19.7% complete)
  8B Model:  0 files staged
  DISK:      /dev/sda1       290G   56G  235G  20% /
----------------------------------------------------------------------------------------
[2026-10-07 22:56:43] [STAGE: 2/3: 30B Coding Model (Huihui-Qwen3-Coder-30B-A3B-Instruct-abliterated.Q4_K_M.gguf)]
  STATUS: Actively downloading 30B coding model chunks (3.26 GiB / 16.5 GiB, 19.8% done) at 0.55 MiB/s
  STREAM: DL: 0.55 MiB/s | ETA: 6h 47m
  ARIA2: RUNNING (PID 295527)
  27B Model: 15.66 GiB / 15.65 GiB (100.0% complete)
  30B Model: 3.26 GiB / 16.5 GiB (19.8% complete)
  8B Model:  0 files staged
  DISK:      /dev/sda1       290G   56G  235G  20% /
----------------------------------------------------------------------------------------
[2026-10-07 22:56:54] [STAGE: 2/3: 30B Coding Model (Huihui-Qwen3-Coder-30B-A3B-Instruct-abliterated.Q4_K_M.gguf)]
  STATUS: Actively downloading 30B coding model chunks (3.27 GiB / 16.5 GiB, 19.8% done) at 0.51 MiB/s
  STREAM: DL: 0.51 MiB/s | ETA: 7h 24m
  ARIA2: RUNNING (PID 295527)
  27B Model: 15.66 GiB / 15.65 GiB (100.0% complete)
  30B Model: 3.27 GiB / 16.5 GiB (19.8% complete)
  8B Model:  0 files staged
  DISK:      /dev/sda1       290G   56G  235G  20% /
----------------------------------------------------------------------------------------
[2026-10-07 22:57:05] [STAGE: 2/3: 30B Coding Model (Huihui-Qwen3-Coder-30B-A3B-Instruct-abliterated.Q4_K_M.gguf)]
  STATUS: Actively downloading 30B coding model chunks (3.28 GiB / 16.5 GiB, 19.9% done) at 0.63 MiB/s
  STREAM: DL: 0.63 MiB/s | ETA: 5h 59m
  ARIA2: RUNNING (PID 295527)
  27B Model: 15.66 GiB / 15.65 GiB (100.0% complete)
  30B Model: 3.28 GiB / 16.5 GiB (19.9% complete)
  8B Model:  0 files staged
  DISK:      /dev/sda1       290G   56G  235G  20% /
----------------------------------------------------------------------------------------
[2026-10-07 22:57:16] [STAGE: 2/3: 30B Coding Model (Huihui-Qwen3-Coder-30B-A3B-Instruct-abliterated.Q4_K_M.gguf)]
  STATUS: Actively downloading 30B coding model chunks (3.28 GiB / 16.5 GiB, 19.9% done) at 0.60 MiB/s
  STREAM: DL: 0.60 MiB/s | ETA: 6h 14m
  ARIA2: RUNNING (PID 295527)
  27B Model: 15.66 GiB / 15.65 GiB (100.0% complete)
  30B Model: 3.28 GiB / 16.5 GiB (19.9% complete)
  8B Model:  0 files staged
  DISK:      /dev/sda1       290G   56G  235G  20% /
----------------------------------------------------------------------------------------
[2026-10-07 22:57:28] [STAGE: 2/3: 30B Coding Model (Huihui-Qwen3-Coder-30B-A3B-Instruct-abliterated.Q4_K_M.gguf)]
  STATUS: Actively downloading 30B coding model chunks (3.29 GiB / 16.5 GiB, 19.9% done) at 0.47 MiB/s
  STREAM: DL: 0.47 MiB/s | ETA: 8h 3m
  ARIA2: RUNNING (PID 295527)
  27B Model: 15.66 GiB / 15.65 GiB (100.0% complete)
  30B Model: 3.29 GiB / 16.5 GiB (19.9% complete)
  8B Model:  0 files staged
  DISK:      /dev/sda1       290G   56G  235G  20% /
----------------------------------------------------------------------------------------
[2026-10-07 22:57:39] [STAGE: 2/3: 30B Coding Model (Huihui-Qwen3-Coder-30B-A3B-Instruct-abliterated.Q4_K_M.gguf)]
  STATUS: Actively downloading 30B coding model chunks (3.29 GiB / 16.5 GiB, 20.0% done) at 0.55 MiB/s
  STREAM: DL: 0.55 MiB/s | ETA: 6h 47m
  ARIA2: RUNNING (PID 295527)
  27B Model: 15.66 GiB / 15.65 GiB (100.0% complete)
  30B Model: 3.29 GiB / 16.5 GiB (20.0% complete)
  8B Model:  0 files staged
  DISK:      /dev/sda1       290G   56G  235G  20% /
----------------------------------------------------------------------------------------
[2026-10-07 22:57:50] [STAGE: 2/3: 30B Coding Model (Huihui-Qwen3-Coder-30B-A3B-Instruct-abliterated.Q4_K_M.gguf)]
  STATUS: Actively downloading 30B coding model chunks (3.3 GiB / 16.5 GiB, 20.0% done) at 0.66 MiB/s
  STREAM: DL: 0.66 MiB/s | ETA: 5h 39m
  ARIA2: RUNNING (PID 295527)
  27B Model: 15.66 GiB / 15.65 GiB (100.0% complete)
  30B Model: 3.3 GiB / 16.5 GiB (20.0% complete)
  8B Model:  0 files staged
  DISK:      /dev/sda1       290G   56G  235G  20% /
----------------------------------------------------------------------------------------
[2026-10-07 22:58:00] [STAGE: 2/3: 30B Coding Model (Huihui-Qwen3-Coder-30B-A3B-Instruct-abliterated.Q4_K_M.gguf)]
  STATUS: Actively downloading 30B coding model chunks (3.31 GiB / 16.51 GiB, 20.0% done) at 0.70 MiB/s
  STREAM: DL: 0.70 MiB/s | ETA: 5h 23m
  ARIA2: RUNNING (PID 295527)
  27B Model: 15.66 GiB / 15.65 GiB (100.0% complete)
  30B Model: 3.31 GiB / 16.51 GiB (20.0% complete)
  8B Model:  0 files staged
  DISK:      /dev/sda1       290G   56G  235G  20% /
----------------------------------------------------------------------------------------
[2026-10-07 22:58:12] [STAGE: 2/3: 30B Coding Model (Huihui-Qwen3-Coder-30B-A3B-Instruct-abliterated.Q4_K_M.gguf)]
  STATUS: Actively downloading 30B coding model chunks (3.31 GiB / 16.51 GiB, 20.1% done) at 0.38 MiB/s
  STREAM: DL: 0.38 MiB/s | ETA: 9h 47m
  ARIA2: RUNNING (PID 295527)
  27B Model: 15.66 GiB / 15.65 GiB (100.0% complete)
  30B Model: 3.31 GiB / 16.51 GiB (20.1% complete)
  8B Model:  0 files staged
  DISK:      /dev/sda1       290G   56G  235G  20% /
----------------------------------------------------------------------------------------
[2026-10-07 22:58:22] [STAGE: 2/3: 30B Coding Model (Huihui-Qwen3-Coder-30B-A3B-Instruct-abliterated.Q4_K_M.gguf)]
  STATUS: Actively downloading 30B coding model chunks (3.32 GiB / 16.51 GiB, 20.1% done) at 0.60 MiB/s
  STREAM: DL: 0.60 MiB/s | ETA: 6h 14m
  ARIA2: RUNNING (PID 295527)
  27B Model: 15.66 GiB / 15.65 GiB (100.0% complete)
  30B Model: 3.32 GiB / 16.51 GiB (20.1% complete)
  8B Model:  0 files staged
  DISK:      /dev/sda1       290G   56G  235G  20% /
----------------------------------------------------------------------------------------
[2026-10-07 22:58:34] [STAGE: 2/3: 30B Coding Model (Huihui-Qwen3-Coder-30B-A3B-Instruct-abliterated.Q4_K_M.gguf)]
  STATUS: Actively downloading 30B coding model chunks (3.33 GiB / 16.51 GiB, 20.1% done) at 0.57 MiB/s
  STREAM: DL: 0.57 MiB/s | ETA: 6h 35m
  ARIA2: RUNNING (PID 295527)
  27B Model: 15.66 GiB / 15.65 GiB (100.0% complete)
  30B Model: 3.33 GiB / 16.51 GiB (20.1% complete)
  8B Model:  0 files staged
  DISK:      /dev/sda1       290G   56G  235G  20% /
----------------------------------------------------------------------------------------
[2026-10-07 22:58:46] [STAGE: 2/3: 30B Coding Model (Huihui-Qwen3-Coder-30B-A3B-Instruct-abliterated.Q4_K_M.gguf)]
  STATUS: Actively downloading 30B coding model chunks (3.33 GiB / 16.51 GiB, 20.2% done) at 0.57 MiB/s
  STREAM: DL: 0.57 MiB/s | ETA: 6h 37m
  ARIA2: RUNNING (PID 295527)
  27B Model: 15.66 GiB / 15.65 GiB (100.0% complete)
  30B Model: 3.33 GiB / 16.51 GiB (20.2% complete)
  8B Model:  0 files staged
  DISK:      /dev/sda1       290G   56G  235G  20% /
----------------------------------------------------------------------------------------
[2026-10-07 22:58:57] [STAGE: 2/3: 30B Coding Model (Huihui-Qwen3-Coder-30B-A3B-Instruct-abliterated.Q4_K_M.gguf)]
  STATUS: Actively downloading 30B coding model chunks (3.34 GiB / 16.51 GiB, 20.2% done) at 0.57 MiB/s
  STREAM: DL: 0.57 MiB/s | ETA: 6h 35m
  ARIA2: RUNNING (PID 295527)
  27B Model: 15.66 GiB / 15.65 GiB (100.0% complete)
  30B Model: 3.34 GiB / 16.51 GiB (20.2% complete)
  8B Model:  0 files staged
  DISK:      /dev/sda1       290G   56G  235G  20% /
----------------------------------------------------------------------------------------
[2026-10-07 22:59:07] [STAGE: 2/3: 30B Coding Model (Huihui-Qwen3-Coder-30B-A3B-Instruct-abliterated.Q4_K_M.gguf)]
  STATUS: Actively downloading 30B coding model chunks (3.34 GiB / 16.51 GiB, 20.3% done) at 0.60 MiB/s
  STREAM: DL: 0.60 MiB/s | ETA: 6h 16m
  ARIA2: RUNNING (PID 295527)
  27B Model: 15.66 GiB / 15.65 GiB (100.0% complete)
  30B Model: 3.34 GiB / 16.51 GiB (20.3% complete)
  8B Model:  0 files staged
  DISK:      /dev/sda1       290G   56G  235G  20% /
----------------------------------------------------------------------------------------
[2026-10-07 22:59:18] [STAGE: 2/3: 30B Coding Model (Huihui-Qwen3-Coder-30B-A3B-Instruct-abliterated.Q4_K_M.gguf)]
  STATUS: Actively downloading 30B coding model chunks (3.35 GiB / 16.51 GiB, 20.3% done) at 0.53 MiB/s
  STREAM: DL: 0.53 MiB/s | ETA: 7h 6m
  ARIA2: RUNNING (PID 295527)
  27B Model: 15.66 GiB / 15.65 GiB (100.0% complete)
  30B Model: 3.35 GiB / 16.51 GiB (20.3% complete)
  8B Model:  0 files staged
  DISK:      /dev/sda1       290G   56G  235G  20% /
----------------------------------------------------------------------------------------
[2026-10-07 22:59:29] [STAGE: 2/3: 30B Coding Model (Huihui-Qwen3-Coder-30B-A3B-Instruct-abliterated.Q4_K_M.gguf)]
  STATUS: Actively downloading 30B coding model chunks (3.36 GiB / 16.51 GiB, 20.3% done) at 0.63 MiB/s
  STREAM: DL: 0.63 MiB/s | ETA: 5h 53m
  ARIA2: RUNNING (PID 295527)
  27B Model: 15.66 GiB / 15.65 GiB (100.0% complete)
  30B Model: 3.36 GiB / 16.51 GiB (20.3% complete)
  8B Model:  0 files staged
  DISK:      /dev/sda1       290G   56G  235G  20% /
----------------------------------------------------------------------------------------
[2026-10-07 22:59:40] [STAGE: 2/3: 30B Coding Model (Huihui-Qwen3-Coder-30B-A3B-Instruct-abliterated.Q4_K_M.gguf)]
  STATUS: Actively downloading 30B coding model chunks (3.36 GiB / 16.51 GiB, 20.4% done) at 0.50 MiB/s
  STREAM: DL: 0.50 MiB/s | ETA: 7h 30m
  ARIA2: RUNNING (PID 295527)
  27B Model: 15.66 GiB / 15.65 GiB (100.0% complete)
  30B Model: 3.36 GiB / 16.51 GiB (20.4% complete)
  8B Model:  0 files staged
  DISK:      /dev/sda1       290G   56G  235G  20% /
----------------------------------------------------------------------------------------
[2026-10-07 22:59:52] [STAGE: 2/3: 30B Coding Model (Huihui-Qwen3-Coder-30B-A3B-Instruct-abliterated.Q4_K_M.gguf)]
  STATUS: Actively downloading 30B coding model chunks (3.37 GiB / 16.51 GiB, 20.4% done) at 0.56 MiB/s
  STREAM: DL: 0.56 MiB/s | ETA: 6h 41m
  ARIA2: RUNNING (PID 295527)
  27B Model: 15.66 GiB / 15.65 GiB (100.0% complete)
  30B Model: 3.37 GiB / 16.51 GiB (20.4% complete)
  8B Model:  0 files staged
  DISK:      /dev/sda1       290G   56G  235G  20% /
----------------------------------------------------------------------------------------
[2026-10-07 23:00:04] [STAGE: 2/3: 30B Coding Model (Huihui-Qwen3-Coder-30B-A3B-Instruct-abliterated.Q4_K_M.gguf)]
  STATUS: Actively downloading 30B coding model chunks (3.38 GiB / 16.52 GiB, 20.4% done) at 0.59 MiB/s
  STREAM: DL: 0.59 MiB/s | ETA: 6h 21m
  ARIA2: RUNNING (PID 295527)
  27B Model: 15.66 GiB / 15.65 GiB (100.0% complete)
  30B Model: 3.38 GiB / 16.52 GiB (20.4% complete)
  8B Model:  0 files staged
  DISK:      /dev/sda1       290G   56G  235G  20% /
----------------------------------------------------------------------------------------
[2026-10-07 23:00:18] [STAGE: 2/3: 30B Coding Model (Huihui-Qwen3-Coder-30B-A3B-Instruct-abliterated.Q4_K_M.gguf)]
  STATUS: Actively downloading 30B coding model chunks (3.38 GiB / 16.52 GiB, 20.5% done) at 0.55 MiB/s
  STREAM: DL: 0.55 MiB/s | ETA: 6h 44m
  ARIA2: RUNNING (PID 295527)
  27B Model: 15.66 GiB / 15.65 GiB (100.0% complete)
  30B Model: 3.38 GiB / 16.52 GiB (20.5% complete)
  8B Model:  0 files staged
  DISK:      /dev/sda1       290G   56G  234G  20% /
----------------------------------------------------------------------------------------
[2026-10-07 23:00:29] [STAGE: 2/3: 30B Coding Model (Huihui-Qwen3-Coder-30B-A3B-Instruct-abliterated.Q4_K_M.gguf)]
  STATUS: Actively downloading 30B coding model chunks (3.39 GiB / 16.52 GiB, 20.5% done) at 0.37 MiB/s
  STREAM: DL: 0.37 MiB/s | ETA: 10h 0m
  ARIA2: RUNNING (PID 295527)
  27B Model: 15.66 GiB / 15.65 GiB (100.0% complete)
  30B Model: 3.39 GiB / 16.52 GiB (20.5% complete)
  8B Model:  0 files staged
  DISK:      /dev/sda1       290G   56G  234G  20% /
----------------------------------------------------------------------------------------
[2026-10-07 23:00:40] [STAGE: 2/3: 30B Coding Model (Huihui-Qwen3-Coder-30B-A3B-Instruct-abliterated.Q4_K_M.gguf)]
  STATUS: Actively downloading 30B coding model chunks (3.39 GiB / 16.52 GiB, 20.5% done) at 0.60 MiB/s
  STREAM: DL: 0.60 MiB/s | ETA: 6h 12m
  ARIA2: RUNNING (PID 295527)
  27B Model: 15.66 GiB / 15.65 GiB (100.0% complete)
  30B Model: 3.39 GiB / 16.52 GiB (20.5% complete)
  8B Model:  0 files staged
  DISK:      /dev/sda1       290G   56G  234G  20% /
----------------------------------------------------------------------------------------
[2026-10-07 23:00:51] [STAGE: 2/3: 30B Coding Model (Huihui-Qwen3-Coder-30B-A3B-Instruct-abliterated.Q4_K_M.gguf)]
  STATUS: Actively downloading 30B coding model chunks (3.4 GiB / 16.52 GiB, 20.6% done) at 0.56 MiB/s
  STREAM: DL: 0.56 MiB/s | ETA: 6h 41m
  ARIA2: RUNNING (PID 295527)
  27B Model: 15.66 GiB / 15.65 GiB (100.0% complete)
  30B Model: 3.4 GiB / 16.52 GiB (20.6% complete)
  8B Model:  0 files staged
  DISK:      /dev/sda1       290G   56G  234G  20% /
----------------------------------------------------------------------------------------
[2026-10-07 23:01:02] [STAGE: 2/3: 30B Coding Model (Huihui-Qwen3-Coder-30B-A3B-Instruct-abliterated.Q4_K_M.gguf)]
  STATUS: Actively downloading 30B coding model chunks (3.41 GiB / 16.52 GiB, 20.6% done) at 0.84 MiB/s
  STREAM: DL: 0.84 MiB/s | ETA: 4h 26m
  ARIA2: RUNNING (PID 295527)
  27B Model: 15.66 GiB / 15.65 GiB (100.0% complete)
  30B Model: 3.41 GiB / 16.52 GiB (20.6% complete)
  8B Model:  0 files staged
  DISK:      /dev/sda1       290G   56G  234G  20% /
----------------------------------------------------------------------------------------
[2026-10-07 23:01:13] [STAGE: 2/3: 30B Coding Model (Huihui-Qwen3-Coder-30B-A3B-Instruct-abliterated.Q4_K_M.gguf)]
  STATUS: Actively downloading 30B coding model chunks (3.41 GiB / 16.52 GiB, 20.7% done) at 0.50 MiB/s
  STREAM: DL: 0.50 MiB/s | ETA: 7h 28m
  ARIA2: RUNNING (PID 295527)
  27B Model: 15.66 GiB / 15.65 GiB (100.0% complete)
  30B Model: 3.41 GiB / 16.52 GiB (20.7% complete)
  8B Model:  0 files staged
  DISK:      /dev/sda1       290G   56G  234G  20% /
----------------------------------------------------------------------------------------
[2026-10-07 23:01:23] [STAGE: 2/3: 30B Coding Model (Huihui-Qwen3-Coder-30B-A3B-Instruct-abliterated.Q4_K_M.gguf)]
  STATUS: Actively downloading 30B coding model chunks (3.42 GiB / 16.52 GiB, 20.7% done) at 0.44 MiB/s
  STREAM: DL: 0.44 MiB/s | ETA: 8h 22m
  ARIA2: RUNNING (PID 295527)
  27B Model: 15.66 GiB / 15.65 GiB (100.0% complete)
  30B Model: 3.42 GiB / 16.52 GiB (20.7% complete)
  8B Model:  0 files staged
  DISK:      /dev/sda1       290G   56G  234G  20% /
----------------------------------------------------------------------------------------
[2026-10-07 23:01:34] [STAGE: 2/3: 30B Coding Model (Huihui-Qwen3-Coder-30B-A3B-Instruct-abliterated.Q4_K_M.gguf)]
  STATUS: Actively downloading 30B coding model chunks (3.42 GiB / 16.52 GiB, 20.7% done) at 0.58 MiB/s
  STREAM: DL: 0.58 MiB/s | ETA: 6h 22m
  ARIA2: RUNNING (PID 295527)
  27B Model: 15.66 GiB / 15.65 GiB (100.0% complete)
  30B Model: 3.42 GiB / 16.52 GiB (20.7% complete)
  8B Model:  0 files staged
  DISK:      /dev/sda1       290G   56G  234G  20% /
----------------------------------------------------------------------------------------
[2026-10-07 23:01:46] [STAGE: 2/3: 30B Coding Model (Huihui-Qwen3-Coder-30B-A3B-Instruct-abliterated.Q4_K_M.gguf)]
  STATUS: Actively downloading 30B coding model chunks (3.43 GiB / 16.52 GiB, 20.8% done) at 0.48 MiB/s
  STREAM: DL: 0.48 MiB/s | ETA: 7h 49m
  ARIA2: RUNNING (PID 295527)
  27B Model: 15.66 GiB / 15.65 GiB (100.0% complete)
  30B Model: 3.43 GiB / 16.52 GiB (20.8% complete)
  8B Model:  0 files staged
  DISK:      /dev/sda1       290G   56G  234G  20% /
----------------------------------------------------------------------------------------
[2026-10-07 23:01:56] [STAGE: 2/3: 30B Coding Model (Huihui-Qwen3-Coder-30B-A3B-Instruct-abliterated.Q4_K_M.gguf)]
  STATUS: Actively downloading 30B coding model chunks (3.44 GiB / 16.52 GiB, 20.8% done) at 0.66 MiB/s
  STREAM: DL: 0.66 MiB/s | ETA: 5h 39m
  ARIA2: RUNNING (PID 295527)
  27B Model: 15.66 GiB / 15.65 GiB (100.0% complete)
  30B Model: 3.44 GiB / 16.52 GiB (20.8% complete)
  8B Model:  0 files staged
  DISK:      /dev/sda1       290G   56G  234G  20% /
----------------------------------------------------------------------------------------
[2026-10-07 23:02:07] [STAGE: 2/3: 30B Coding Model (Huihui-Qwen3-Coder-30B-A3B-Instruct-abliterated.Q4_K_M.gguf)]
  STATUS: Actively downloading 30B coding model chunks (3.44 GiB / 16.52 GiB, 20.8% done) at 0.59 MiB/s
  STREAM: DL: 0.59 MiB/s | ETA: 6h 20m
  ARIA2: RUNNING (PID 295527)
  27B Model: 15.66 GiB / 15.65 GiB (100.0% complete)
  30B Model: 3.44 GiB / 16.52 GiB (20.8% complete)
  8B Model:  0 files staged
  DISK:      /dev/sda1       290G   56G  234G  20% /
----------------------------------------------------------------------------------------
[2026-10-07 23:02:17] [STAGE: 2/3: 30B Coding Model (Huihui-Qwen3-Coder-30B-A3B-Instruct-abliterated.Q4_K_M.gguf)]
  STATUS: Actively downloading 30B coding model chunks (3.45 GiB / 16.53 GiB, 20.9% done) at 0.59 MiB/s
  STREAM: DL: 0.59 MiB/s | ETA: 6h 17m
  ARIA2: RUNNING (PID 295527)
  27B Model: 15.66 GiB / 15.65 GiB (100.0% complete)
  30B Model: 3.45 GiB / 16.53 GiB (20.9% complete)
  8B Model:  0 files staged
  DISK:      /dev/sda1       290G   56G  234G  20% /
----------------------------------------------------------------------------------------
[2026-10-07 23:02:29] [STAGE: 2/3: 30B Coding Model (Huihui-Qwen3-Coder-30B-A3B-Instruct-abliterated.Q4_K_M.gguf)]
  STATUS: Actively downloading 30B coding model chunks (3.46 GiB / 16.53 GiB, 20.9% done) at 0.66 MiB/s
  STREAM: DL: 0.66 MiB/s | ETA: 5h 37m
  ARIA2: RUNNING (PID 295527)
  27B Model: 15.66 GiB / 15.65 GiB (100.0% complete)
  30B Model: 3.46 GiB / 16.53 GiB (20.9% complete)
  8B Model:  0 files staged
  DISK:      /dev/sda1       290G   56G  234G  20% /
----------------------------------------------------------------------------------------
[2026-10-07 23:02:40] [STAGE: 2/3: 30B Coding Model (Huihui-Qwen3-Coder-30B-A3B-Instruct-abliterated.Q4_K_M.gguf)]
  STATUS: Actively downloading 30B coding model chunks (3.46 GiB / 16.53 GiB, 20.9% done) at 0.47 MiB/s
  STREAM: DL: 0.47 MiB/s | ETA: 7h 54m
  ARIA2: RUNNING (PID 295527)
  27B Model: 15.66 GiB / 15.65 GiB (100.0% complete)
  30B Model: 3.46 GiB / 16.53 GiB (20.9% complete)
  8B Model:  0 files staged
  DISK:      /dev/sda1       290G   56G  234G  20% /
----------------------------------------------------------------------------------------
[2026-10-07 23:02:50] [STAGE: 2/3: 30B Coding Model (Huihui-Qwen3-Coder-30B-A3B-Instruct-abliterated.Q4_K_M.gguf)]
  STATUS: Actively downloading 30B coding model chunks (3.47 GiB / 16.53 GiB, 21.0% done) at 0.62 MiB/s
  STREAM: DL: 0.62 MiB/s | ETA: 5h 59m
  ARIA2: RUNNING (PID 295527)
  27B Model: 15.66 GiB / 15.65 GiB (100.0% complete)
  30B Model: 3.47 GiB / 16.53 GiB (21.0% complete)
  8B Model:  0 files staged
  DISK:      /dev/sda1       290G   56G  234G  20% /
----------------------------------------------------------------------------------------
[2026-10-07 23:03:02] [STAGE: 2/3: 30B Coding Model (Huihui-Qwen3-Coder-30B-A3B-Instruct-abliterated.Q4_K_M.gguf)]
  STATUS: Actively downloading 30B coding model chunks (3.47 GiB / 16.53 GiB, 21.0% done) at 0.63 MiB/s
  STREAM: DL: 0.63 MiB/s | ETA: 5h 52m
  ARIA2: RUNNING (PID 295527)
  27B Model: 15.66 GiB / 15.65 GiB (100.0% complete)
  30B Model: 3.47 GiB / 16.53 GiB (21.0% complete)
  8B Model:  0 files staged
  DISK:      /dev/sda1       290G   56G  234G  20% /
----------------------------------------------------------------------------------------
[2026-10-07 23:03:12] [STAGE: 2/3: 30B Coding Model (Huihui-Qwen3-Coder-30B-A3B-Instruct-abliterated.Q4_K_M.gguf)]
  STATUS: Actively downloading 30B coding model chunks (3.48 GiB / 16.53 GiB, 21.1% done) at 0.59 MiB/s
  STREAM: DL: 0.59 MiB/s | ETA: 6h 14m
  ARIA2: RUNNING (PID 295527)
  27B Model: 15.66 GiB / 15.65 GiB (100.0% complete)
  30B Model: 3.48 GiB / 16.53 GiB (21.1% complete)
  8B Model:  0 files staged
  DISK:      /dev/sda1       290G   56G  234G  20% /
----------------------------------------------------------------------------------------
[2026-10-07 23:03:23] [STAGE: 2/3: 30B Coding Model (Huihui-Qwen3-Coder-30B-A3B-Instruct-abliterated.Q4_K_M.gguf)]
  STATUS: Actively downloading 30B coding model chunks (3.49 GiB / 16.53 GiB, 21.1% done) at 0.50 MiB/s
  STREAM: DL: 0.50 MiB/s | ETA: 7h 27m
  ARIA2: RUNNING (PID 295527)
  27B Model: 15.66 GiB / 15.65 GiB (100.0% complete)
  30B Model: 3.49 GiB / 16.53 GiB (21.1% complete)
  8B Model:  0 files staged
  DISK:      /dev/sda1       290G   56G  234G  20% /
----------------------------------------------------------------------------------------
[2026-10-07 23:03:37] [STAGE: 2/3: 30B Coding Model (Huihui-Qwen3-Coder-30B-A3B-Instruct-abliterated.Q4_K_M.gguf)]
  STATUS: Actively downloading 30B coding model chunks (3.49 GiB / 16.53 GiB, 21.1% done) at 0.48 MiB/s
  STREAM: DL: 0.48 MiB/s | ETA: 7h 46m
  ARIA2: RUNNING (PID 295527)
  27B Model: 15.66 GiB / 15.65 GiB (100.0% complete)
  30B Model: 3.49 GiB / 16.53 GiB (21.1% complete)
  8B Model:  0 files staged
  DISK:      /dev/sda1       290G   56G  234G  20% /
----------------------------------------------------------------------------------------
[2026-10-07 23:03:49] [STAGE: 2/3: 30B Coding Model (Huihui-Qwen3-Coder-30B-A3B-Instruct-abliterated.Q4_K_M.gguf)]
  STATUS: Actively downloading 30B coding model chunks (3.5 GiB / 16.53 GiB, 21.2% done) at 0.57 MiB/s
  STREAM: DL: 0.57 MiB/s | ETA: 6h 30m
  ARIA2: RUNNING (PID 295527)
  27B Model: 15.66 GiB / 15.65 GiB (100.0% complete)
  30B Model: 3.5 GiB / 16.53 GiB (21.2% complete)
  8B Model:  0 files staged
  DISK:      /dev/sda1       290G   56G  234G  20% /
----------------------------------------------------------------------------------------
[2026-10-07 23:04:00] [STAGE: 2/3: 30B Coding Model (Huihui-Qwen3-Coder-30B-A3B-Instruct-abliterated.Q4_K_M.gguf)]
  STATUS: Actively downloading 30B coding model chunks (3.51 GiB / 16.53 GiB, 21.2% done) at 0.66 MiB/s
  STREAM: DL: 0.66 MiB/s | ETA: 5h 35m
  ARIA2: RUNNING (PID 295527)
  27B Model: 15.66 GiB / 15.65 GiB (100.0% complete)
  30B Model: 3.51 GiB / 16.53 GiB (21.2% complete)
  8B Model:  0 files staged
  DISK:      /dev/sda1       290G   56G  234G  20% /
----------------------------------------------------------------------------------------
[2026-10-07 23:04:12] [STAGE: 2/3: 30B Coding Model (Huihui-Qwen3-Coder-30B-A3B-Instruct-abliterated.Q4_K_M.gguf)]
  STATUS: Actively downloading 30B coding model chunks (3.51 GiB / 16.54 GiB, 21.2% done) at 0.36 MiB/s
  STREAM: DL: 0.36 MiB/s | ETA: 10h 16m
  ARIA2: RUNNING (PID 295527)
  27B Model: 15.66 GiB / 15.65 GiB (100.0% complete)
  30B Model: 3.51 GiB / 16.54 GiB (21.2% complete)
  8B Model:  0 files staged
  DISK:      /dev/sda1       290G   56G  234G  20% /
----------------------------------------------------------------------------------------
[2026-10-07 23:04:23] [STAGE: 2/3: 30B Coding Model (Huihui-Qwen3-Coder-30B-A3B-Instruct-abliterated.Q4_K_M.gguf)]
  STATUS: Actively downloading 30B coding model chunks (3.52 GiB / 16.54 GiB, 21.3% done) at 0.57 MiB/s
  STREAM: DL: 0.57 MiB/s | ETA: 6h 31m
  ARIA2: RUNNING (PID 295527)
  27B Model: 15.66 GiB / 15.65 GiB (100.0% complete)
  30B Model: 3.52 GiB / 16.54 GiB (21.3% complete)
  8B Model:  0 files staged
  DISK:      /dev/sda1       290G   56G  234G  20% /
----------------------------------------------------------------------------------------
[2026-10-07 23:04:34] [STAGE: 2/3: 30B Coding Model (Huihui-Qwen3-Coder-30B-A3B-Instruct-abliterated.Q4_K_M.gguf)]
  STATUS: Actively downloading 30B coding model chunks (3.52 GiB / 16.54 GiB, 21.3% done) at 0.66 MiB/s
  STREAM: DL: 0.66 MiB/s | ETA: 5h 38m
  ARIA2: RUNNING (PID 295527)
  27B Model: 15.66 GiB / 15.65 GiB (100.0% complete)
  30B Model: 3.52 GiB / 16.54 GiB (21.3% complete)
  8B Model:  0 files staged
  DISK:      /dev/sda1       290G   56G  234G  20% /
----------------------------------------------------------------------------------------
[2026-10-07 23:04:44] [STAGE: 2/3: 30B Coding Model (Huihui-Qwen3-Coder-30B-A3B-Instruct-abliterated.Q4_K_M.gguf)]
  STATUS: Actively downloading 30B coding model chunks (3.53 GiB / 16.54 GiB, 21.3% done) at 0.57 MiB/s
  STREAM: DL: 0.57 MiB/s | ETA: 6h 29m
  ARIA2: RUNNING (PID 295527)
  27B Model: 15.66 GiB / 15.65 GiB (100.0% complete)
  30B Model: 3.53 GiB / 16.54 GiB (21.3% complete)
  8B Model:  0 files staged
  DISK:      /dev/sda1       290G   56G  234G  20% /
----------------------------------------------------------------------------------------
[2026-10-07 23:04:55] [STAGE: 2/3: 30B Coding Model (Huihui-Qwen3-Coder-30B-A3B-Instruct-abliterated.Q4_K_M.gguf)]
  STATUS: Actively downloading 30B coding model chunks (3.53 GiB / 16.54 GiB, 21.4% done) at 0.45 MiB/s
  STREAM: DL: 0.45 MiB/s | ETA: 8h 9m
  ARIA2: RUNNING (PID 295527)
  27B Model: 15.66 GiB / 15.65 GiB (100.0% complete)
  30B Model: 3.53 GiB / 16.54 GiB (21.4% complete)
  8B Model:  0 files staged
  DISK:      /dev/sda1       290G   56G  234G  20% /
----------------------------------------------------------------------------------------
[2026-10-07 23:05:06] [STAGE: 2/3: 30B Coding Model (Huihui-Qwen3-Coder-30B-A3B-Instruct-abliterated.Q4_K_M.gguf)]
  STATUS: Actively downloading 30B coding model chunks (3.54 GiB / 16.54 GiB, 21.4% done) at 0.67 MiB/s
  STREAM: DL: 0.67 MiB/s | ETA: 5h 33m
  ARIA2: RUNNING (PID 295527)
  27B Model: 15.66 GiB / 15.65 GiB (100.0% complete)
  30B Model: 3.54 GiB / 16.54 GiB (21.4% complete)
  8B Model:  0 files staged
  DISK:      /dev/sda1       290G   56G  234G  20% /
----------------------------------------------------------------------------------------
[2026-10-07 23:05:17] [STAGE: 2/3: 30B Coding Model (Huihui-Qwen3-Coder-30B-A3B-Instruct-abliterated.Q4_K_M.gguf)]
  STATUS: Actively downloading 30B coding model chunks (3.55 GiB / 16.54 GiB, 21.4% done) at 0.55 MiB/s
  STREAM: DL: 0.55 MiB/s | ETA: 6h 46m
  ARIA2: RUNNING (PID 295527)
  27B Model: 15.66 GiB / 15.65 GiB (100.0% complete)
  30B Model: 3.55 GiB / 16.54 GiB (21.4% complete)
  8B Model:  0 files staged
  DISK:      /dev/sda1       290G   56G  234G  20% /
----------------------------------------------------------------------------------------
[2026-10-07 23:05:29] [STAGE: 2/3: 30B Coding Model (Huihui-Qwen3-Coder-30B-A3B-Instruct-abliterated.Q4_K_M.gguf)]
  STATUS: Actively downloading 30B coding model chunks (3.55 GiB / 16.54 GiB, 21.5% done) at 0.60 MiB/s
  STREAM: DL: 0.60 MiB/s | ETA: 6h 12m
  ARIA2: RUNNING (PID 295527)
  27B Model: 15.66 GiB / 15.65 GiB (100.0% complete)
  30B Model: 3.55 GiB / 16.54 GiB (21.5% complete)
  8B Model:  0 files staged
  DISK:      /dev/sda1       290G   56G  234G  20% /
----------------------------------------------------------------------------------------
[2026-10-07 23:05:41] [STAGE: 2/3: 30B Coding Model (Huihui-Qwen3-Coder-30B-A3B-Instruct-abliterated.Q4_K_M.gguf)]
  STATUS: Actively downloading 30B coding model chunks (3.56 GiB / 16.54 GiB, 21.5% done) at 0.65 MiB/s
  STREAM: DL: 0.65 MiB/s | ETA: 5h 41m
  ARIA2: RUNNING (PID 295527)
  27B Model: 15.66 GiB / 15.65 GiB (100.0% complete)
  30B Model: 3.56 GiB / 16.54 GiB (21.5% complete)
  8B Model:  0 files staged
  DISK:      /dev/sda1       290G   56G  234G  20% /
----------------------------------------------------------------------------------------
[2026-10-07 23:05:52] [STAGE: 2/3: 30B Coding Model (Huihui-Qwen3-Coder-30B-A3B-Instruct-abliterated.Q4_K_M.gguf)]
  STATUS: Actively downloading 30B coding model chunks (3.57 GiB / 16.54 GiB, 21.6% done) at 0.52 MiB/s
  STREAM: DL: 0.52 MiB/s | ETA: 7h 8m
  ARIA2: RUNNING (PID 295527)
  27B Model: 15.66 GiB / 15.65 GiB (100.0% complete)
  30B Model: 3.57 GiB / 16.54 GiB (21.6% complete)
  8B Model:  0 files staged
  DISK:      /dev/sda1       290G   56G  234G  20% /
----------------------------------------------------------------------------------------
[2026-10-07 23:06:03] [STAGE: 2/3: 30B Coding Model (Huihui-Qwen3-Coder-30B-A3B-Instruct-abliterated.Q4_K_M.gguf)]
  STATUS: Actively downloading 30B coding model chunks (3.57 GiB / 16.55 GiB, 21.6% done) at 0.60 MiB/s
  STREAM: DL: 0.60 MiB/s | ETA: 6h 6m
  ARIA2: RUNNING (PID 295527)
  27B Model: 15.66 GiB / 15.65 GiB (100.0% complete)
  30B Model: 3.57 GiB / 16.55 GiB (21.6% complete)
  8B Model:  0 files staged
  DISK:      /dev/sda1       290G   56G  234G  20% /
----------------------------------------------------------------------------------------
[2026-10-07 23:06:15] [STAGE: 2/3: 30B Coding Model (Huihui-Qwen3-Coder-30B-A3B-Instruct-abliterated.Q4_K_M.gguf)]
  STATUS: Actively downloading 30B coding model chunks (3.58 GiB / 16.55 GiB, 21.6% done) at 0.50 MiB/s
  STREAM: DL: 0.50 MiB/s | ETA: 7h 26m
  ARIA2: RUNNING (PID 295527)
  27B Model: 15.66 GiB / 15.65 GiB (100.0% complete)
  30B Model: 3.58 GiB / 16.55 GiB (21.6% complete)
  8B Model:  0 files staged
  DISK:      /dev/sda1       290G   56G  234G  20% /
----------------------------------------------------------------------------------------
[2026-10-07 23:06:27] [STAGE: 2/3: 30B Coding Model (Huihui-Qwen3-Coder-30B-A3B-Instruct-abliterated.Q4_K_M.gguf)]
  STATUS: Actively downloading 30B coding model chunks (3.59 GiB / 16.55 GiB, 21.7% done) at 0.59 MiB/s
  STREAM: DL: 0.59 MiB/s | ETA: 6h 16m
  ARIA2: RUNNING (PID 295527)
  27B Model: 15.66 GiB / 15.65 GiB (100.0% complete)
  30B Model: 3.59 GiB / 16.55 GiB (21.7% complete)
  8B Model:  0 files staged
  DISK:      /dev/sda1       290G   56G  234G  20% /
----------------------------------------------------------------------------------------
[2026-10-07 23:06:39] [STAGE: 2/3: 30B Coding Model (Huihui-Qwen3-Coder-30B-A3B-Instruct-abliterated.Q4_K_M.gguf)]
  STATUS: Actively downloading 30B coding model chunks (3.59 GiB / 16.55 GiB, 21.7% done) at 0.51 MiB/s
  STREAM: DL: 0.51 MiB/s | ETA: 7h 15m
  ARIA2: RUNNING (PID 295527)
  27B Model: 15.66 GiB / 15.65 GiB (100.0% complete)
  30B Model: 3.59 GiB / 16.55 GiB (21.7% complete)
  8B Model:  0 files staged
  DISK:      /dev/sda1       290G   56G  234G  20% /
----------------------------------------------------------------------------------------
[2026-10-07 23:06:53] [STAGE: 2/3: 30B Coding Model (Huihui-Qwen3-Coder-30B-A3B-Instruct-abliterated.Q4_K_M.gguf)]
  STATUS: Actively downloading 30B coding model chunks (3.6 GiB / 16.55 GiB, 21.8% done) at 0.62 MiB/s
  STREAM: DL: 0.62 MiB/s | ETA: 5h 58m
  ARIA2: RUNNING (PID 295527)
  27B Model: 15.66 GiB / 15.65 GiB (100.0% complete)
  30B Model: 3.6 GiB / 16.55 GiB (21.8% complete)
  8B Model:  0 files staged
  DISK:      /dev/sda1       290G   56G  234G  20% /
----------------------------------------------------------------------------------------
[2026-10-07 23:07:04] [STAGE: 2/3: 30B Coding Model (Huihui-Qwen3-Coder-30B-A3B-Instruct-abliterated.Q4_K_M.gguf)]
  STATUS: Actively downloading 30B coding model chunks (3.61 GiB / 16.55 GiB, 21.8% done) at 0.70 MiB/s
  STREAM: DL: 0.70 MiB/s | ETA: 5h 14m
  ARIA2: RUNNING (PID 295527)
  27B Model: 15.66 GiB / 15.65 GiB (100.0% complete)
  30B Model: 3.61 GiB / 16.55 GiB (21.8% complete)
  8B Model:  0 files staged
  DISK:      /dev/sda1       290G   56G  234G  20% /
----------------------------------------------------------------------------------------
[2026-10-07 23:07:15] [STAGE: 2/3: 30B Coding Model (Huihui-Qwen3-Coder-30B-A3B-Instruct-abliterated.Q4_K_M.gguf)]
  STATUS: Actively downloading 30B coding model chunks (3.61 GiB / 16.55 GiB, 21.8% done) at 0.42 MiB/s
  STREAM: DL: 0.42 MiB/s | ETA: 8h 49m
  ARIA2: RUNNING (PID 295527)
  27B Model: 15.66 GiB / 15.65 GiB (100.0% complete)
  30B Model: 3.61 GiB / 16.55 GiB (21.8% complete)
  8B Model:  0 files staged
  DISK:      /dev/sda1       290G   56G  234G  20% /
----------------------------------------------------------------------------------------
[2026-10-07 23:07:25] [STAGE: 2/3: 30B Coding Model (Huihui-Qwen3-Coder-30B-A3B-Instruct-abliterated.Q4_K_M.gguf)]
  STATUS: Actively downloading 30B coding model chunks (3.62 GiB / 16.55 GiB, 21.9% done) at 0.68 MiB/s
  STREAM: DL: 0.68 MiB/s | ETA: 5h 26m
  ARIA2: RUNNING (PID 295527)
  27B Model: 15.66 GiB / 15.65 GiB (100.0% complete)
  30B Model: 3.62 GiB / 16.55 GiB (21.9% complete)
  8B Model:  0 files staged
  DISK:      /dev/sda1       290G   56G  234G  20% /
----------------------------------------------------------------------------------------
[2026-10-07 23:07:37] [STAGE: 2/3: 30B Coding Model (Huihui-Qwen3-Coder-30B-A3B-Instruct-abliterated.Q4_K_M.gguf)]
  STATUS: Actively downloading 30B coding model chunks (3.63 GiB / 16.55 GiB, 21.9% done) at 0.51 MiB/s
  STREAM: DL: 0.51 MiB/s | ETA: 7h 9m
  ARIA2: RUNNING (PID 295527)
  27B Model: 15.66 GiB / 15.65 GiB (100.0% complete)
  30B Model: 3.63 GiB / 16.55 GiB (21.9% complete)
  8B Model:  0 files staged
  DISK:      /dev/sda1       290G   56G  234G  20% /
----------------------------------------------------------------------------------------
[2026-10-07 23:07:55] [STAGE: 2/3: 30B Coding Model (Huihui-Qwen3-Coder-30B-A3B-Instruct-abliterated.Q4_K_M.gguf)]
  STATUS: Actively downloading 30B coding model chunks (3.64 GiB / 16.55 GiB, 22.0% done) at 0.66 MiB/s
  STREAM: DL: 0.66 MiB/s | ETA: 5h 35m
  ARIA2: RUNNING (PID 295527)
  27B Model: 15.66 GiB / 15.65 GiB (100.0% complete)
  30B Model: 3.64 GiB / 16.55 GiB (22.0% complete)
  8B Model:  0 files staged
  DISK:      /dev/sda1       290G   56G  234G  20% /
----------------------------------------------------------------------------------------
[2026-10-07 23:08:05] [STAGE: 2/3: 30B Coding Model (Huihui-Qwen3-Coder-30B-A3B-Instruct-abliterated.Q4_K_M.gguf)]
  STATUS: Actively downloading 30B coding model chunks (3.64 GiB / 16.56 GiB, 22.0% done) at 0.50 MiB/s
  STREAM: DL: 0.50 MiB/s | ETA: 7h 16m
  ARIA2: RUNNING (PID 295527)
  27B Model: 15.66 GiB / 15.65 GiB (100.0% complete)
  30B Model: 3.64 GiB / 16.56 GiB (22.0% complete)
  8B Model:  0 files staged
  DISK:      /dev/sda1       290G   56G  234G  20% /
----------------------------------------------------------------------------------------
[2026-10-07 23:08:16] [STAGE: 2/3: 30B Coding Model (Huihui-Qwen3-Coder-30B-A3B-Instruct-abliterated.Q4_K_M.gguf)]
  STATUS: Actively downloading 30B coding model chunks (3.65 GiB / 16.56 GiB, 22.0% done) at 0.45 MiB/s
  STREAM: DL: 0.45 MiB/s | ETA: 8h 9m
  ARIA2: RUNNING (PID 295527)
  27B Model: 15.66 GiB / 15.65 GiB (100.0% complete)
  30B Model: 3.65 GiB / 16.56 GiB (22.0% complete)
  8B Model:  0 files staged
  DISK:      /dev/sda1       290G   56G  234G  20% /
----------------------------------------------------------------------------------------
[2026-10-07 23:08:27] [STAGE: 2/3: 30B Coding Model (Huihui-Qwen3-Coder-30B-A3B-Instruct-abliterated.Q4_K_M.gguf)]
  STATUS: Actively downloading 30B coding model chunks (3.65 GiB / 16.56 GiB, 22.1% done) at 0.63 MiB/s
  STREAM: DL: 0.63 MiB/s | ETA: 5h 49m
  ARIA2: RUNNING (PID 295527)
  27B Model: 15.66 GiB / 15.65 GiB (100.0% complete)
  30B Model: 3.65 GiB / 16.56 GiB (22.1% complete)
  8B Model:  0 files staged
  DISK:      /dev/sda1       290G   56G  234G  20% /
----------------------------------------------------------------------------------------
[2026-10-07 23:08:38] [STAGE: 2/3: 30B Coding Model (Huihui-Qwen3-Coder-30B-A3B-Instruct-abliterated.Q4_K_M.gguf)]
  STATUS: Actively downloading 30B coding model chunks (3.66 GiB / 16.56 GiB, 22.1% done) at 0.62 MiB/s
  STREAM: DL: 0.62 MiB/s | ETA: 5h 54m
  ARIA2: RUNNING (PID 295527)
  27B Model: 15.66 GiB / 15.65 GiB (100.0% complete)
  30B Model: 3.66 GiB / 16.56 GiB (22.1% complete)
  8B Model:  0 files staged
  DISK:      /dev/sda1       290G   56G  234G  20% /
----------------------------------------------------------------------------------------
[2026-10-07 23:08:49] [STAGE: 2/3: 30B Coding Model (Huihui-Qwen3-Coder-30B-A3B-Instruct-abliterated.Q4_K_M.gguf)]
  STATUS: Actively downloading 30B coding model chunks (3.66 GiB / 16.56 GiB, 22.1% done) at 0.46 MiB/s
  STREAM: DL: 0.46 MiB/s | ETA: 7h 55m
  ARIA2: RUNNING (PID 295527)
  27B Model: 15.66 GiB / 15.65 GiB (100.0% complete)
  30B Model: 3.66 GiB / 16.56 GiB (22.1% complete)
  8B Model:  0 files staged
  DISK:      /dev/sda1       290G   56G  234G  20% /
----------------------------------------------------------------------------------------
[2026-10-07 23:09:00] [STAGE: 2/3: 30B Coding Model (Huihui-Qwen3-Coder-30B-A3B-Instruct-abliterated.Q4_K_M.gguf)]
  STATUS: Actively downloading 30B coding model chunks (3.67 GiB / 16.56 GiB, 22.2% done) at 0.80 MiB/s
  STREAM: DL: 0.80 MiB/s | ETA: 4h 35m
  ARIA2: RUNNING (PID 295527)
  27B Model: 15.66 GiB / 15.65 GiB (100.0% complete)
  30B Model: 3.67 GiB / 16.56 GiB (22.2% complete)
  8B Model:  0 files staged
  DISK:      /dev/sda1       290G   56G  234G  20% /
----------------------------------------------------------------------------------------
[2026-10-07 23:09:10] [STAGE: 2/3: 30B Coding Model (Huihui-Qwen3-Coder-30B-A3B-Instruct-abliterated.Q4_K_M.gguf)]
  STATUS: Actively downloading 30B coding model chunks (3.68 GiB / 16.56 GiB, 22.2% done) at 0.30 MiB/s
  STREAM: DL: 0.30 MiB/s | ETA: 12h 12m
  ARIA2: RUNNING (PID 295527)
  27B Model: 15.66 GiB / 15.65 GiB (100.0% complete)
  30B Model: 3.68 GiB / 16.56 GiB (22.2% complete)
  8B Model:  0 files staged
  DISK:      /dev/sda1       290G   56G  234G  20% /
----------------------------------------------------------------------------------------
[2026-10-07 23:09:21] [STAGE: 2/3: 30B Coding Model (Huihui-Qwen3-Coder-30B-A3B-Instruct-abliterated.Q4_K_M.gguf)]
  STATUS: Actively downloading 30B coding model chunks (3.68 GiB / 16.56 GiB, 22.2% done) at 0.65 MiB/s
  STREAM: DL: 0.65 MiB/s | ETA: 5h 36m
  ARIA2: RUNNING (PID 295527)
  27B Model: 15.66 GiB / 15.65 GiB (100.0% complete)
  30B Model: 3.68 GiB / 16.56 GiB (22.2% complete)
  8B Model:  0 files staged
  DISK:      /dev/sda1       290G   56G  234G  20% /
----------------------------------------------------------------------------------------
[2026-10-07 23:09:32] [STAGE: 2/3: 30B Coding Model (Huihui-Qwen3-Coder-30B-A3B-Instruct-abliterated.Q4_K_M.gguf)]
  STATUS: Actively downloading 30B coding model chunks (3.69 GiB / 16.56 GiB, 22.3% done) at 0.51 MiB/s
  STREAM: DL: 0.51 MiB/s | ETA: 7h 14m
  ARIA2: RUNNING (PID 295527)
  27B Model: 15.66 GiB / 15.65 GiB (100.0% complete)
  30B Model: 3.69 GiB / 16.56 GiB (22.3% complete)
  8B Model:  0 files staged
  DISK:      /dev/sda1       290G   56G  234G  20% /
----------------------------------------------------------------------------------------
[2026-10-07 23:09:44] [STAGE: 2/3: 30B Coding Model (Huihui-Qwen3-Coder-30B-A3B-Instruct-abliterated.Q4_K_M.gguf)]
  STATUS: Actively downloading 30B coding model chunks (3.69 GiB / 16.56 GiB, 22.3% done) at 0.56 MiB/s
  STREAM: DL: 0.56 MiB/s | ETA: 6h 30m
  ARIA2: RUNNING (PID 295527)
  27B Model: 15.66 GiB / 15.65 GiB (100.0% complete)
  30B Model: 3.69 GiB / 16.56 GiB (22.3% complete)
  8B Model:  0 files staged
  DISK:      /dev/sda1       290G   56G  234G  20% /
----------------------------------------------------------------------------------------
[2026-10-07 23:09:55] [STAGE: 2/3: 30B Coding Model (Huihui-Qwen3-Coder-30B-A3B-Instruct-abliterated.Q4_K_M.gguf)]
  STATUS: Actively downloading 30B coding model chunks (3.7 GiB / 16.57 GiB, 22.3% done) at 0.47 MiB/s
  STREAM: DL: 0.47 MiB/s | ETA: 7h 51m
  ARIA2: RUNNING (PID 295527)
  27B Model: 15.66 GiB / 15.65 GiB (100.0% complete)
  30B Model: 3.7 GiB / 16.57 GiB (22.3% complete)
  8B Model:  0 files staged
  DISK:      /dev/sda1       290G   56G  234G  20% /
----------------------------------------------------------------------------------------
[2026-10-07 23:10:05] [STAGE: 2/3: 30B Coding Model (Huihui-Qwen3-Coder-30B-A3B-Instruct-abliterated.Q4_K_M.gguf)]
  STATUS: Actively downloading 30B coding model chunks (3.71 GiB / 16.57 GiB, 22.4% done) at 0.86 MiB/s
  STREAM: DL: 0.86 MiB/s | ETA: 4h 15m
  ARIA2: RUNNING (PID 295527)
  27B Model: 15.66 GiB / 15.65 GiB (100.0% complete)
  30B Model: 3.71 GiB / 16.57 GiB (22.4% complete)
  8B Model:  0 files staged
  DISK:      /dev/sda1       290G   56G  234G  20% /
----------------------------------------------------------------------------------------
[2026-10-07 23:10:16] [STAGE: 2/3: 30B Coding Model (Huihui-Qwen3-Coder-30B-A3B-Instruct-abliterated.Q4_K_M.gguf)]
  STATUS: Actively downloading 30B coding model chunks (3.71 GiB / 16.57 GiB, 22.4% done) at 0.51 MiB/s
  STREAM: DL: 0.51 MiB/s | ETA: 7h 9m
  ARIA2: RUNNING (PID 295527)
  27B Model: 15.66 GiB / 15.65 GiB (100.0% complete)
  30B Model: 3.71 GiB / 16.57 GiB (22.4% complete)
  8B Model:  0 files staged
  DISK:      /dev/sda1       290G   56G  234G  20% /
----------------------------------------------------------------------------------------
[2026-10-07 23:10:27] [STAGE: 2/3: 30B Coding Model (Huihui-Qwen3-Coder-30B-A3B-Instruct-abliterated.Q4_K_M.gguf)]
  STATUS: Actively downloading 30B coding model chunks (3.72 GiB / 16.57 GiB, 22.4% done) at 0.37 MiB/s
  STREAM: DL: 0.37 MiB/s | ETA: 9h 45m
  ARIA2: RUNNING (PID 295527)
  27B Model: 15.66 GiB / 15.65 GiB (100.0% complete)
  30B Model: 3.72 GiB / 16.57 GiB (22.4% complete)
  8B Model:  0 files staged
  DISK:      /dev/sda1       290G   56G  234G  20% /
----------------------------------------------------------------------------------------
[2026-10-07 23:10:38] [STAGE: 2/3: 30B Coding Model (Huihui-Qwen3-Coder-30B-A3B-Instruct-abliterated.Q4_K_M.gguf)]
  STATUS: Actively downloading 30B coding model chunks (3.73 GiB / 16.57 GiB, 22.5% done) at 0.63 MiB/s
  STREAM: DL: 0.63 MiB/s | ETA: 5h 45m
  ARIA2: RUNNING (PID 295527)
  27B Model: 15.66 GiB / 15.65 GiB (100.0% complete)
  30B Model: 3.73 GiB / 16.57 GiB (22.5% complete)
  8B Model:  0 files staged
  DISK:      /dev/sda1       290G   56G  234G  20% /
----------------------------------------------------------------------------------------
[2026-10-07 23:10:55] [STAGE: 2/3: 30B Coding Model (Huihui-Qwen3-Coder-30B-A3B-Instruct-abliterated.Q4_K_M.gguf)]
  STATUS: Actively downloading 30B coding model chunks (3.73 GiB / 16.57 GiB, 22.5% done) at 0.55 MiB/s
  STREAM: DL: 0.55 MiB/s | ETA: 6h 41m
  ARIA2: RUNNING (PID 295527)
  27B Model: 15.66 GiB / 15.65 GiB (100.0% complete)
  30B Model: 3.73 GiB / 16.57 GiB (22.5% complete)
  8B Model:  0 files staged
  DISK:      /dev/sda1       290G   56G  234G  20% /
----------------------------------------------------------------------------------------
[2026-10-07 23:11:06] [STAGE: 2/3: 30B Coding Model (Huihui-Qwen3-Coder-30B-A3B-Instruct-abliterated.Q4_K_M.gguf)]
  STATUS: Actively downloading 30B coding model chunks (3.74 GiB / 16.57 GiB, 22.6% done) at 0.60 MiB/s
  STREAM: DL: 0.60 MiB/s | ETA: 6h 5m
  ARIA2: RUNNING (PID 295527)
  27B Model: 15.66 GiB / 15.65 GiB (100.0% complete)
  30B Model: 3.74 GiB / 16.57 GiB (22.6% complete)
  8B Model:  0 files staged
  DISK:      /dev/sda1       290G   56G  234G  20% /
----------------------------------------------------------------------------------------
[2026-10-07 23:11:20] [STAGE: 2/3: 30B Coding Model (Huihui-Qwen3-Coder-30B-A3B-Instruct-abliterated.Q4_K_M.gguf)]
  STATUS: Actively downloading 30B coding model chunks (3.75 GiB / 16.57 GiB, 22.6% done) at 0.51 MiB/s
  STREAM: DL: 0.51 MiB/s | ETA: 7h 12m
  ARIA2: RUNNING (PID 295527)
  27B Model: 15.66 GiB / 15.65 GiB (100.0% complete)
  30B Model: 3.75 GiB / 16.57 GiB (22.6% complete)
  8B Model:  0 files staged
  DISK:      /dev/sda1       290G   56G  234G  20% /
----------------------------------------------------------------------------------------
[2026-10-07 23:11:32] [STAGE: 2/3: 30B Coding Model (Huihui-Qwen3-Coder-30B-A3B-Instruct-abliterated.Q4_K_M.gguf)]
  STATUS: Actively downloading 30B coding model chunks (3.75 GiB / 16.57 GiB, 22.7% done) at 0.66 MiB/s
  STREAM: DL: 0.66 MiB/s | ETA: 5h 30m
  ARIA2: RUNNING (PID 295527)
  27B Model: 15.66 GiB / 15.65 GiB (100.0% complete)
  30B Model: 3.75 GiB / 16.57 GiB (22.7% complete)
  8B Model:  0 files staged
  DISK:      /dev/sda1       290G   56G  234G  20% /
----------------------------------------------------------------------------------------
[2026-10-07 23:11:42] [STAGE: 2/3: 30B Coding Model (Huihui-Qwen3-Coder-30B-A3B-Instruct-abliterated.Q4_K_M.gguf)]
  STATUS: Actively downloading 30B coding model chunks (3.76 GiB / 16.57 GiB, 22.7% done) at 0.50 MiB/s
  STREAM: DL: 0.50 MiB/s | ETA: 7h 15m
  ARIA2: RUNNING (PID 295527)
  27B Model: 15.66 GiB / 15.65 GiB (100.0% complete)
  30B Model: 3.76 GiB / 16.57 GiB (22.7% complete)
  8B Model:  0 files staged
  DISK:      /dev/sda1       290G   56G  234G  20% /
----------------------------------------------------------------------------------------
[2026-10-07 23:11:55] [STAGE: 2/3: 30B Coding Model (Huihui-Qwen3-Coder-30B-A3B-Instruct-abliterated.Q4_K_M.gguf)]
  STATUS: Actively downloading 30B coding model chunks (3.77 GiB / 16.57 GiB, 22.7% done) at 0.55 MiB/s
  STREAM: DL: 0.55 MiB/s | ETA: 6h 34m
  ARIA2: RUNNING (PID 295527)
  27B Model: 15.66 GiB / 15.65 GiB (100.0% complete)
  30B Model: 3.77 GiB / 16.57 GiB (22.7% complete)
  8B Model:  0 files staged
  DISK:      /dev/sda1       290G   56G  234G  20% /
----------------------------------------------------------------------------------------
[2026-10-07 23:12:07] [STAGE: 2/3: 30B Coding Model (Huihui-Qwen3-Coder-30B-A3B-Instruct-abliterated.Q4_K_M.gguf)]
  STATUS: Actively downloading 30B coding model chunks (3.77 GiB / 16.57 GiB, 22.8% done) at 0.55 MiB/s
  STREAM: DL: 0.55 MiB/s | ETA: 6h 34m
  ARIA2: RUNNING (PID 295527)
  27B Model: 15.66 GiB / 15.65 GiB (100.0% complete)
  30B Model: 3.77 GiB / 16.57 GiB (22.8% complete)
  8B Model:  0 files staged
  DISK:      /dev/sda1       290G   56G  234G  20% /
----------------------------------------------------------------------------------------
[2026-10-07 23:12:18] [STAGE: 2/3: 30B Coding Model (Huihui-Qwen3-Coder-30B-A3B-Instruct-abliterated.Q4_K_M.gguf)]
  STATUS: Actively downloading 30B coding model chunks (3.78 GiB / 16.57 GiB, 22.8% done) at 0.62 MiB/s
  STREAM: DL: 0.62 MiB/s | ETA: 5h 52m
  ARIA2: RUNNING (PID 295527)
  27B Model: 15.66 GiB / 15.65 GiB (100.0% complete)
  30B Model: 3.78 GiB / 16.57 GiB (22.8% complete)
  8B Model:  0 files staged
  DISK:      /dev/sda1       290G   56G  234G  20% /
----------------------------------------------------------------------------------------
[2026-10-07 23:12:31] [STAGE: 2/3: 30B Coding Model (Huihui-Qwen3-Coder-30B-A3B-Instruct-abliterated.Q4_K_M.gguf)]
  STATUS: Actively downloading 30B coding model chunks (3.79 GiB / 16.57 GiB, 22.9% done) at 0.53 MiB/s
  STREAM: DL: 0.53 MiB/s | ETA: 6h 52m
  ARIA2: RUNNING (PID 295527)
  27B Model: 15.66 GiB / 15.65 GiB (100.0% complete)
  30B Model: 3.79 GiB / 16.57 GiB (22.9% complete)
  8B Model:  0 files staged
  DISK:      /dev/sda1       290G   56G  234G  20% /
----------------------------------------------------------------------------------------
[2026-10-07 23:12:42] [STAGE: 2/3: 30B Coding Model (Huihui-Qwen3-Coder-30B-A3B-Instruct-abliterated.Q4_K_M.gguf)]
  STATUS: Actively downloading 30B coding model chunks (3.79 GiB / 16.57 GiB, 22.9% done) at 0.46 MiB/s
  STREAM: DL: 0.46 MiB/s | ETA: 7h 58m
  ARIA2: RUNNING (PID 295527)
  27B Model: 15.66 GiB / 15.65 GiB (100.0% complete)
  30B Model: 3.79 GiB / 16.57 GiB (22.9% complete)
  8B Model:  0 files staged
  DISK:      /dev/sda1       290G   56G  234G  20% /
----------------------------------------------------------------------------------------
[2026-10-07 23:12:53] [STAGE: 2/3: 30B Coding Model (Huihui-Qwen3-Coder-30B-A3B-Instruct-abliterated.Q4_K_M.gguf)]
  STATUS: Actively downloading 30B coding model chunks (3.8 GiB / 16.58 GiB, 22.9% done) at 0.57 MiB/s
  STREAM: DL: 0.57 MiB/s | ETA: 6h 24m
  ARIA2: RUNNING (PID 295527)
  27B Model: 15.66 GiB / 15.65 GiB (100.0% complete)
  30B Model: 3.8 GiB / 16.58 GiB (22.9% complete)
  8B Model:  0 files staged
  DISK:      /dev/sda1       290G   56G  234G  20% /
----------------------------------------------------------------------------------------
[2026-10-07 23:13:05] [STAGE: 2/3: 30B Coding Model (Huihui-Qwen3-Coder-30B-A3B-Instruct-abliterated.Q4_K_M.gguf)]
  STATUS: Actively downloading 30B coding model chunks (3.81 GiB / 16.58 GiB, 23.0% done) at 0.69 MiB/s
  STREAM: DL: 0.69 MiB/s | ETA: 5h 15m
  ARIA2: RUNNING (PID 295527)
  27B Model: 15.66 GiB / 15.65 GiB (100.0% complete)
  30B Model: 3.81 GiB / 16.58 GiB (23.0% complete)
  8B Model:  0 files staged
  DISK:      /dev/sda1       290G   56G  234G  20% /
----------------------------------------------------------------------------------------
[2026-10-07 23:13:17] [STAGE: 2/3: 30B Coding Model (Huihui-Qwen3-Coder-30B-A3B-Instruct-abliterated.Q4_K_M.gguf)]
  STATUS: Actively downloading 30B coding model chunks (3.81 GiB / 16.58 GiB, 23.0% done) at 0.54 MiB/s
  STREAM: DL: 0.54 MiB/s | ETA: 6h 46m
  ARIA2: RUNNING (PID 295527)
  27B Model: 15.66 GiB / 15.65 GiB (100.0% complete)
  30B Model: 3.81 GiB / 16.58 GiB (23.0% complete)
  8B Model:  0 files staged
  DISK:      /dev/sda1       290G   56G  234G  20% /
----------------------------------------------------------------------------------------
[2026-10-07 23:13:28] [STAGE: 2/3: 30B Coding Model (Huihui-Qwen3-Coder-30B-A3B-Instruct-abliterated.Q4_K_M.gguf)]
  STATUS: Actively downloading 30B coding model chunks (3.82 GiB / 16.58 GiB, 23.0% done) at 0.66 MiB/s
  STREAM: DL: 0.66 MiB/s | ETA: 5h 30m
  ARIA2: RUNNING (PID 295527)
  27B Model: 15.66 GiB / 15.65 GiB (100.0% complete)
  30B Model: 3.82 GiB / 16.58 GiB (23.0% complete)
  8B Model:  0 files staged
  DISK:      /dev/sda1       290G   56G  234G  20% /
----------------------------------------------------------------------------------------
[2026-10-07 23:13:38] [STAGE: 2/3: 30B Coding Model (Huihui-Qwen3-Coder-30B-A3B-Instruct-abliterated.Q4_K_M.gguf)]
  STATUS: Actively downloading 30B coding model chunks (3.83 GiB / 16.58 GiB, 23.1% done) at 0.55 MiB/s
  STREAM: DL: 0.55 MiB/s | ETA: 6h 35m
  ARIA2: RUNNING (PID 295527)
  27B Model: 15.66 GiB / 15.65 GiB (100.0% complete)
  30B Model: 3.83 GiB / 16.58 GiB (23.1% complete)
  8B Model:  0 files staged
  DISK:      /dev/sda1       290G   56G  234G  20% /
----------------------------------------------------------------------------------------
[2026-10-07 23:13:49] [STAGE: 2/3: 30B Coding Model (Huihui-Qwen3-Coder-30B-A3B-Instruct-abliterated.Q4_K_M.gguf)]
  STATUS: Actively downloading 30B coding model chunks (3.83 GiB / 16.58 GiB, 23.1% done) at 0.47 MiB/s
  STREAM: DL: 0.47 MiB/s | ETA: 7h 41m
  ARIA2: RUNNING (PID 295527)
  27B Model: 15.66 GiB / 15.65 GiB (100.0% complete)
  30B Model: 3.83 GiB / 16.58 GiB (23.1% complete)
  8B Model:  0 files staged
  DISK:      /dev/sda1       290G   56G  234G  20% /
----------------------------------------------------------------------------------------
[2026-10-07 23:14:00] [STAGE: 2/3: 30B Coding Model (Huihui-Qwen3-Coder-30B-A3B-Instruct-abliterated.Q4_K_M.gguf)]
  STATUS: Actively downloading 30B coding model chunks (3.84 GiB / 16.58 GiB, 23.1% done) at 0.79 MiB/s
  STREAM: DL: 0.79 MiB/s | ETA: 4h 34m
  ARIA2: RUNNING (PID 295527)
  27B Model: 15.66 GiB / 15.65 GiB (100.0% complete)
  30B Model: 3.84 GiB / 16.58 GiB (23.1% complete)
  8B Model:  0 files staged
  DISK:      /dev/sda1       290G   57G  234G  20% /
----------------------------------------------------------------------------------------
[2026-10-07 23:14:11] [STAGE: 2/3: 30B Coding Model (Huihui-Qwen3-Coder-30B-A3B-Instruct-abliterated.Q4_K_M.gguf)]
  STATUS: Actively downloading 30B coding model chunks (3.84 GiB / 16.58 GiB, 23.2% done) at 0.45 MiB/s
  STREAM: DL: 0.45 MiB/s | ETA: 8h 1m
  ARIA2: RUNNING (PID 295527)
  27B Model: 15.66 GiB / 15.65 GiB (100.0% complete)
  30B Model: 3.84 GiB / 16.58 GiB (23.2% complete)
  8B Model:  0 files staged
  DISK:      /dev/sda1       290G   57G  234G  20% /
----------------------------------------------------------------------------------------
[2026-10-07 23:14:21] [STAGE: 2/3: 30B Coding Model (Huihui-Qwen3-Coder-30B-A3B-Instruct-abliterated.Q4_K_M.gguf)]
  STATUS: Actively downloading 30B coding model chunks (3.85 GiB / 16.58 GiB, 23.2% done) at 0.47 MiB/s
  STREAM: DL: 0.47 MiB/s | ETA: 7h 42m
  ARIA2: RUNNING (PID 295527)
  27B Model: 15.66 GiB / 15.65 GiB (100.0% complete)
  30B Model: 3.85 GiB / 16.58 GiB (23.2% complete)
  8B Model:  0 files staged
  DISK:      /dev/sda1       290G   57G  234G  20% /
----------------------------------------------------------------------------------------
[2026-10-07 23:14:34] [STAGE: 2/3: 30B Coding Model (Huihui-Qwen3-Coder-30B-A3B-Instruct-abliterated.Q4_K_M.gguf)]
  STATUS: Actively downloading 30B coding model chunks (3.85 GiB / 16.58 GiB, 23.2% done) at 0.56 MiB/s
  STREAM: DL: 0.56 MiB/s | ETA: 6h 27m
  ARIA2: RUNNING (PID 295527)
  27B Model: 15.66 GiB / 15.65 GiB (100.0% complete)
  30B Model: 3.85 GiB / 16.58 GiB (23.2% complete)
  8B Model:  0 files staged
  DISK:      /dev/sda1       290G   57G  234G  20% /
----------------------------------------------------------------------------------------
[2026-10-07 23:14:44] [STAGE: 2/3: 30B Coding Model (Huihui-Qwen3-Coder-30B-A3B-Instruct-abliterated.Q4_K_M.gguf)]
  STATUS: Actively downloading 30B coding model chunks (3.86 GiB / 16.58 GiB, 23.3% done) at 0.57 MiB/s
  STREAM: DL: 0.57 MiB/s | ETA: 6h 21m
  ARIA2: RUNNING (PID 295527)
  27B Model: 15.66 GiB / 15.65 GiB (100.0% complete)
  30B Model: 3.86 GiB / 16.58 GiB (23.3% complete)
  8B Model:  0 files staged
  DISK:      /dev/sda1       290G   57G  234G  20% /
----------------------------------------------------------------------------------------
[2026-10-07 23:14:55] [STAGE: 2/3: 30B Coding Model (Huihui-Qwen3-Coder-30B-A3B-Instruct-abliterated.Q4_K_M.gguf)]
  STATUS: Actively downloading 30B coding model chunks (3.87 GiB / 16.58 GiB, 23.3% done) at 0.62 MiB/s
  STREAM: DL: 0.62 MiB/s | ETA: 5h 51m
  ARIA2: RUNNING (PID 295527)
  27B Model: 15.66 GiB / 15.65 GiB (100.0% complete)
  30B Model: 3.87 GiB / 16.58 GiB (23.3% complete)
  8B Model:  0 files staged
  DISK:      /dev/sda1       290G   57G  234G  20% /
----------------------------------------------------------------------------------------
[2026-10-07 23:15:06] [STAGE: 2/3: 30B Coding Model (Huihui-Qwen3-Coder-30B-A3B-Instruct-abliterated.Q4_K_M.gguf)]
  STATUS: Actively downloading 30B coding model chunks (3.87 GiB / 16.59 GiB, 23.4% done) at 0.66 MiB/s
  STREAM: DL: 0.66 MiB/s | ETA: 5h 27m
  ARIA2: RUNNING (PID 295527)
  27B Model: 15.66 GiB / 15.65 GiB (100.0% complete)
  30B Model: 3.87 GiB / 16.59 GiB (23.4% complete)
  8B Model:  0 files staged
  DISK:      /dev/sda1       290G   57G  234G  20% /
----------------------------------------------------------------------------------------
[2026-10-07 23:15:17] [STAGE: 2/3: 30B Coding Model (Huihui-Qwen3-Coder-30B-A3B-Instruct-abliterated.Q4_K_M.gguf)]
  STATUS: Actively downloading 30B coding model chunks (3.88 GiB / 16.59 GiB, 23.4% done) at 0.42 MiB/s
  STREAM: DL: 0.42 MiB/s | ETA: 8h 33m
  ARIA2: RUNNING (PID 295527)
  27B Model: 15.66 GiB / 15.65 GiB (100.0% complete)
  30B Model: 3.88 GiB / 16.59 GiB (23.4% complete)
  8B Model:  0 files staged
  DISK:      /dev/sda1       290G   57G  234G  20% /
----------------------------------------------------------------------------------------
[2026-10-07 23:15:29] [STAGE: 2/3: 30B Coding Model (Huihui-Qwen3-Coder-30B-A3B-Instruct-abliterated.Q4_K_M.gguf)]
  STATUS: Actively downloading 30B coding model chunks (3.89 GiB / 16.59 GiB, 23.4% done) at 0.60 MiB/s
  STREAM: DL: 0.60 MiB/s | ETA: 6h 4m
  ARIA2: RUNNING (PID 295527)
  27B Model: 15.66 GiB / 15.65 GiB (100.0% complete)
  30B Model: 3.89 GiB / 16.59 GiB (23.4% complete)
  8B Model:  0 files staged
  DISK:      /dev/sda1       290G   57G  234G  20% /
----------------------------------------------------------------------------------------
[2026-10-07 23:15:42] [STAGE: 2/3: 30B Coding Model (Huihui-Qwen3-Coder-30B-A3B-Instruct-abliterated.Q4_K_M.gguf)]
  STATUS: Actively downloading 30B coding model chunks (3.89 GiB / 16.59 GiB, 23.5% done) at 0.51 MiB/s
  STREAM: DL: 0.51 MiB/s | ETA: 7h 7m
  ARIA2: RUNNING (PID 295527)
  27B Model: 15.66 GiB / 15.65 GiB (100.0% complete)
  30B Model: 3.89 GiB / 16.59 GiB (23.5% complete)
  8B Model:  0 files staged
  DISK:      /dev/sda1       290G   57G  234G  20% /
----------------------------------------------------------------------------------------
[2026-10-07 23:15:54] [STAGE: 2/3: 30B Coding Model (Huihui-Qwen3-Coder-30B-A3B-Instruct-abliterated.Q4_K_M.gguf)]
  STATUS: Actively downloading 30B coding model chunks (3.9 GiB / 16.59 GiB, 23.5% done) at 0.57 MiB/s
  STREAM: DL: 0.57 MiB/s | ETA: 6h 20m
  ARIA2: RUNNING (PID 295527)
  27B Model: 15.66 GiB / 15.65 GiB (100.0% complete)
  30B Model: 3.9 GiB / 16.59 GiB (23.5% complete)
  8B Model:  0 files staged
  DISK:      /dev/sda1       290G   57G  234G  20% /
----------------------------------------------------------------------------------------
[2026-10-07 23:16:06] [STAGE: 2/3: 30B Coding Model (Huihui-Qwen3-Coder-30B-A3B-Instruct-abliterated.Q4_K_M.gguf)]
  STATUS: Actively downloading 30B coding model chunks (3.91 GiB / 16.59 GiB, 23.5% done) at 0.60 MiB/s
  STREAM: DL: 0.60 MiB/s | ETA: 5h 58m
  ARIA2: RUNNING (PID 295527)
  27B Model: 15.66 GiB / 15.65 GiB (100.0% complete)
  30B Model: 3.91 GiB / 16.59 GiB (23.5% complete)
  8B Model:  0 files staged
  DISK:      /dev/sda1       290G   57G  234G  20% /
----------------------------------------------------------------------------------------
[2026-10-07 23:16:17] [STAGE: 2/3: 30B Coding Model (Huihui-Qwen3-Coder-30B-A3B-Instruct-abliterated.Q4_K_M.gguf)]
  STATUS: Actively downloading 30B coding model chunks (3.91 GiB / 16.59 GiB, 23.6% done) at 0.56 MiB/s
  STREAM: DL: 0.56 MiB/s | ETA: 6h 27m
  ARIA2: RUNNING (PID 295527)
  27B Model: 15.66 GiB / 15.65 GiB (100.0% complete)
  30B Model: 3.91 GiB / 16.59 GiB (23.6% complete)
  8B Model:  0 files staged
  DISK:      /dev/sda1       290G   57G  234G  20% /
----------------------------------------------------------------------------------------
[2026-10-07 23:16:28] [STAGE: 2/3: 30B Coding Model (Huihui-Qwen3-Coder-30B-A3B-Instruct-abliterated.Q4_K_M.gguf)]
  STATUS: Actively downloading 30B coding model chunks (3.92 GiB / 16.59 GiB, 23.6% done) at 0.47 MiB/s
  STREAM: DL: 0.47 MiB/s | ETA: 7h 43m
  ARIA2: RUNNING (PID 295527)
  27B Model: 15.66 GiB / 15.65 GiB (100.0% complete)
  30B Model: 3.92 GiB / 16.59 GiB (23.6% complete)
  8B Model:  0 files staged
  DISK:      /dev/sda1       290G   57G  234G  20% /
----------------------------------------------------------------------------------------
[2026-10-07 23:16:39] [STAGE: 2/3: 30B Coding Model (Huihui-Qwen3-Coder-30B-A3B-Instruct-abliterated.Q4_K_M.gguf)]
  STATUS: Actively downloading 30B coding model chunks (3.92 GiB / 16.59 GiB, 23.7% done) at 0.67 MiB/s
  STREAM: DL: 0.67 MiB/s | ETA: 5h 20m
  ARIA2: RUNNING (PID 295527)
  27B Model: 15.66 GiB / 15.65 GiB (100.0% complete)
  30B Model: 3.92 GiB / 16.59 GiB (23.7% complete)
  8B Model:  0 files staged
  DISK:      /dev/sda1       290G   57G  234G  20% /
----------------------------------------------------------------------------------------
[2026-10-07 23:16:51] [STAGE: 2/3: 30B Coding Model (Huihui-Qwen3-Coder-30B-A3B-Instruct-abliterated.Q4_K_M.gguf)]
  STATUS: Actively downloading 30B coding model chunks (3.93 GiB / 16.59 GiB, 23.7% done) at 0.66 MiB/s
  STREAM: DL: 0.66 MiB/s | ETA: 5h 24m
  ARIA2: RUNNING (PID 295527)
  27B Model: 15.66 GiB / 15.65 GiB (100.0% complete)
  30B Model: 3.93 GiB / 16.59 GiB (23.7% complete)
  8B Model:  0 files staged
  DISK:      /dev/sda1       290G   57G  234G  20% /
----------------------------------------------------------------------------------------
[2026-10-07 23:17:02] [STAGE: 2/3: 30B Coding Model (Huihui-Qwen3-Coder-30B-A3B-Instruct-abliterated.Q4_K_M.gguf)]
  STATUS: Actively downloading 30B coding model chunks (3.94 GiB / 16.59 GiB, 23.7% done) at 0.49 MiB/s
  STREAM: DL: 0.49 MiB/s | ETA: 7h 23m
  ARIA2: RUNNING (PID 295527)
  27B Model: 15.66 GiB / 15.65 GiB (100.0% complete)
  30B Model: 3.94 GiB / 16.59 GiB (23.7% complete)
  8B Model:  0 files staged
  DISK:      /dev/sda1       290G   57G  234G  20% /
----------------------------------------------------------------------------------------
[2026-10-07 23:17:15] [STAGE: 2/3: 30B Coding Model (Huihui-Qwen3-Coder-30B-A3B-Instruct-abliterated.Q4_K_M.gguf)]
  STATUS: Actively downloading 30B coding model chunks (3.94 GiB / 16.6 GiB, 23.8% done) at 0.52 MiB/s
  STREAM: DL: 0.52 MiB/s | ETA: 6h 56m
  ARIA2: RUNNING (PID 295527)
  27B Model: 15.66 GiB / 15.65 GiB (100.0% complete)
  30B Model: 3.94 GiB / 16.6 GiB (23.8% complete)
  8B Model:  0 files staged
  DISK:      /dev/sda1       290G   57G  234G  20% /
----------------------------------------------------------------------------------------
[2026-10-07 23:17:26] [STAGE: 2/3: 30B Coding Model (Huihui-Qwen3-Coder-30B-A3B-Instruct-abliterated.Q4_K_M.gguf)]
  STATUS: Actively downloading 30B coding model chunks (3.95 GiB / 16.6 GiB, 23.8% done) at 0.54 MiB/s
  STREAM: DL: 0.54 MiB/s | ETA: 6h 38m
  ARIA2: RUNNING (PID 295527)
  27B Model: 15.66 GiB / 15.65 GiB (100.0% complete)
  30B Model: 3.95 GiB / 16.6 GiB (23.8% complete)
  8B Model:  0 files staged
  DISK:      /dev/sda1       290G   57G  234G  20% /
----------------------------------------------------------------------------------------
[2026-10-07 23:17:39] [STAGE: 2/3: 30B Coding Model (Huihui-Qwen3-Coder-30B-A3B-Instruct-abliterated.Q4_K_M.gguf)]
  STATUS: Actively downloading 30B coding model chunks (3.96 GiB / 16.6 GiB, 23.9% done) at 0.68 MiB/s
  STREAM: DL: 0.68 MiB/s | ETA: 5h 18m
  ARIA2: RUNNING (PID 295527)
  27B Model: 15.66 GiB / 15.65 GiB (100.0% complete)
  30B Model: 3.96 GiB / 16.6 GiB (23.9% complete)
  8B Model:  0 files staged
  DISK:      /dev/sda1       290G   57G  234G  20% /
----------------------------------------------------------------------------------------
[2026-10-07 23:17:53] [STAGE: 2/3: 30B Coding Model (Huihui-Qwen3-Coder-30B-A3B-Instruct-abliterated.Q4_K_M.gguf)]
  STATUS: Actively downloading 30B coding model chunks (3.96 GiB / 16.6 GiB, 23.9% done) at 0.38 MiB/s
  STREAM: DL: 0.38 MiB/s | ETA: 9h 34m
  ARIA2: RUNNING (PID 295527)
  27B Model: 15.66 GiB / 15.65 GiB (100.0% complete)
  30B Model: 3.96 GiB / 16.6 GiB (23.9% complete)
  8B Model:  0 files staged
  DISK:      /dev/sda1       290G   57G  234G  20% /
----------------------------------------------------------------------------------------
[2026-10-07 23:18:04] [STAGE: 2/3: 30B Coding Model (Huihui-Qwen3-Coder-30B-A3B-Instruct-abliterated.Q4_K_M.gguf)]
  STATUS: Actively downloading 30B coding model chunks (3.97 GiB / 16.6 GiB, 23.9% done) at 0.66 MiB/s
  STREAM: DL: 0.66 MiB/s | ETA: 5h 25m
  ARIA2: RUNNING (PID 295527)
  27B Model: 15.66 GiB / 15.65 GiB (100.0% complete)
  30B Model: 3.97 GiB / 16.6 GiB (23.9% complete)
  8B Model:  0 files staged
  DISK:      /dev/sda1       290G   57G  234G  20% /
----------------------------------------------------------------------------------------
[2026-10-07 23:18:16] [STAGE: 2/3: 30B Coding Model (Huihui-Qwen3-Coder-30B-A3B-Instruct-abliterated.Q4_K_M.gguf)]
  STATUS: Actively downloading 30B coding model chunks (3.98 GiB / 16.6 GiB, 24.0% done) at 0.59 MiB/s
  STREAM: DL: 0.59 MiB/s | ETA: 6h 8m
  ARIA2: RUNNING (PID 295527)
  27B Model: 15.66 GiB / 15.65 GiB (100.0% complete)
  30B Model: 3.98 GiB / 16.6 GiB (24.0% complete)
  8B Model:  0 files staged
  DISK:      /dev/sda1       290G   57G  234G  20% /
----------------------------------------------------------------------------------------
[2026-10-07 23:18:26] [STAGE: 2/3: 30B Coding Model (Huihui-Qwen3-Coder-30B-A3B-Instruct-abliterated.Q4_K_M.gguf)]
  STATUS: Actively downloading 30B coding model chunks (3.98 GiB / 16.6 GiB, 24.0% done) at 0.65 MiB/s
  STREAM: DL: 0.65 MiB/s | ETA: 5h 30m
  ARIA2: RUNNING (PID 295527)
  27B Model: 15.66 GiB / 15.65 GiB (100.0% complete)
  30B Model: 3.98 GiB / 16.6 GiB (24.0% complete)
  8B Model:  0 files staged
  DISK:      /dev/sda1       290G   57G  234G  20% /
----------------------------------------------------------------------------------------
[2026-10-07 23:18:37] [STAGE: 2/3: 30B Coding Model (Huihui-Qwen3-Coder-30B-A3B-Instruct-abliterated.Q4_K_M.gguf)]
  STATUS: Actively downloading 30B coding model chunks (3.99 GiB / 16.6 GiB, 24.0% done) at 0.47 MiB/s
  STREAM: DL: 0.47 MiB/s | ETA: 7h 39m
  ARIA2: RUNNING (PID 295527)
  27B Model: 15.66 GiB / 15.65 GiB (100.0% complete)
  30B Model: 3.99 GiB / 16.6 GiB (24.0% complete)
  8B Model:  0 files staged
  DISK:      /dev/sda1       290G   57G  234G  20% /
----------------------------------------------------------------------------------------
[2026-10-07 23:18:48] [STAGE: 2/3: 30B Coding Model (Huihui-Qwen3-Coder-30B-A3B-Instruct-abliterated.Q4_K_M.gguf)]
  STATUS: Actively downloading 30B coding model chunks (4.0 GiB / 16.6 GiB, 24.1% done) at 0.58 MiB/s
  STREAM: DL: 0.58 MiB/s | ETA: 6h 13m
  ARIA2: RUNNING (PID 295527)
  27B Model: 15.66 GiB / 15.65 GiB (100.0% complete)
  30B Model: 4.0 GiB / 16.6 GiB (24.1% complete)
  8B Model:  0 files staged
  DISK:      /dev/sda1       290G   57G  234G  20% /
----------------------------------------------------------------------------------------
[2026-10-07 23:19:02] [STAGE: 2/3: 30B Coding Model (Huihui-Qwen3-Coder-30B-A3B-Instruct-abliterated.Q4_K_M.gguf)]
  STATUS: Actively downloading 30B coding model chunks (4.01 GiB / 16.61 GiB, 24.1% done) at 0.63 MiB/s
  STREAM: DL: 0.63 MiB/s | ETA: 5h 39m
  ARIA2: RUNNING (PID 295527)
  27B Model: 15.66 GiB / 15.65 GiB (100.0% complete)
  30B Model: 4.01 GiB / 16.61 GiB (24.1% complete)
  8B Model:  0 files staged
  DISK:      /dev/sda1       290G   57G  234G  20% /
----------------------------------------------------------------------------------------
[2026-10-07 23:19:16] [STAGE: 2/3: 30B Coding Model (Huihui-Qwen3-Coder-30B-A3B-Instruct-abliterated.Q4_K_M.gguf)]
  STATUS: Actively downloading 30B coding model chunks (4.01 GiB / 16.61 GiB, 24.2% done) at 0.40 MiB/s
  STREAM: DL: 0.40 MiB/s | ETA: 9h 3m
  ARIA2: RUNNING (PID 295527)
  27B Model: 15.66 GiB / 15.65 GiB (100.0% complete)
  30B Model: 4.01 GiB / 16.61 GiB (24.2% complete)
  8B Model:  0 files staged
  DISK:      /dev/sda1       290G   57G  234G  20% /
----------------------------------------------------------------------------------------
[2026-10-07 23:19:28] [STAGE: 2/3: 30B Coding Model (Huihui-Qwen3-Coder-30B-A3B-Instruct-abliterated.Q4_K_M.gguf)]
  STATUS: Actively downloading 30B coding model chunks (4.02 GiB / 16.61 GiB, 24.2% done) at 0.71 MiB/s
  STREAM: DL: 0.71 MiB/s | ETA: 5h 2m
  ARIA2: RUNNING (PID 295527)
  27B Model: 15.66 GiB / 15.65 GiB (100.0% complete)
  30B Model: 4.02 GiB / 16.61 GiB (24.2% complete)
  8B Model:  0 files staged
  DISK:      /dev/sda1       290G   57G  234G  20% /
----------------------------------------------------------------------------------------
[2026-10-07 23:19:43] [STAGE: 2/3: 30B Coding Model (Huihui-Qwen3-Coder-30B-A3B-Instruct-abliterated.Q4_K_M.gguf)]
  STATUS: Actively downloading 30B coding model chunks (4.02 GiB / 16.61 GiB, 24.2% done) at 0.37 MiB/s
  STREAM: DL: 0.37 MiB/s | ETA: 9h 43m
  ARIA2: RUNNING (PID 295527)
  27B Model: 15.66 GiB / 15.65 GiB (100.0% complete)
  30B Model: 4.02 GiB / 16.61 GiB (24.2% complete)
  8B Model:  0 files staged
  DISK:      /dev/sda1       290G   57G  234G  20% /
----------------------------------------------------------------------------------------
[2026-10-07 23:19:53] [STAGE: 2/3: 30B Coding Model (Huihui-Qwen3-Coder-30B-A3B-Instruct-abliterated.Q4_K_M.gguf)]
  STATUS: Actively downloading 30B coding model chunks (4.03 GiB / 16.61 GiB, 24.3% done) at 0.56 MiB/s
  STREAM: DL: 0.56 MiB/s | ETA: 6h 26m
  ARIA2: RUNNING (PID 295527)
  27B Model: 15.66 GiB / 15.65 GiB (100.0% complete)
  30B Model: 4.03 GiB / 16.61 GiB (24.3% complete)
  8B Model:  0 files staged
  DISK:      /dev/sda1       290G   57G  234G  20% /
----------------------------------------------------------------------------------------
[2026-10-07 23:20:06] [STAGE: 2/3: 30B Coding Model (Huihui-Qwen3-Coder-30B-A3B-Instruct-abliterated.Q4_K_M.gguf)]
  STATUS: Actively downloading 30B coding model chunks (4.04 GiB / 16.61 GiB, 24.3% done) at 0.60 MiB/s
  STREAM: DL: 0.60 MiB/s | ETA: 5h 54m
  ARIA2: RUNNING (PID 295527)
  27B Model: 15.66 GiB / 15.65 GiB (100.0% complete)
  30B Model: 4.04 GiB / 16.61 GiB (24.3% complete)
  8B Model:  0 files staged
  DISK:      /dev/sda1       290G   57G  234G  20% /
----------------------------------------------------------------------------------------
[2026-10-07 23:20:18] [STAGE: 2/3: 30B Coding Model (Huihui-Qwen3-Coder-30B-A3B-Instruct-abliterated.Q4_K_M.gguf)]
  STATUS: Actively downloading 30B coding model chunks (4.04 GiB / 16.61 GiB, 24.3% done) at 0.51 MiB/s
  STREAM: DL: 0.51 MiB/s | ETA: 6h 59m
  ARIA2: RUNNING (PID 295527)
  27B Model: 15.66 GiB / 15.65 GiB (100.0% complete)
  30B Model: 4.04 GiB / 16.61 GiB (24.3% complete)
  8B Model:  0 files staged
  DISK:      /dev/sda1       290G   57G  234G  20% /
----------------------------------------------------------------------------------------
[2026-10-07 23:20:29] [STAGE: 2/3: 30B Coding Model (Huihui-Qwen3-Coder-30B-A3B-Instruct-abliterated.Q4_K_M.gguf)]
  STATUS: Actively downloading 30B coding model chunks (4.05 GiB / 16.61 GiB, 24.4% done) at 0.66 MiB/s
  STREAM: DL: 0.66 MiB/s | ETA: 5h 25m
  ARIA2: RUNNING (PID 295527)
  27B Model: 15.66 GiB / 15.65 GiB (100.0% complete)
  30B Model: 4.05 GiB / 16.61 GiB (24.4% complete)
  8B Model:  0 files staged
  DISK:      /dev/sda1       290G   57G  234G  20% /
----------------------------------------------------------------------------------------
[2026-10-07 23:20:40] [STAGE: 2/3: 30B Coding Model (Huihui-Qwen3-Coder-30B-A3B-Instruct-abliterated.Q4_K_M.gguf)]
  STATUS: Actively downloading 30B coding model chunks (4.06 GiB / 16.61 GiB, 24.4% done) at 0.56 MiB/s
  STREAM: DL: 0.56 MiB/s | ETA: 6h 22m
  ARIA2: RUNNING (PID 295527)
  27B Model: 15.66 GiB / 15.65 GiB (100.0% complete)
  30B Model: 4.06 GiB / 16.61 GiB (24.4% complete)
  8B Model:  0 files staged
  DISK:      /dev/sda1       290G   57G  234G  20% /
----------------------------------------------------------------------------------------
[2026-10-07 23:20:51] [STAGE: 2/3: 30B Coding Model (Huihui-Qwen3-Coder-30B-A3B-Instruct-abliterated.Q4_K_M.gguf)]
  STATUS: Actively downloading 30B coding model chunks (4.07 GiB / 16.61 GiB, 24.5% done) at 0.63 MiB/s
  STREAM: DL: 0.63 MiB/s | ETA: 5h 40m
  ARIA2: RUNNING (PID 295527)
  27B Model: 15.66 GiB / 15.65 GiB (100.0% complete)
  30B Model: 4.07 GiB / 16.61 GiB (24.5% complete)
  8B Model:  0 files staged
  DISK:      /dev/sda1       290G   57G  234G  20% /
----------------------------------------------------------------------------------------
[2026-10-07 23:21:05] [STAGE: 2/3: 30B Coding Model (Huihui-Qwen3-Coder-30B-A3B-Instruct-abliterated.Q4_K_M.gguf)]
  STATUS: Actively downloading 30B coding model chunks (4.07 GiB / 16.61 GiB, 24.5% done) at 0.58 MiB/s
  STREAM: DL: 0.58 MiB/s | ETA: 6h 8m
  ARIA2: RUNNING (PID 295527)
  27B Model: 15.66 GiB / 15.65 GiB (100.0% complete)
  30B Model: 4.07 GiB / 16.61 GiB (24.5% complete)
  8B Model:  0 files staged
  DISK:      /dev/sda1       290G   57G  234G  20% /
----------------------------------------------------------------------------------------
[2026-10-07 23:21:16] [STAGE: 2/3: 30B Coding Model (Huihui-Qwen3-Coder-30B-A3B-Instruct-abliterated.Q4_K_M.gguf)]
  STATUS: Actively downloading 30B coding model chunks (4.08 GiB / 16.61 GiB, 24.5% done) at 0.50 MiB/s
  STREAM: DL: 0.50 MiB/s | ETA: 7h 9m
  ARIA2: RUNNING (PID 295527)
  27B Model: 15.66 GiB / 15.65 GiB (100.0% complete)
  30B Model: 4.08 GiB / 16.61 GiB (24.5% complete)
  8B Model:  0 files staged
  DISK:      /dev/sda1       290G   57G  234G  20% /
----------------------------------------------------------------------------------------
[2026-10-07 23:21:27] [STAGE: 2/3: 30B Coding Model (Huihui-Qwen3-Coder-30B-A3B-Instruct-abliterated.Q4_K_M.gguf)]
  STATUS: Actively downloading 30B coding model chunks (4.08 GiB / 16.62 GiB, 24.6% done) at 0.47 MiB/s
  STREAM: DL: 0.47 MiB/s | ETA: 7h 32m
  ARIA2: RUNNING (PID 295527)
  27B Model: 15.66 GiB / 15.65 GiB (100.0% complete)
  30B Model: 4.08 GiB / 16.62 GiB (24.6% complete)
  8B Model:  0 files staged
  DISK:      /dev/sda1       290G   57G  234G  20% /
----------------------------------------------------------------------------------------
[2026-10-07 23:21:38] [STAGE: 2/3: 30B Coding Model (Huihui-Qwen3-Coder-30B-A3B-Instruct-abliterated.Q4_K_M.gguf)]
  STATUS: Actively downloading 30B coding model chunks (4.09 GiB / 16.62 GiB, 24.6% done) at 0.55 MiB/s
  STREAM: DL: 0.55 MiB/s | ETA: 6h 28m
  ARIA2: RUNNING (PID 295527)
  27B Model: 15.66 GiB / 15.65 GiB (100.0% complete)
  30B Model: 4.09 GiB / 16.62 GiB (24.6% complete)
  8B Model:  0 files staged
  DISK:      /dev/sda1       290G   57G  234G  20% /
----------------------------------------------------------------------------------------
[2026-10-07 23:21:49] [STAGE: 2/3: 30B Coding Model (Huihui-Qwen3-Coder-30B-A3B-Instruct-abliterated.Q4_K_M.gguf)]
  STATUS: Actively downloading 30B coding model chunks (4.1 GiB / 16.62 GiB, 24.7% done) at 0.69 MiB/s
  STREAM: DL: 0.69 MiB/s | ETA: 5h 9m
  ARIA2: RUNNING (PID 295527)
  27B Model: 15.66 GiB / 15.65 GiB (100.0% complete)
  30B Model: 4.1 GiB / 16.62 GiB (24.7% complete)
  8B Model:  0 files staged
  DISK:      /dev/sda1       290G   57G  234G  20% /
----------------------------------------------------------------------------------------
[2026-10-07 23:22:03] [STAGE: 2/3: 30B Coding Model (Huihui-Qwen3-Coder-30B-A3B-Instruct-abliterated.Q4_K_M.gguf)]
  STATUS: Actively downloading 30B coding model chunks (4.1 GiB / 16.62 GiB, 24.7% done) at 0.58 MiB/s
  STREAM: DL: 0.58 MiB/s | ETA: 6h 11m
  ARIA2: RUNNING (PID 295527)
  27B Model: 15.66 GiB / 15.65 GiB (100.0% complete)
  30B Model: 4.1 GiB / 16.62 GiB (24.7% complete)
  8B Model:  0 files staged
  DISK:      /dev/sda1       290G   57G  234G  20% /
----------------------------------------------------------------------------------------
[2026-10-07 23:22:15] [STAGE: 2/3: 30B Coding Model (Huihui-Qwen3-Coder-30B-A3B-Instruct-abliterated.Q4_K_M.gguf)]
  STATUS: Actively downloading 30B coding model chunks (4.11 GiB / 16.62 GiB, 24.7% done) at 0.29 MiB/s
  STREAM: DL: 0.29 MiB/s | ETA: 12h 20m
  ARIA2: RUNNING (PID 295527)
  27B Model: 15.66 GiB / 15.65 GiB (100.0% complete)
  30B Model: 4.11 GiB / 16.62 GiB (24.7% complete)
  8B Model:  0 files staged
  DISK:      /dev/sda1       290G   57G  234G  20% /
----------------------------------------------------------------------------------------
[2026-10-07 23:22:26] [STAGE: 2/3: 30B Coding Model (Huihui-Qwen3-Coder-30B-A3B-Instruct-abliterated.Q4_K_M.gguf)]
  STATUS: Actively downloading 30B coding model chunks (4.12 GiB / 16.62 GiB, 24.8% done) at 0.76 MiB/s
  STREAM: DL: 0.76 MiB/s | ETA: 4h 41m
  ARIA2: RUNNING (PID 295527)
  27B Model: 15.66 GiB / 15.65 GiB (100.0% complete)
  30B Model: 4.12 GiB / 16.62 GiB (24.8% complete)
  8B Model:  0 files staged
  DISK:      /dev/sda1       290G   57G  234G  20% /
----------------------------------------------------------------------------------------
[2026-10-07 23:22:43] [STAGE: 2/3: 30B Coding Model (Huihui-Qwen3-Coder-30B-A3B-Instruct-abliterated.Q4_K_M.gguf)]
  STATUS: Actively downloading 30B coding model chunks (4.13 GiB / 16.62 GiB, 24.8% done) at 0.51 MiB/s
  STREAM: DL: 0.51 MiB/s | ETA: 6h 54m
  ARIA2: RUNNING (PID 295527)
  27B Model: 15.66 GiB / 15.65 GiB (100.0% complete)
  30B Model: 4.13 GiB / 16.62 GiB (24.8% complete)
  8B Model:  0 files staged
  DISK:      /dev/sda1       290G   57G  234G  20% /
----------------------------------------------------------------------------------------
[2026-10-07 23:22:57] [STAGE: 2/3: 30B Coding Model (Huihui-Qwen3-Coder-30B-A3B-Instruct-abliterated.Q4_K_M.gguf)]
  STATUS: Actively downloading 30B coding model chunks (4.13 GiB / 16.62 GiB, 24.9% done) at 0.67 MiB/s
  STREAM: DL: 0.67 MiB/s | ETA: 5h 19m
  ARIA2: RUNNING (PID 295527)
  27B Model: 15.66 GiB / 15.65 GiB (100.0% complete)
  30B Model: 4.13 GiB / 16.62 GiB (24.9% complete)
  8B Model:  0 files staged
  DISK:      /dev/sda1       290G   57G  234G  20% /
----------------------------------------------------------------------------------------
[2026-10-07 23:23:07] [STAGE: 2/3: 30B Coding Model (Huihui-Qwen3-Coder-30B-A3B-Instruct-abliterated.Q4_K_M.gguf)]
  STATUS: Actively downloading 30B coding model chunks (4.14 GiB / 16.62 GiB, 24.9% done) at 0.50 MiB/s
  STREAM: DL: 0.50 MiB/s | ETA: 7h 2m
  ARIA2: RUNNING (PID 295527)
  27B Model: 15.66 GiB / 15.65 GiB (100.0% complete)
  30B Model: 4.14 GiB / 16.62 GiB (24.9% complete)
  8B Model:  0 files staged
  DISK:      /dev/sda1       290G   57G  234G  20% /
----------------------------------------------------------------------------------------
[2026-10-07 23:23:18] [STAGE: 2/3: 30B Coding Model (Huihui-Qwen3-Coder-30B-A3B-Instruct-abliterated.Q4_K_M.gguf)]
  STATUS: Actively downloading 30B coding model chunks (4.14 GiB / 16.62 GiB, 24.9% done) at 0.53 MiB/s
  STREAM: DL: 0.53 MiB/s | ETA: 6h 38m
  ARIA2: RUNNING (PID 295527)
  27B Model: 15.66 GiB / 15.65 GiB (100.0% complete)
  30B Model: 4.14 GiB / 16.62 GiB (24.9% complete)
  8B Model:  0 files staged
  DISK:      /dev/sda1       290G   57G  234G  20% /
----------------------------------------------------------------------------------------
[2026-10-07 23:23:28] [STAGE: 2/3: 30B Coding Model (Huihui-Qwen3-Coder-30B-A3B-Instruct-abliterated.Q4_K_M.gguf)]
  STATUS: Actively downloading 30B coding model chunks (4.15 GiB / 16.62 GiB, 25.0% done) at 0.51 MiB/s
  STREAM: DL: 0.51 MiB/s | ETA: 6h 57m
  ARIA2: RUNNING (PID 295527)
  27B Model: 15.66 GiB / 15.65 GiB (100.0% complete)
  30B Model: 4.15 GiB / 16.62 GiB (25.0% complete)
  8B Model:  0 files staged
  DISK:      /dev/sda1       290G   57G  234G  20% /
----------------------------------------------------------------------------------------
[2026-10-07 23:23:40] [STAGE: 2/3: 30B Coding Model (Huihui-Qwen3-Coder-30B-A3B-Instruct-abliterated.Q4_K_M.gguf)]
  STATUS: Actively downloading 30B coding model chunks (4.16 GiB / 16.63 GiB, 25.0% done) at 0.54 MiB/s
  STREAM: DL: 0.54 MiB/s | ETA: 6h 34m
  ARIA2: RUNNING (PID 295527)
  27B Model: 15.66 GiB / 15.65 GiB (100.0% complete)
  30B Model: 4.16 GiB / 16.63 GiB (25.0% complete)
  8B Model:  0 files staged
  DISK:      /dev/sda1       290G   57G  234G  20% /
----------------------------------------------------------------------------------------
[2026-10-07 23:23:51] [STAGE: 2/3: 30B Coding Model (Huihui-Qwen3-Coder-30B-A3B-Instruct-abliterated.Q4_K_M.gguf)]
  STATUS: Actively downloading 30B coding model chunks (4.16 GiB / 16.63 GiB, 25.0% done) at 0.65 MiB/s
  STREAM: DL: 0.65 MiB/s | ETA: 5h 27m
  ARIA2: RUNNING (PID 295527)
  27B Model: 15.66 GiB / 15.65 GiB (100.0% complete)
  30B Model: 4.16 GiB / 16.63 GiB (25.0% complete)
  8B Model:  0 files staged
  DISK:      /dev/sda1       290G   57G  234G  20% /
----------------------------------------------------------------------------------------
[2026-10-07 23:24:02] [STAGE: 2/3: 30B Coding Model (Huihui-Qwen3-Coder-30B-A3B-Instruct-abliterated.Q4_K_M.gguf)]
  STATUS: Actively downloading 30B coding model chunks (4.17 GiB / 16.63 GiB, 25.1% done) at 0.48 MiB/s
  STREAM: DL: 0.48 MiB/s | ETA: 7h 18m
  ARIA2: RUNNING (PID 295527)
  27B Model: 15.66 GiB / 15.65 GiB (100.0% complete)
  30B Model: 4.17 GiB / 16.63 GiB (25.1% complete)
  8B Model:  0 files staged
  DISK:      /dev/sda1       290G   57G  234G  20% /
----------------------------------------------------------------------------------------
[2026-10-07 23:24:23] [STAGE: 2/3: 30B Coding Model (Huihui-Qwen3-Coder-30B-A3B-Instruct-abliterated.Q4_K_M.gguf)]
  STATUS: Actively downloading 30B coding model chunks (4.18 GiB / 16.63 GiB, 25.1% done) at 0.65 MiB/s
  STREAM: DL: 0.65 MiB/s | ETA: 5h 27m
  ARIA2: RUNNING (PID 295527)
  27B Model: 15.66 GiB / 15.65 GiB (100.0% complete)
  30B Model: 4.18 GiB / 16.63 GiB (25.1% complete)
  8B Model:  0 files staged
  DISK:      /dev/sda1       290G   57G  234G  20% /
----------------------------------------------------------------------------------------
[2026-10-07 23:24:33] [STAGE: 2/3: 30B Coding Model (Huihui-Qwen3-Coder-30B-A3B-Instruct-abliterated.Q4_K_M.gguf)]
  STATUS: Actively downloading 30B coding model chunks (4.19 GiB / 16.63 GiB, 25.2% done) at 0.50 MiB/s
  STREAM: DL: 0.50 MiB/s | ETA: 7h 5m
  ARIA2: RUNNING (PID 295527)
  27B Model: 15.66 GiB / 15.65 GiB (100.0% complete)
  30B Model: 4.19 GiB / 16.63 GiB (25.2% complete)
  8B Model:  0 files staged
  DISK:      /dev/sda1       290G   57G  234G  20% /
----------------------------------------------------------------------------------------
[2026-10-07 23:24:47] [STAGE: 2/3: 30B Coding Model (Huihui-Qwen3-Coder-30B-A3B-Instruct-abliterated.Q4_K_M.gguf)]
  STATUS: Actively downloading 30B coding model chunks (4.19 GiB / 16.63 GiB, 25.2% done) at 0.53 MiB/s
  STREAM: DL: 0.53 MiB/s | ETA: 6h 42m
  ARIA2: RUNNING (PID 295527)
  27B Model: 15.66 GiB / 15.65 GiB (100.0% complete)
  30B Model: 4.19 GiB / 16.63 GiB (25.2% complete)
  8B Model:  0 files staged
  DISK:      /dev/sda1       290G   57G  234G  20% /
----------------------------------------------------------------------------------------
[2026-10-07 23:24:59] [STAGE: 2/3: 30B Coding Model (Huihui-Qwen3-Coder-30B-A3B-Instruct-abliterated.Q4_K_M.gguf)]
  STATUS: Actively downloading 30B coding model chunks (4.2 GiB / 16.63 GiB, 25.3% done) at 0.90 MiB/s
  STREAM: DL: 0.90 MiB/s | ETA: 3h 56m
  ARIA2: RUNNING (PID 295527)
  27B Model: 15.66 GiB / 15.65 GiB (100.0% complete)
  30B Model: 4.2 GiB / 16.63 GiB (25.3% complete)
  8B Model:  0 files staged
  DISK:      /dev/sda1       290G   57G  234G  20% /
----------------------------------------------------------------------------------------
[2026-10-07 23:25:10] [STAGE: 2/3: 30B Coding Model (Huihui-Qwen3-Coder-30B-A3B-Instruct-abliterated.Q4_K_M.gguf)]
  STATUS: Actively downloading 30B coding model chunks (4.21 GiB / 16.63 GiB, 25.3% done) at 0.29 MiB/s
  STREAM: DL: 0.29 MiB/s | ETA: 12h 8m
  ARIA2: RUNNING (PID 295527)
  27B Model: 15.66 GiB / 15.65 GiB (100.0% complete)
  30B Model: 4.21 GiB / 16.63 GiB (25.3% complete)
  8B Model:  0 files staged
  DISK:      /dev/sda1       290G   57G  234G  20% /
----------------------------------------------------------------------------------------
[2026-10-07 23:25:21] [STAGE: 2/3: 30B Coding Model (Huihui-Qwen3-Coder-30B-A3B-Instruct-abliterated.Q4_K_M.gguf)]
  STATUS: Actively downloading 30B coding model chunks (4.21 GiB / 16.63 GiB, 25.3% done) at 0.47 MiB/s
  STREAM: DL: 0.47 MiB/s | ETA: 7h 35m
  ARIA2: RUNNING (PID 295527)
  27B Model: 15.66 GiB / 15.65 GiB (100.0% complete)
  30B Model: 4.21 GiB / 16.63 GiB (25.3% complete)
  8B Model:  0 files staged
  DISK:      /dev/sda1       290G   57G  234G  20% /
----------------------------------------------------------------------------------------
[2026-10-07 23:25:31] [STAGE: 2/3: 30B Coding Model (Huihui-Qwen3-Coder-30B-A3B-Instruct-abliterated.Q4_K_M.gguf)]
  STATUS: Actively downloading 30B coding model chunks (4.22 GiB / 16.63 GiB, 25.4% done) at 0.71 MiB/s
  STREAM: DL: 0.71 MiB/s | ETA: 5h 0m
  ARIA2: RUNNING (PID 295527)
  27B Model: 15.66 GiB / 15.65 GiB (100.0% complete)
  30B Model: 4.22 GiB / 16.63 GiB (25.4% complete)
  8B Model:  0 files staged
  DISK:      /dev/sda1       290G   57G  234G  20% /
----------------------------------------------------------------------------------------
[2026-10-07 23:25:43] [STAGE: 2/3: 30B Coding Model (Huihui-Qwen3-Coder-30B-A3B-Instruct-abliterated.Q4_K_M.gguf)]
  STATUS: Actively downloading 30B coding model chunks (4.22 GiB / 16.64 GiB, 25.4% done) at 0.45 MiB/s
  STREAM: DL: 0.45 MiB/s | ETA: 7h 51m
  ARIA2: RUNNING (PID 295527)
  27B Model: 15.66 GiB / 15.65 GiB (100.0% complete)
  30B Model: 4.22 GiB / 16.64 GiB (25.4% complete)
  8B Model:  0 files staged
  DISK:      /dev/sda1       290G   57G  234G  20% /
----------------------------------------------------------------------------------------
[2026-10-07 23:25:54] [STAGE: 2/3: 30B Coding Model (Huihui-Qwen3-Coder-30B-A3B-Instruct-abliterated.Q4_K_M.gguf)]
  STATUS: Actively downloading 30B coding model chunks (4.23 GiB / 16.64 GiB, 25.4% done) at 0.65 MiB/s
  STREAM: DL: 0.65 MiB/s | ETA: 5h 25m
  ARIA2: RUNNING (PID 295527)
  27B Model: 15.66 GiB / 15.65 GiB (100.0% complete)
  30B Model: 4.23 GiB / 16.64 GiB (25.4% complete)
  8B Model:  0 files staged
  DISK:      /dev/sda1       290G   57G  234G  20% /
----------------------------------------------------------------------------------------
[2026-10-07 23:26:05] [STAGE: 2/3: 30B Coding Model (Huihui-Qwen3-Coder-30B-A3B-Instruct-abliterated.Q4_K_M.gguf)]
  STATUS: Actively downloading 30B coding model chunks (4.24 GiB / 16.64 GiB, 25.5% done) at 0.63 MiB/s
  STREAM: DL: 0.63 MiB/s | ETA: 5h 35m
  ARIA2: RUNNING (PID 295527)
  27B Model: 15.66 GiB / 15.65 GiB (100.0% complete)
  30B Model: 4.24 GiB / 16.64 GiB (25.5% complete)
  8B Model:  0 files staged
  DISK:      /dev/sda1       290G   57G  234G  20% /
----------------------------------------------------------------------------------------
[2026-10-07 23:26:15] [STAGE: 2/3: 30B Coding Model (Huihui-Qwen3-Coder-30B-A3B-Instruct-abliterated.Q4_K_M.gguf)]
  STATUS: Actively downloading 30B coding model chunks (4.24 GiB / 16.64 GiB, 25.5% done) at 0.55 MiB/s
  STREAM: DL: 0.55 MiB/s | ETA: 6h 24m
  ARIA2: RUNNING (PID 295527)
  27B Model: 15.66 GiB / 15.65 GiB (100.0% complete)
  30B Model: 4.24 GiB / 16.64 GiB (25.5% complete)
  8B Model:  0 files staged
  DISK:      /dev/sda1       290G   57G  234G  20% /
----------------------------------------------------------------------------------------
[2026-10-07 23:26:27] [STAGE: 2/3: 30B Coding Model (Huihui-Qwen3-Coder-30B-A3B-Instruct-abliterated.Q4_K_M.gguf)]
  STATUS: Actively downloading 30B coding model chunks (4.25 GiB / 16.64 GiB, 25.5% done) at 0.47 MiB/s
  STREAM: DL: 0.47 MiB/s | ETA: 7h 30m
  ARIA2: RUNNING (PID 295527)
  27B Model: 15.66 GiB / 15.65 GiB (100.0% complete)
  30B Model: 4.25 GiB / 16.64 GiB (25.5% complete)
  8B Model:  0 files staged
  DISK:      /dev/sda1       290G   57G  234G  20% /
----------------------------------------------------------------------------------------
[2026-10-07 23:26:39] [STAGE: 2/3: 30B Coding Model (Huihui-Qwen3-Coder-30B-A3B-Instruct-abliterated.Q4_K_M.gguf)]
  STATUS: Actively downloading 30B coding model chunks (4.25 GiB / 16.64 GiB, 25.6% done) at 0.65 MiB/s
  STREAM: DL: 0.65 MiB/s | ETA: 5h 26m
  ARIA2: RUNNING (PID 295527)
  27B Model: 15.66 GiB / 15.65 GiB (100.0% complete)
  30B Model: 4.25 GiB / 16.64 GiB (25.6% complete)
  8B Model:  0 files staged
  DISK:      /dev/sda1       290G   57G  234G  20% /
----------------------------------------------------------------------------------------
[2026-10-07 23:26:50] [STAGE: 2/3: 30B Coding Model (Huihui-Qwen3-Coder-30B-A3B-Instruct-abliterated.Q4_K_M.gguf)]
  STATUS: Actively downloading 30B coding model chunks (4.26 GiB / 16.64 GiB, 25.6% done) at 0.55 MiB/s
  STREAM: DL: 0.55 MiB/s | ETA: 6h 22m
  ARIA2: RUNNING (PID 295527)
  27B Model: 15.66 GiB / 15.65 GiB (100.0% complete)
  30B Model: 4.26 GiB / 16.64 GiB (25.6% complete)
  8B Model:  0 files staged
  DISK:      /dev/sda1       290G   57G  234G  20% /
----------------------------------------------------------------------------------------
[2026-10-07 23:27:01] [STAGE: 2/3: 30B Coding Model (Huihui-Qwen3-Coder-30B-A3B-Instruct-abliterated.Q4_K_M.gguf)]
  STATUS: Actively downloading 30B coding model chunks (4.27 GiB / 16.64 GiB, 25.6% done) at 0.74 MiB/s
  STREAM: DL: 0.74 MiB/s | ETA: 4h 43m
  ARIA2: RUNNING (PID 295527)
  27B Model: 15.66 GiB / 15.65 GiB (100.0% complete)
  30B Model: 4.27 GiB / 16.64 GiB (25.6% complete)
  8B Model:  0 files staged
  DISK:      /dev/sda1       290G   57G  234G  20% /
----------------------------------------------------------------------------------------
[2026-10-07 23:27:12] [STAGE: 2/3: 30B Coding Model (Huihui-Qwen3-Coder-30B-A3B-Instruct-abliterated.Q4_K_M.gguf)]
  STATUS: Actively downloading 30B coding model chunks (4.27 GiB / 16.64 GiB, 25.7% done) at 0.39 MiB/s
  STREAM: DL: 0.39 MiB/s | ETA: 9h 5m
  ARIA2: RUNNING (PID 295527)
  27B Model: 15.66 GiB / 15.65 GiB (100.0% complete)
  30B Model: 4.27 GiB / 16.64 GiB (25.7% complete)
  8B Model:  0 files staged
  DISK:      /dev/sda1       290G   57G  234G  20% /
----------------------------------------------------------------------------------------
[2026-10-07 23:27:22] [STAGE: 2/3: 30B Coding Model (Huihui-Qwen3-Coder-30B-A3B-Instruct-abliterated.Q4_K_M.gguf)]
  STATUS: Actively downloading 30B coding model chunks (4.28 GiB / 16.64 GiB, 25.7% done) at 0.55 MiB/s
  STREAM: DL: 0.55 MiB/s | ETA: 6h 26m
  ARIA2: RUNNING (PID 295527)
  27B Model: 15.66 GiB / 15.65 GiB (100.0% complete)
  30B Model: 4.28 GiB / 16.64 GiB (25.7% complete)
  8B Model:  0 files staged
  DISK:      /dev/sda1       290G   57G  234G  20% /
----------------------------------------------------------------------------------------
[2026-10-07 23:27:33] [STAGE: 2/3: 30B Coding Model (Huihui-Qwen3-Coder-30B-A3B-Instruct-abliterated.Q4_K_M.gguf)]
  STATUS: Actively downloading 30B coding model chunks (4.29 GiB / 16.65 GiB, 25.7% done) at 0.65 MiB/s
  STREAM: DL: 0.65 MiB/s | ETA: 5h 22m
  ARIA2: RUNNING (PID 295527)
  27B Model: 15.66 GiB / 15.65 GiB (100.0% complete)
  30B Model: 4.29 GiB / 16.65 GiB (25.7% complete)
  8B Model:  0 files staged
  DISK:      /dev/sda1       290G   57G  234G  20% /
----------------------------------------------------------------------------------------
[2026-10-07 23:27:44] [STAGE: 2/3: 30B Coding Model (Huihui-Qwen3-Coder-30B-A3B-Instruct-abliterated.Q4_K_M.gguf)]
  STATUS: Actively downloading 30B coding model chunks (4.29 GiB / 16.65 GiB, 25.8% done) at 0.46 MiB/s
  STREAM: DL: 0.46 MiB/s | ETA: 7h 34m
  ARIA2: RUNNING (PID 295527)
  27B Model: 15.66 GiB / 15.65 GiB (100.0% complete)
  30B Model: 4.29 GiB / 16.65 GiB (25.8% complete)
  8B Model:  0 files staged
  DISK:      /dev/sda1       290G   57G  234G  20% /
----------------------------------------------------------------------------------------
[2026-10-07 23:27:55] [STAGE: 2/3: 30B Coding Model (Huihui-Qwen3-Coder-30B-A3B-Instruct-abliterated.Q4_K_M.gguf)]
  STATUS: Actively downloading 30B coding model chunks (4.3 GiB / 16.65 GiB, 25.8% done) at 0.60 MiB/s
  STREAM: DL: 0.60 MiB/s | ETA: 5h 52m
  ARIA2: RUNNING (PID 295527)
  27B Model: 15.66 GiB / 15.65 GiB (100.0% complete)
  30B Model: 4.3 GiB / 16.65 GiB (25.8% complete)
  8B Model:  0 files staged
  DISK:      /dev/sda1       290G   57G  234G  20% /
----------------------------------------------------------------------------------------
[2026-10-07 23:28:06] [STAGE: 2/3: 30B Coding Model (Huihui-Qwen3-Coder-30B-A3B-Instruct-abliterated.Q4_K_M.gguf)]
  STATUS: Actively downloading 30B coding model chunks (4.3 GiB / 16.65 GiB, 25.8% done) at 0.60 MiB/s
  STREAM: DL: 0.60 MiB/s | ETA: 5h 50m
  ARIA2: RUNNING (PID 295527)
  27B Model: 15.66 GiB / 15.65 GiB (100.0% complete)
  30B Model: 4.3 GiB / 16.65 GiB (25.8% complete)
  8B Model:  0 files staged
  DISK:      /dev/sda1       290G   57G  234G  20% /
----------------------------------------------------------------------------------------
[2026-10-07 23:28:17] [STAGE: 2/3: 30B Coding Model (Huihui-Qwen3-Coder-30B-A3B-Instruct-abliterated.Q4_K_M.gguf)]
  STATUS: Actively downloading 30B coding model chunks (4.31 GiB / 16.65 GiB, 25.9% done) at 0.55 MiB/s
  STREAM: DL: 0.55 MiB/s | ETA: 6h 23m
  ARIA2: RUNNING (PID 295527)
  27B Model: 15.66 GiB / 15.65 GiB (100.0% complete)
  30B Model: 4.31 GiB / 16.65 GiB (25.9% complete)
  8B Model:  0 files staged
  DISK:      /dev/sda1       290G   57G  234G  20% /
----------------------------------------------------------------------------------------
[2026-10-07 23:28:31] [STAGE: 2/3: 30B Coding Model (Huihui-Qwen3-Coder-30B-A3B-Instruct-abliterated.Q4_K_M.gguf)]
  STATUS: Actively downloading 30B coding model chunks (4.32 GiB / 16.65 GiB, 25.9% done) at 0.56 MiB/s
  STREAM: DL: 0.56 MiB/s | ETA: 6h 15m
  ARIA2: RUNNING (PID 295527)
  27B Model: 15.66 GiB / 15.65 GiB (100.0% complete)
  30B Model: 4.32 GiB / 16.65 GiB (25.9% complete)
  8B Model:  0 files staged
  DISK:      /dev/sda1       290G   57G  234G  20% /
----------------------------------------------------------------------------------------
[2026-10-07 23:28:42] [STAGE: 2/3: 30B Coding Model (Huihui-Qwen3-Coder-30B-A3B-Instruct-abliterated.Q4_K_M.gguf)]
  STATUS: Actively downloading 30B coding model chunks (4.32 GiB / 16.65 GiB, 26.0% done) at 0.66 MiB/s
  STREAM: DL: 0.66 MiB/s | ETA: 5h 17m
  ARIA2: RUNNING (PID 295527)
  27B Model: 15.66 GiB / 15.65 GiB (100.0% complete)
  30B Model: 4.32 GiB / 16.65 GiB (26.0% complete)
  8B Model:  0 files staged
  DISK:      /dev/sda1       290G   57G  234G  20% /
----------------------------------------------------------------------------------------
[2026-10-07 23:28:52] [STAGE: 2/3: 30B Coding Model (Huihui-Qwen3-Coder-30B-A3B-Instruct-abliterated.Q4_K_M.gguf)]
  STATUS: Actively downloading 30B coding model chunks (4.33 GiB / 16.65 GiB, 26.0% done) at 0.47 MiB/s
  STREAM: DL: 0.47 MiB/s | ETA: 7h 24m
  ARIA2: RUNNING (PID 295527)
  27B Model: 15.66 GiB / 15.65 GiB (100.0% complete)
  30B Model: 4.33 GiB / 16.65 GiB (26.0% complete)
  8B Model:  0 files staged
  DISK:      /dev/sda1       290G   57G  234G  20% /
----------------------------------------------------------------------------------------
[2026-10-07 23:29:03] [STAGE: 2/3: 30B Coding Model (Huihui-Qwen3-Coder-30B-A3B-Instruct-abliterated.Q4_K_M.gguf)]
  STATUS: Actively downloading 30B coding model chunks (4.34 GiB / 16.65 GiB, 26.0% done) at 0.71 MiB/s
  STREAM: DL: 0.71 MiB/s | ETA: 4h 56m
  ARIA2: RUNNING (PID 295527)
  27B Model: 15.66 GiB / 15.65 GiB (100.0% complete)
  30B Model: 4.34 GiB / 16.65 GiB (26.0% complete)
  8B Model:  0 files staged
  DISK:      /dev/sda1       290G   57G  234G  20% /
----------------------------------------------------------------------------------------
[2026-10-07 23:29:15] [STAGE: 2/3: 30B Coding Model (Huihui-Qwen3-Coder-30B-A3B-Instruct-abliterated.Q4_K_M.gguf)]
  STATUS: Actively downloading 30B coding model chunks (4.34 GiB / 16.65 GiB, 26.1% done) at 0.46 MiB/s
  STREAM: DL: 0.46 MiB/s | ETA: 7h 39m
  ARIA2: RUNNING (PID 295527)
  27B Model: 15.66 GiB / 15.65 GiB (100.0% complete)
  30B Model: 4.34 GiB / 16.65 GiB (26.1% complete)
  8B Model:  0 files staged
  DISK:      /dev/sda1       290G   57G  234G  20% /
----------------------------------------------------------------------------------------
[2026-10-07 23:29:27] [STAGE: 2/3: 30B Coding Model (Huihui-Qwen3-Coder-30B-A3B-Instruct-abliterated.Q4_K_M.gguf)]
  STATUS: Actively downloading 30B coding model chunks (4.35 GiB / 16.65 GiB, 26.1% done) at 0.37 MiB/s
  STREAM: DL: 0.37 MiB/s | ETA: 9h 27m
  ARIA2: RUNNING (PID 295527)
  27B Model: 15.66 GiB / 15.65 GiB (100.0% complete)
  30B Model: 4.35 GiB / 16.65 GiB (26.1% complete)
  8B Model:  0 files staged
  DISK:      /dev/sda1       290G   57G  234G  20% /
----------------------------------------------------------------------------------------
[2026-10-07 23:29:38] [STAGE: 2/3: 30B Coding Model (Huihui-Qwen3-Coder-30B-A3B-Instruct-abliterated.Q4_K_M.gguf)]
  STATUS: Actively downloading 30B coding model chunks (4.35 GiB / 16.66 GiB, 26.1% done) at 0.52 MiB/s
  STREAM: DL: 0.52 MiB/s | ETA: 6h 44m
  ARIA2: RUNNING (PID 295527)
  27B Model: 15.66 GiB / 15.65 GiB (100.0% complete)
  30B Model: 4.35 GiB / 16.66 GiB (26.1% complete)
  8B Model:  0 files staged
  DISK:      /dev/sda1       290G   57G  234G  20% /
----------------------------------------------------------------------------------------
[2026-10-07 23:29:49] [STAGE: 2/3: 30B Coding Model (Huihui-Qwen3-Coder-30B-A3B-Instruct-abliterated.Q4_K_M.gguf)]
  STATUS: Actively downloading 30B coding model chunks (4.36 GiB / 16.66 GiB, 26.2% done) at 0.71 MiB/s
  STREAM: DL: 0.71 MiB/s | ETA: 4h 55m
  ARIA2: RUNNING (PID 295527)
  27B Model: 15.66 GiB / 15.65 GiB (100.0% complete)
  30B Model: 4.36 GiB / 16.66 GiB (26.2% complete)
  8B Model:  0 files staged
  DISK:      /dev/sda1       290G   57G  234G  20% /
----------------------------------------------------------------------------------------
[2026-10-07 23:30:02] [STAGE: 2/3: 30B Coding Model (Huihui-Qwen3-Coder-30B-A3B-Instruct-abliterated.Q4_K_M.gguf)]
  STATUS: Actively downloading 30B coding model chunks (4.37 GiB / 16.66 GiB, 26.2% done) at 0.71 MiB/s
  STREAM: DL: 0.71 MiB/s | ETA: 4h 53m
  ARIA2: RUNNING (PID 295527)
  27B Model: 15.66 GiB / 15.65 GiB (100.0% complete)
  30B Model: 4.37 GiB / 16.66 GiB (26.2% complete)
  8B Model:  0 files staged
  DISK:      /dev/sda1       290G   57G  234G  20% /
----------------------------------------------------------------------------------------
[2026-10-07 23:30:13] [STAGE: 2/3: 30B Coding Model (Huihui-Qwen3-Coder-30B-A3B-Instruct-abliterated.Q4_K_M.gguf)]
  STATUS: Actively downloading 30B coding model chunks (4.37 GiB / 16.66 GiB, 26.3% done) at 0.46 MiB/s
  STREAM: DL: 0.46 MiB/s | ETA: 7h 37m
  ARIA2: RUNNING (PID 295527)
  27B Model: 15.66 GiB / 15.65 GiB (100.0% complete)
  30B Model: 4.37 GiB / 16.66 GiB (26.3% complete)
  8B Model:  0 files staged
  DISK:      /dev/sda1       290G   57G  234G  20% /
----------------------------------------------------------------------------------------
[2026-10-07 23:30:24] [STAGE: 2/3: 30B Coding Model (Huihui-Qwen3-Coder-30B-A3B-Instruct-abliterated.Q4_K_M.gguf)]
  STATUS: Actively downloading 30B coding model chunks (4.39 GiB / 16.66 GiB, 26.3% done) at 0.50 MiB/s
  STREAM: DL: 0.50 MiB/s | ETA: 6h 55m
  ARIA2: RUNNING (PID 295527)
  27B Model: 15.66 GiB / 15.65 GiB (100.0% complete)
  30B Model: 4.39 GiB / 16.66 GiB (26.3% complete)
  8B Model:  0 files staged
  DISK:      /dev/sda1       290G   57G  233G  20% /
----------------------------------------------------------------------------------------
[2026-10-07 23:30:52] [STAGE: 2/3: 30B Coding Model (Huihui-Qwen3-Coder-30B-A3B-Instruct-abliterated.Q4_K_M.gguf)]
  STATUS: Actively downloading 30B coding model chunks (4.39 GiB / 16.66 GiB, 26.4% done) at 0.68 MiB/s
  STREAM: DL: 0.68 MiB/s | ETA: 5h 9m
  ARIA2: RUNNING (PID 295527)
  27B Model: 15.66 GiB / 15.65 GiB (100.0% complete)
  30B Model: 4.39 GiB / 16.66 GiB (26.4% complete)
  8B Model:  0 files staged
  DISK:      /dev/sda1       290G   57G  233G  20% /
----------------------------------------------------------------------------------------
[2026-10-07 23:31:04] [STAGE: 2/3: 30B Coding Model (Huihui-Qwen3-Coder-30B-A3B-Instruct-abliterated.Q4_K_M.gguf)]
  STATUS: Actively downloading 30B coding model chunks (4.4 GiB / 16.66 GiB, 26.4% done) at 0.57 MiB/s
  STREAM: DL: 0.57 MiB/s | ETA: 6h 8m
  ARIA2: RUNNING (PID 295527)
  27B Model: 15.66 GiB / 15.65 GiB (100.0% complete)
  30B Model: 4.4 GiB / 16.66 GiB (26.4% complete)
  8B Model:  0 files staged
  DISK:      /dev/sda1       290G   57G  233G  20% /
----------------------------------------------------------------------------------------
[2026-10-07 23:31:16] [STAGE: 2/3: 30B Coding Model (Huihui-Qwen3-Coder-30B-A3B-Instruct-abliterated.Q4_K_M.gguf)]
  STATUS: Actively downloading 30B coding model chunks (4.41 GiB / 16.66 GiB, 26.4% done) at 0.46 MiB/s
  STREAM: DL: 0.46 MiB/s | ETA: 7h 31m
  ARIA2: RUNNING (PID 295527)
  27B Model: 15.66 GiB / 15.65 GiB (100.0% complete)
  30B Model: 4.41 GiB / 16.66 GiB (26.4% complete)
  8B Model:  0 files staged
  DISK:      /dev/sda1       290G   57G  233G  20% /
----------------------------------------------------------------------------------------
[2026-10-07 23:31:27] [STAGE: 2/3: 30B Coding Model (Huihui-Qwen3-Coder-30B-A3B-Instruct-abliterated.Q4_K_M.gguf)]
  STATUS: Actively downloading 30B coding model chunks (4.42 GiB / 16.66 GiB, 26.5% done) at 0.64 MiB/s
  STREAM: DL: 0.64 MiB/s | ETA: 5h 25m
  ARIA2: RUNNING (PID 295527)
  27B Model: 15.66 GiB / 15.65 GiB (100.0% complete)
  30B Model: 4.42 GiB / 16.66 GiB (26.5% complete)
  8B Model:  0 files staged
  DISK:      /dev/sda1       290G   57G  233G  20% /
----------------------------------------------------------------------------------------
[2026-10-07 23:31:44] [STAGE: 2/3: 30B Coding Model (Huihui-Qwen3-Coder-30B-A3B-Instruct-abliterated.Q4_K_M.gguf)]
  STATUS: Actively downloading 30B coding model chunks (4.42 GiB / 16.67 GiB, 26.5% done) at 0.56 MiB/s
  STREAM: DL: 0.56 MiB/s | ETA: 6h 10m
  ARIA2: RUNNING (PID 295527)
  27B Model: 15.66 GiB / 15.65 GiB (100.0% complete)
  30B Model: 4.42 GiB / 16.67 GiB (26.5% complete)
  8B Model:  0 files staged
  DISK:      /dev/sda1       290G   57G  233G  20% /
----------------------------------------------------------------------------------------
[2026-10-07 23:31:57] [STAGE: 2/3: 30B Coding Model (Huihui-Qwen3-Coder-30B-A3B-Instruct-abliterated.Q4_K_M.gguf)]
  STATUS: Actively downloading 30B coding model chunks (4.43 GiB / 16.67 GiB, 26.6% done) at 0.66 MiB/s
  STREAM: DL: 0.66 MiB/s | ETA: 5h 15m
  ARIA2: RUNNING (PID 295527)
  27B Model: 15.66 GiB / 15.65 GiB (100.0% complete)
  30B Model: 4.43 GiB / 16.67 GiB (26.6% complete)
  8B Model:  0 files staged
  DISK:      /dev/sda1       290G   57G  233G  20% /
----------------------------------------------------------------------------------------
[2026-10-07 23:32:07] [STAGE: 2/3: 30B Coding Model (Huihui-Qwen3-Coder-30B-A3B-Instruct-abliterated.Q4_K_M.gguf)]
  STATUS: Actively downloading 30B coding model chunks (4.44 GiB / 16.67 GiB, 26.6% done) at 0.49 MiB/s
  STREAM: DL: 0.49 MiB/s | ETA: 7h 8m
  ARIA2: RUNNING (PID 295527)
  27B Model: 15.66 GiB / 15.65 GiB (100.0% complete)
  30B Model: 4.44 GiB / 16.67 GiB (26.6% complete)
  8B Model:  0 files staged
  DISK:      /dev/sda1       290G   57G  233G  20% /
----------------------------------------------------------------------------------------
[2026-10-07 23:32:18] [STAGE: 2/3: 30B Coding Model (Huihui-Qwen3-Coder-30B-A3B-Instruct-abliterated.Q4_K_M.gguf)]
  STATUS: Actively downloading 30B coding model chunks (4.44 GiB / 16.67 GiB, 26.7% done) at 0.59 MiB/s
  STREAM: DL: 0.59 MiB/s | ETA: 5h 53m
  ARIA2: RUNNING (PID 295527)
  27B Model: 15.66 GiB / 15.65 GiB (100.0% complete)
  30B Model: 4.44 GiB / 16.67 GiB (26.7% complete)
  8B Model:  0 files staged
  DISK:      /dev/sda1       290G   57G  233G  20% /
----------------------------------------------------------------------------------------
[2026-10-07 23:32:30] [STAGE: 2/3: 30B Coding Model (Huihui-Qwen3-Coder-30B-A3B-Instruct-abliterated.Q4_K_M.gguf)]
  STATUS: Actively downloading 30B coding model chunks (4.45 GiB / 16.67 GiB, 26.7% done) at 0.52 MiB/s
  STREAM: DL: 0.52 MiB/s | ETA: 6h 42m
  ARIA2: RUNNING (PID 295527)
  27B Model: 15.66 GiB / 15.65 GiB (100.0% complete)
  30B Model: 4.45 GiB / 16.67 GiB (26.7% complete)
  8B Model:  0 files staged
  DISK:      /dev/sda1       290G   57G  233G  20% /
----------------------------------------------------------------------------------------
[2026-10-07 23:32:47] [STAGE: 2/3: 30B Coding Model (Huihui-Qwen3-Coder-30B-A3B-Instruct-abliterated.Q4_K_M.gguf)]
  STATUS: Actively downloading 30B coding model chunks (4.46 GiB / 16.67 GiB, 26.7% done) at 0.64 MiB/s
  STREAM: DL: 0.64 MiB/s | ETA: 5h 23m
  ARIA2: RUNNING (PID 295527)
  27B Model: 15.66 GiB / 15.65 GiB (100.0% complete)
  30B Model: 4.46 GiB / 16.67 GiB (26.7% complete)
  8B Model:  0 files staged
  DISK:      /dev/sda1       290G   57G  233G  20% /
----------------------------------------------------------------------------------------
[2026-10-07 23:32:59] [STAGE: 2/3: 30B Coding Model (Huihui-Qwen3-Coder-30B-A3B-Instruct-abliterated.Q4_K_M.gguf)]
  STATUS: Actively downloading 30B coding model chunks (4.47 GiB / 16.67 GiB, 26.8% done) at 0.78 MiB/s
  STREAM: DL: 0.78 MiB/s | ETA: 4h 28m
  ARIA2: RUNNING (PID 295527)
  27B Model: 15.66 GiB / 15.65 GiB (100.0% complete)
  30B Model: 4.47 GiB / 16.67 GiB (26.8% complete)
  8B Model:  0 files staged
  DISK:      /dev/sda1       290G   57G  233G  20% /
----------------------------------------------------------------------------------------
[2026-10-07 23:33:10] [STAGE: 2/3: 30B Coding Model (Huihui-Qwen3-Coder-30B-A3B-Instruct-abliterated.Q4_K_M.gguf)]
  STATUS: Actively downloading 30B coding model chunks (4.47 GiB / 16.67 GiB, 26.8% done) at 0.25 MiB/s
  STREAM: DL: 0.25 MiB/s | ETA: 13h 48m
  ARIA2: RUNNING (PID 295527)
  27B Model: 15.66 GiB / 15.65 GiB (100.0% complete)
  30B Model: 4.47 GiB / 16.67 GiB (26.8% complete)
  8B Model:  0 files staged
  DISK:      /dev/sda1       290G   57G  233G  20% /
----------------------------------------------------------------------------------------
[2026-10-07 23:33:21] [STAGE: 2/3: 30B Coding Model (Huihui-Qwen3-Coder-30B-A3B-Instruct-abliterated.Q4_K_M.gguf)]
  STATUS: Actively downloading 30B coding model chunks (4.48 GiB / 16.67 GiB, 26.8% done) at 0.64 MiB/s
  STREAM: DL: 0.64 MiB/s | ETA: 5h 23m
  ARIA2: RUNNING (PID 295527)
  27B Model: 15.66 GiB / 15.65 GiB (100.0% complete)
  30B Model: 4.48 GiB / 16.67 GiB (26.8% complete)
  8B Model:  0 files staged
  DISK:      /dev/sda1       290G   57G  233G  20% /
----------------------------------------------------------------------------------------
[2026-10-07 23:33:32] [STAGE: 2/3: 30B Coding Model (Huihui-Qwen3-Coder-30B-A3B-Instruct-abliterated.Q4_K_M.gguf)]
  STATUS: Actively downloading 30B coding model chunks (4.48 GiB / 16.67 GiB, 26.9% done) at 0.62 MiB/s
  STREAM: DL: 0.62 MiB/s | ETA: 5h 33m
  ARIA2: RUNNING (PID 295527)
  27B Model: 15.66 GiB / 15.65 GiB (100.0% complete)
  30B Model: 4.48 GiB / 16.67 GiB (26.9% complete)
  8B Model:  0 files staged
  DISK:      /dev/sda1       290G   57G  233G  20% /
----------------------------------------------------------------------------------------
[2026-10-07 23:33:43] [STAGE: 2/3: 30B Coding Model (Huihui-Qwen3-Coder-30B-A3B-Instruct-abliterated.Q4_K_M.gguf)]
  STATUS: Actively downloading 30B coding model chunks (4.49 GiB / 16.67 GiB, 26.9% done) at 0.57 MiB/s
  STREAM: DL: 0.57 MiB/s | ETA: 6h 3m
  ARIA2: RUNNING (PID 295527)
  27B Model: 15.66 GiB / 15.65 GiB (100.0% complete)
  30B Model: 4.49 GiB / 16.67 GiB (26.9% complete)
  8B Model:  0 files staged
  DISK:      /dev/sda1       290G   57G  233G  20% /
----------------------------------------------------------------------------------------
[2026-10-07 23:33:53] [STAGE: 2/3: 30B Coding Model (Huihui-Qwen3-Coder-30B-A3B-Instruct-abliterated.Q4_K_M.gguf)]
  STATUS: Actively downloading 30B coding model chunks (4.5 GiB / 16.68 GiB, 27.0% done) at 0.57 MiB/s
  STREAM: DL: 0.57 MiB/s | ETA: 6h 6m
  ARIA2: RUNNING (PID 295527)
  27B Model: 15.66 GiB / 15.65 GiB (100.0% complete)
  30B Model: 4.5 GiB / 16.68 GiB (27.0% complete)
  8B Model:  0 files staged
  DISK:      /dev/sda1       290G   57G  233G  20% /
----------------------------------------------------------------------------------------
[2026-10-07 23:34:04] [STAGE: 2/3: 30B Coding Model (Huihui-Qwen3-Coder-30B-A3B-Instruct-abliterated.Q4_K_M.gguf)]
  STATUS: Actively downloading 30B coding model chunks (4.5 GiB / 16.68 GiB, 27.0% done) at 0.51 MiB/s
  STREAM: DL: 0.51 MiB/s | ETA: 6h 48m
  ARIA2: RUNNING (PID 295527)
  27B Model: 15.66 GiB / 15.65 GiB (100.0% complete)
  30B Model: 4.5 GiB / 16.68 GiB (27.0% complete)
  8B Model:  0 files staged
  DISK:      /dev/sda1       290G   57G  233G  20% /
----------------------------------------------------------------------------------------
[2026-10-07 23:34:17] [STAGE: 2/3: 30B Coding Model (Huihui-Qwen3-Coder-30B-A3B-Instruct-abliterated.Q4_K_M.gguf)]
  STATUS: Actively downloading 30B coding model chunks (4.51 GiB / 16.68 GiB, 27.0% done) at 0.61 MiB/s
  STREAM: DL: 0.61 MiB/s | ETA: 5h 42m
  ARIA2: RUNNING (PID 295527)
  27B Model: 15.66 GiB / 15.65 GiB (100.0% complete)
  30B Model: 4.51 GiB / 16.68 GiB (27.0% complete)
  8B Model:  0 files staged
  DISK:      /dev/sda1       290G   57G  233G  20% /
----------------------------------------------------------------------------------------
[2026-10-07 23:34:28] [STAGE: 2/3: 30B Coding Model (Huihui-Qwen3-Coder-30B-A3B-Instruct-abliterated.Q4_K_M.gguf)]
  STATUS: Actively downloading 30B coding model chunks (4.51 GiB / 16.68 GiB, 27.1% done) at 0.66 MiB/s
  STREAM: DL: 0.66 MiB/s | ETA: 5h 16m
  ARIA2: RUNNING (PID 295527)
  27B Model: 15.66 GiB / 15.65 GiB (100.0% complete)
  30B Model: 4.51 GiB / 16.68 GiB (27.1% complete)
  8B Model:  0 files staged
  DISK:      /dev/sda1       290G   57G  233G  20% /
----------------------------------------------------------------------------------------
[2026-10-07 23:34:38] [STAGE: 2/3: 30B Coding Model (Huihui-Qwen3-Coder-30B-A3B-Instruct-abliterated.Q4_K_M.gguf)]
  STATUS: Actively downloading 30B coding model chunks (4.52 GiB / 16.68 GiB, 27.1% done) at 0.35 MiB/s
  STREAM: DL: 0.35 MiB/s | ETA: 9h 49m
  ARIA2: RUNNING (PID 295527)
  27B Model: 15.66 GiB / 15.65 GiB (100.0% complete)
  30B Model: 4.52 GiB / 16.68 GiB (27.1% complete)
  8B Model:  0 files staged
  DISK:      /dev/sda1       290G   57G  233G  20% /
----------------------------------------------------------------------------------------
[2026-10-07 23:34:50] [STAGE: 2/3: 30B Coding Model (Huihui-Qwen3-Coder-30B-A3B-Instruct-abliterated.Q4_K_M.gguf)]
  STATUS: Actively downloading 30B coding model chunks (4.53 GiB / 16.68 GiB, 27.1% done) at 0.66 MiB/s
  STREAM: DL: 0.66 MiB/s | ETA: 5h 12m
  ARIA2: RUNNING (PID 295527)
  27B Model: 15.66 GiB / 15.65 GiB (100.0% complete)
  30B Model: 4.53 GiB / 16.68 GiB (27.1% complete)
  8B Model:  0 files staged
  DISK:      /dev/sda1       290G   57G  233G  20% /
----------------------------------------------------------------------------------------
[2026-10-07 23:35:00] [STAGE: 2/3: 30B Coding Model (Huihui-Qwen3-Coder-30B-A3B-Instruct-abliterated.Q4_K_M.gguf)]
  STATUS: Actively downloading 30B coding model chunks (4.53 GiB / 16.68 GiB, 27.2% done) at 0.76 MiB/s
  STREAM: DL: 0.76 MiB/s | ETA: 4h 31m
  ARIA2: RUNNING (PID 295527)
  27B Model: 15.66 GiB / 15.65 GiB (100.0% complete)
  30B Model: 4.53 GiB / 16.68 GiB (27.2% complete)
  8B Model:  0 files staged
  DISK:      /dev/sda1       290G   57G  233G  20% /
----------------------------------------------------------------------------------------
[2026-10-07 23:35:11] [STAGE: 2/3: 30B Coding Model (Huihui-Qwen3-Coder-30B-A3B-Instruct-abliterated.Q4_K_M.gguf)]
  STATUS: Actively downloading 30B coding model chunks (4.54 GiB / 16.68 GiB, 27.2% done) at 0.25 MiB/s
  STREAM: DL: 0.25 MiB/s | ETA: 13h 35m
  ARIA2: RUNNING (PID 295527)
  27B Model: 15.66 GiB / 15.65 GiB (100.0% complete)
  30B Model: 4.54 GiB / 16.68 GiB (27.2% complete)
  8B Model:  0 files staged
  DISK:      /dev/sda1       290G   57G  233G  20% /
----------------------------------------------------------------------------------------
[2026-10-07 23:35:22] [STAGE: 2/3: 30B Coding Model (Huihui-Qwen3-Coder-30B-A3B-Instruct-abliterated.Q4_K_M.gguf)]
  STATUS: Actively downloading 30B coding model chunks (4.54 GiB / 16.68 GiB, 27.2% done) at 0.66 MiB/s
  STREAM: DL: 0.66 MiB/s | ETA: 5h 13m
  ARIA2: RUNNING (PID 295527)
  27B Model: 15.66 GiB / 15.65 GiB (100.0% complete)
  30B Model: 4.54 GiB / 16.68 GiB (27.2% complete)
  8B Model:  0 files staged
  DISK:      /dev/sda1       290G   57G  233G  20% /
----------------------------------------------------------------------------------------
[2026-10-07 23:35:33] [STAGE: 2/3: 30B Coding Model (Huihui-Qwen3-Coder-30B-A3B-Instruct-abliterated.Q4_K_M.gguf)]
  STATUS: Actively downloading 30B coding model chunks (4.55 GiB / 16.68 GiB, 27.3% done) at 0.57 MiB/s
  STREAM: DL: 0.57 MiB/s | ETA: 6h 2m
  ARIA2: RUNNING (PID 295527)
  27B Model: 15.66 GiB / 15.65 GiB (100.0% complete)
  30B Model: 4.55 GiB / 16.68 GiB (27.3% complete)
  8B Model:  0 files staged
  DISK:      /dev/sda1       290G   57G  233G  20% /
----------------------------------------------------------------------------------------
[2026-10-07 23:35:43] [STAGE: 2/3: 30B Coding Model (Huihui-Qwen3-Coder-30B-A3B-Instruct-abliterated.Q4_K_M.gguf)]
  STATUS: Actively downloading 30B coding model chunks (4.55 GiB / 16.68 GiB, 27.3% done) at 0.57 MiB/s
  STREAM: DL: 0.57 MiB/s | ETA: 6h 4m
  ARIA2: RUNNING (PID 295527)
  27B Model: 15.66 GiB / 15.65 GiB (100.0% complete)
  30B Model: 4.55 GiB / 16.68 GiB (27.3% complete)
  8B Model:  0 files staged
  DISK:      /dev/sda1       290G   57G  233G  20% /
----------------------------------------------------------------------------------------
[2026-10-07 23:35:54] [STAGE: 2/3: 30B Coding Model (Huihui-Qwen3-Coder-30B-A3B-Instruct-abliterated.Q4_K_M.gguf)]
  STATUS: Actively downloading 30B coding model chunks (4.56 GiB / 16.68 GiB, 27.3% done) at 0.49 MiB/s
  STREAM: DL: 0.49 MiB/s | ETA: 7h 6m
  ARIA2: RUNNING (PID 295527)
  27B Model: 15.66 GiB / 15.65 GiB (100.0% complete)
  30B Model: 4.56 GiB / 16.68 GiB (27.3% complete)
  8B Model:  0 files staged
  DISK:      /dev/sda1       290G   57G  233G  20% /
----------------------------------------------------------------------------------------
[2026-10-07 23:36:06] [STAGE: 2/3: 30B Coding Model (Huihui-Qwen3-Coder-30B-A3B-Instruct-abliterated.Q4_K_M.gguf)]
  STATUS: Actively downloading 30B coding model chunks (4.57 GiB / 16.69 GiB, 27.4% done) at 0.62 MiB/s
  STREAM: DL: 0.62 MiB/s | ETA: 5h 30m
  ARIA2: RUNNING (PID 295527)
  27B Model: 15.66 GiB / 15.65 GiB (100.0% complete)
  30B Model: 4.57 GiB / 16.69 GiB (27.4% complete)
  8B Model:  0 files staged
  DISK:      /dev/sda1       290G   57G  233G  20% /
----------------------------------------------------------------------------------------
[2026-10-07 23:36:17] [STAGE: 2/3: 30B Coding Model (Huihui-Qwen3-Coder-30B-A3B-Instruct-abliterated.Q4_K_M.gguf)]
  STATUS: Actively downloading 30B coding model chunks (4.57 GiB / 16.69 GiB, 27.4% done) at 0.63 MiB/s
  STREAM: DL: 0.63 MiB/s | ETA: 5h 27m
  ARIA2: RUNNING (PID 295527)
  27B Model: 15.66 GiB / 15.65 GiB (100.0% complete)
  30B Model: 4.57 GiB / 16.69 GiB (27.4% complete)
  8B Model:  0 files staged
  DISK:      /dev/sda1       290G   57G  233G  20% /
----------------------------------------------------------------------------------------
[2026-10-07 23:36:28] [STAGE: 2/3: 30B Coding Model (Huihui-Qwen3-Coder-30B-A3B-Instruct-abliterated.Q4_K_M.gguf)]
  STATUS: Actively downloading 30B coding model chunks (4.58 GiB / 16.69 GiB, 27.4% done) at 0.57 MiB/s
  STREAM: DL: 0.57 MiB/s | ETA: 6h 4m
  ARIA2: RUNNING (PID 295527)
  27B Model: 15.66 GiB / 15.65 GiB (100.0% complete)
  30B Model: 4.58 GiB / 16.69 GiB (27.4% complete)
  8B Model:  0 files staged
  DISK:      /dev/sda1       290G   57G  233G  20% /
----------------------------------------------------------------------------------------
[2026-10-07 23:36:39] [STAGE: 2/3: 30B Coding Model (Huihui-Qwen3-Coder-30B-A3B-Instruct-abliterated.Q4_K_M.gguf)]
  STATUS: Actively downloading 30B coding model chunks (4.58 GiB / 16.69 GiB, 27.5% done) at 0.47 MiB/s
  STREAM: DL: 0.47 MiB/s | ETA: 7h 20m
  ARIA2: RUNNING (PID 295527)
  27B Model: 15.66 GiB / 15.65 GiB (100.0% complete)
  30B Model: 4.58 GiB / 16.69 GiB (27.5% complete)
  8B Model:  0 files staged
  DISK:      /dev/sda1       290G   57G  233G  20% /
----------------------------------------------------------------------------------------
[2026-10-07 23:36:50] [STAGE: 2/3: 30B Coding Model (Huihui-Qwen3-Coder-30B-A3B-Instruct-abliterated.Q4_K_M.gguf)]
  STATUS: Actively downloading 30B coding model chunks (4.59 GiB / 16.69 GiB, 27.5% done) at 0.66 MiB/s
  STREAM: DL: 0.66 MiB/s | ETA: 5h 13m
  ARIA2: RUNNING (PID 295527)
  27B Model: 15.66 GiB / 15.65 GiB (100.0% complete)
  30B Model: 4.59 GiB / 16.69 GiB (27.5% complete)
  8B Model:  0 files staged
  DISK:      /dev/sda1       290G   57G  233G  20% /
----------------------------------------------------------------------------------------
[2026-10-07 23:37:00] [STAGE: 2/3: 30B Coding Model (Huihui-Qwen3-Coder-30B-A3B-Instruct-abliterated.Q4_K_M.gguf)]
  STATUS: Actively downloading 30B coding model chunks (4.6 GiB / 16.69 GiB, 27.6% done) at 0.73 MiB/s
  STREAM: DL: 0.73 MiB/s | ETA: 4h 41m
  ARIA2: RUNNING (PID 295527)
  27B Model: 15.66 GiB / 15.65 GiB (100.0% complete)
  30B Model: 4.6 GiB / 16.69 GiB (27.6% complete)
  8B Model:  0 files staged
  DISK:      /dev/sda1       290G   57G  233G  20% /
----------------------------------------------------------------------------------------
[2026-10-07 23:37:11] [STAGE: 2/3: 30B Coding Model (Huihui-Qwen3-Coder-30B-A3B-Instruct-abliterated.Q4_K_M.gguf)]
  STATUS: Actively downloading 30B coding model chunks (4.6 GiB / 16.69 GiB, 27.6% done) at 0.31 MiB/s
  STREAM: DL: 0.31 MiB/s | ETA: 11h 8m
  ARIA2: RUNNING (PID 295527)
  27B Model: 15.66 GiB / 15.65 GiB (100.0% complete)
  30B Model: 4.6 GiB / 16.69 GiB (27.6% complete)
  8B Model:  0 files staged
  DISK:      /dev/sda1       290G   57G  233G  20% /
----------------------------------------------------------------------------------------
[2026-10-07 23:37:22] [STAGE: 2/3: 30B Coding Model (Huihui-Qwen3-Coder-30B-A3B-Instruct-abliterated.Q4_K_M.gguf)]
  STATUS: Actively downloading 30B coding model chunks (4.61 GiB / 16.69 GiB, 27.6% done) at 0.66 MiB/s
  STREAM: DL: 0.66 MiB/s | ETA: 5h 12m
  ARIA2: RUNNING (PID 295527)
  27B Model: 15.66 GiB / 15.65 GiB (100.0% complete)
  30B Model: 4.61 GiB / 16.69 GiB (27.6% complete)
  8B Model:  0 files staged
  DISK:      /dev/sda1       290G   57G  233G  20% /
----------------------------------------------------------------------------------------
[2026-10-07 23:37:32] [STAGE: 2/3: 30B Coding Model (Huihui-Qwen3-Coder-30B-A3B-Instruct-abliterated.Q4_K_M.gguf)]
  STATUS: Actively downloading 30B coding model chunks (4.62 GiB / 16.69 GiB, 27.6% done) at 0.53 MiB/s
  STREAM: DL: 0.53 MiB/s | ETA: 6h 26m
  ARIA2: RUNNING (PID 295527)
  27B Model: 15.66 GiB / 15.65 GiB (100.0% complete)
  30B Model: 4.62 GiB / 16.69 GiB (27.6% complete)
  8B Model:  0 files staged
  DISK:      /dev/sda1       290G   57G  233G  20% /
----------------------------------------------------------------------------------------
[2026-10-07 23:37:43] [STAGE: 2/3: 30B Coding Model (Huihui-Qwen3-Coder-30B-A3B-Instruct-abliterated.Q4_K_M.gguf)]
  STATUS: Actively downloading 30B coding model chunks (4.62 GiB / 16.69 GiB, 27.7% done) at 0.66 MiB/s
  STREAM: DL: 0.66 MiB/s | ETA: 5h 12m
  ARIA2: RUNNING (PID 295527)
  27B Model: 15.66 GiB / 15.65 GiB (100.0% complete)
  30B Model: 4.62 GiB / 16.69 GiB (27.7% complete)
  8B Model:  0 files staged
  DISK:      /dev/sda1       290G   57G  233G  20% /
----------------------------------------------------------------------------------------
[2026-10-07 23:37:54] [STAGE: 2/3: 30B Coding Model (Huihui-Qwen3-Coder-30B-A3B-Instruct-abliterated.Q4_K_M.gguf)]
  STATUS: Actively downloading 30B coding model chunks (4.63 GiB / 16.69 GiB, 27.7% done) at 0.57 MiB/s
  STREAM: DL: 0.57 MiB/s | ETA: 6h 3m
  ARIA2: RUNNING (PID 295527)
  27B Model: 15.66 GiB / 15.65 GiB (100.0% complete)
  30B Model: 4.63 GiB / 16.69 GiB (27.7% complete)
  8B Model:  0 files staged
  DISK:      /dev/sda1       290G   57G  233G  20% /
----------------------------------------------------------------------------------------
[2026-10-07 23:38:05] [STAGE: 2/3: 30B Coding Model (Huihui-Qwen3-Coder-30B-A3B-Instruct-abliterated.Q4_K_M.gguf)]
  STATUS: Actively downloading 30B coding model chunks (4.63 GiB / 16.7 GiB, 27.8% done) at 0.54 MiB/s
  STREAM: DL: 0.54 MiB/s | ETA: 6h 21m
  ARIA2: RUNNING (PID 295527)
  27B Model: 15.66 GiB / 15.65 GiB (100.0% complete)
  30B Model: 4.63 GiB / 16.7 GiB (27.8% complete)
  8B Model:  0 files staged
  DISK:      /dev/sda1       290G   57G  233G  20% /
----------------------------------------------------------------------------------------
[2026-10-07 23:38:15] [STAGE: 2/3: 30B Coding Model (Huihui-Qwen3-Coder-30B-A3B-Instruct-abliterated.Q4_K_M.gguf)]
  STATUS: Actively downloading 30B coding model chunks (4.64 GiB / 16.7 GiB, 27.8% done) at 0.51 MiB/s
  STREAM: DL: 0.51 MiB/s | ETA: 6h 47m
  ARIA2: RUNNING (PID 295527)
  27B Model: 15.66 GiB / 15.65 GiB (100.0% complete)
  30B Model: 4.64 GiB / 16.7 GiB (27.8% complete)
  8B Model:  0 files staged
  DISK:      /dev/sda1       290G   57G  233G  20% /
----------------------------------------------------------------------------------------
[2026-10-07 23:38:26] [STAGE: 2/3: 30B Coding Model (Huihui-Qwen3-Coder-30B-A3B-Instruct-abliterated.Q4_K_M.gguf)]
  STATUS: Actively downloading 30B coding model chunks (4.64 GiB / 16.7 GiB, 27.8% done) at 0.57 MiB/s
  STREAM: DL: 0.57 MiB/s | ETA: 6h 3m
  ARIA2: RUNNING (PID 295527)
  27B Model: 15.66 GiB / 15.65 GiB (100.0% complete)
  30B Model: 4.64 GiB / 16.7 GiB (27.8% complete)
  8B Model:  0 files staged
  DISK:      /dev/sda1       290G   57G  233G  20% /
----------------------------------------------------------------------------------------
[2026-10-07 23:38:36] [STAGE: 2/3: 30B Coding Model (Huihui-Qwen3-Coder-30B-A3B-Instruct-abliterated.Q4_K_M.gguf)]
  STATUS: Actively downloading 30B coding model chunks (4.65 GiB / 16.7 GiB, 27.9% done) at 0.66 MiB/s
  STREAM: DL: 0.66 MiB/s | ETA: 5h 12m
  ARIA2: RUNNING (PID 295527)
  27B Model: 15.66 GiB / 15.65 GiB (100.0% complete)
  30B Model: 4.65 GiB / 16.7 GiB (27.9% complete)
  8B Model:  0 files staged
  DISK:      /dev/sda1       290G   57G  233G  20% /
----------------------------------------------------------------------------------------
[2026-10-07 23:38:47] [STAGE: 2/3: 30B Coding Model (Huihui-Qwen3-Coder-30B-A3B-Instruct-abliterated.Q4_K_M.gguf)]
  STATUS: Actively downloading 30B coding model chunks (4.66 GiB / 16.7 GiB, 27.9% done) at 0.57 MiB/s
  STREAM: DL: 0.57 MiB/s | ETA: 6h 3m
  ARIA2: RUNNING (PID 295527)
  27B Model: 15.66 GiB / 15.65 GiB (100.0% complete)
  30B Model: 4.66 GiB / 16.7 GiB (27.9% complete)
  8B Model:  0 files staged
  DISK:      /dev/sda1       290G   57G  233G  20% /
----------------------------------------------------------------------------------------
[2026-10-07 23:38:57] [STAGE: 2/3: 30B Coding Model (Huihui-Qwen3-Coder-30B-A3B-Instruct-abliterated.Q4_K_M.gguf)]
  STATUS: Actively downloading 30B coding model chunks (4.66 GiB / 16.7 GiB, 27.9% done) at 0.56 MiB/s
  STREAM: DL: 0.56 MiB/s | ETA: 6h 3m
  ARIA2: RUNNING (PID 295527)
  27B Model: 15.66 GiB / 15.65 GiB (100.0% complete)
  30B Model: 4.66 GiB / 16.7 GiB (27.9% complete)
  8B Model:  0 files staged
  DISK:      /dev/sda1       290G   57G  233G  20% /
----------------------------------------------------------------------------------------
[2026-10-07 23:39:08] [STAGE: 2/3: 30B Coding Model (Huihui-Qwen3-Coder-30B-A3B-Instruct-abliterated.Q4_K_M.gguf)]
  STATUS: Actively downloading 30B coding model chunks (4.67 GiB / 16.7 GiB, 28.0% done) at 0.52 MiB/s
  STREAM: DL: 0.52 MiB/s | ETA: 6h 36m
  ARIA2: RUNNING (PID 295527)
  27B Model: 15.66 GiB / 15.65 GiB (100.0% complete)
  30B Model: 4.67 GiB / 16.7 GiB (28.0% complete)
  8B Model:  0 files staged
  DISK:      /dev/sda1       290G   57G  233G  20% /
----------------------------------------------------------------------------------------
[2026-10-07 23:39:22] [STAGE: 2/3: 30B Coding Model (Huihui-Qwen3-Coder-30B-A3B-Instruct-abliterated.Q4_K_M.gguf)]
  STATUS: Actively downloading 30B coding model chunks (4.68 GiB / 16.7 GiB, 28.0% done) at 0.44 MiB/s
  STREAM: DL: 0.44 MiB/s | ETA: 7h 41m
  ARIA2: RUNNING (PID 295527)
  27B Model: 15.66 GiB / 15.65 GiB (100.0% complete)
  30B Model: 4.68 GiB / 16.7 GiB (28.0% complete)
  8B Model:  0 files staged
  DISK:      /dev/sda1       290G   57G  233G  20% /
----------------------------------------------------------------------------------------
[2026-10-07 23:39:35] [STAGE: 2/3: 30B Coding Model (Huihui-Qwen3-Coder-30B-A3B-Instruct-abliterated.Q4_K_M.gguf)]
  STATUS: Actively downloading 30B coding model chunks (4.68 GiB / 16.7 GiB, 28.0% done) at 0.67 MiB/s
  STREAM: DL: 0.67 MiB/s | ETA: 5h 6m
  ARIA2: RUNNING (PID 295527)
  27B Model: 15.66 GiB / 15.65 GiB (100.0% complete)
  30B Model: 4.68 GiB / 16.7 GiB (28.0% complete)
  8B Model:  0 files staged
  DISK:      /dev/sda1       290G   57G  233G  20% /
----------------------------------------------------------------------------------------
[2026-10-07 23:39:46] [STAGE: 2/3: 30B Coding Model (Huihui-Qwen3-Coder-30B-A3B-Instruct-abliterated.Q4_K_M.gguf)]
  STATUS: Actively downloading 30B coding model chunks (4.69 GiB / 16.7 GiB, 28.1% done) at 0.57 MiB/s
  STREAM: DL: 0.57 MiB/s | ETA: 6h 2m
  ARIA2: RUNNING (PID 295527)
  27B Model: 15.66 GiB / 15.65 GiB (100.0% complete)
  30B Model: 4.69 GiB / 16.7 GiB (28.1% complete)
  8B Model:  0 files staged
  DISK:      /dev/sda1       290G   57G  233G  20% /
----------------------------------------------------------------------------------------
[2026-10-07 23:39:56] [STAGE: 2/3: 30B Coding Model (Huihui-Qwen3-Coder-30B-A3B-Instruct-abliterated.Q4_K_M.gguf)]
  STATUS: Actively downloading 30B coding model chunks (4.7 GiB / 16.7 GiB, 28.1% done) at 0.66 MiB/s
  STREAM: DL: 0.66 MiB/s | ETA: 5h 10m
  ARIA2: RUNNING (PID 295527)
  27B Model: 15.66 GiB / 15.65 GiB (100.0% complete)
  30B Model: 4.7 GiB / 16.7 GiB (28.1% complete)
  8B Model:  0 files staged
  DISK:      /dev/sda1       290G   57G  233G  20% /
----------------------------------------------------------------------------------------
[2026-10-07 23:40:07] [STAGE: 2/3: 30B Coding Model (Huihui-Qwen3-Coder-30B-A3B-Instruct-abliterated.Q4_K_M.gguf)]
  STATUS: Actively downloading 30B coding model chunks (4.71 GiB / 16.7 GiB, 28.2% done) at 0.48 MiB/s
  STREAM: DL: 0.48 MiB/s | ETA: 7h 8m
  ARIA2: RUNNING (PID 295527)
  27B Model: 15.66 GiB / 15.65 GiB (100.0% complete)
  30B Model: 4.71 GiB / 16.7 GiB (28.2% complete)
  8B Model:  0 files staged
  DISK:      /dev/sda1       290G   57G  233G  20% /
----------------------------------------------------------------------------------------
[2026-10-07 23:40:32] [STAGE: 2/3: 30B Coding Model (Huihui-Qwen3-Coder-30B-A3B-Instruct-abliterated.Q4_K_M.gguf)]
  STATUS: Actively downloading 30B coding model chunks (4.71 GiB / 16.7 GiB, 28.2% done) at 0.62 MiB/s
  STREAM: DL: 0.62 MiB/s | ETA: 5h 29m
  ARIA2: RUNNING (PID 295527)
  27B Model: 15.66 GiB / 15.65 GiB (100.0% complete)
  30B Model: 4.71 GiB / 16.7 GiB (28.2% complete)
  8B Model:  0 files staged
  DISK:      /dev/sda1       290G   57G  233G  20% /
----------------------------------------------------------------------------------------
[2026-10-07 23:40:43] [STAGE: 2/3: 30B Coding Model (Huihui-Qwen3-Coder-30B-A3B-Instruct-abliterated.Q4_K_M.gguf)]
  STATUS: Actively downloading 30B coding model chunks (4.72 GiB / 16.71 GiB, 28.3% done) at 0.65 MiB/s
  STREAM: DL: 0.65 MiB/s | ETA: 5h 12m
  ARIA2: RUNNING (PID 295527)
  27B Model: 15.66 GiB / 15.65 GiB (100.0% complete)
  30B Model: 4.72 GiB / 16.71 GiB (28.3% complete)
  8B Model:  0 files staged
  DISK:      /dev/sda1       290G   57G  233G  20% /
----------------------------------------------------------------------------------------
[2026-10-07 23:40:54] [STAGE: 2/3: 30B Coding Model (Huihui-Qwen3-Coder-30B-A3B-Instruct-abliterated.Q4_K_M.gguf)]
  STATUS: Actively downloading 30B coding model chunks (4.73 GiB / 16.71 GiB, 28.3% done) at 0.47 MiB/s
  STREAM: DL: 0.47 MiB/s | ETA: 7h 16m
  ARIA2: RUNNING (PID 295527)
  27B Model: 15.66 GiB / 15.65 GiB (100.0% complete)
  30B Model: 4.73 GiB / 16.71 GiB (28.3% complete)
  8B Model:  0 files staged
  DISK:      /dev/sda1       290G   57G  233G  20% /
----------------------------------------------------------------------------------------
[2026-10-07 23:41:04] [STAGE: 2/3: 30B Coding Model (Huihui-Qwen3-Coder-30B-A3B-Instruct-abliterated.Q4_K_M.gguf)]
  STATUS: Actively downloading 30B coding model chunks (4.73 GiB / 16.71 GiB, 28.3% done) at 0.65 MiB/s
  STREAM: DL: 0.65 MiB/s | ETA: 5h 16m
  ARIA2: RUNNING (PID 295527)
  27B Model: 15.66 GiB / 15.65 GiB (100.0% complete)
  30B Model: 4.73 GiB / 16.71 GiB (28.3% complete)
  8B Model:  0 files staged
  DISK:      /dev/sda1       290G   57G  233G  20% /
----------------------------------------------------------------------------------------
[2026-10-07 23:41:15] [STAGE: 2/3: 30B Coding Model (Huihui-Qwen3-Coder-30B-A3B-Instruct-abliterated.Q4_K_M.gguf)]
  STATUS: Actively downloading 30B coding model chunks (4.74 GiB / 16.71 GiB, 28.4% done) at 0.50 MiB/s
  STREAM: DL: 0.50 MiB/s | ETA: 6h 49m
  ARIA2: RUNNING (PID 295527)
  27B Model: 15.66 GiB / 15.65 GiB (100.0% complete)
  30B Model: 4.74 GiB / 16.71 GiB (28.4% complete)
  8B Model:  0 files staged
  DISK:      /dev/sda1       290G   57G  233G  20% /
----------------------------------------------------------------------------------------
[2026-10-07 23:41:25] [STAGE: 2/3: 30B Coding Model (Huihui-Qwen3-Coder-30B-A3B-Instruct-abliterated.Q4_K_M.gguf)]
  STATUS: Actively downloading 30B coding model chunks (4.74 GiB / 16.71 GiB, 28.4% done) at 0.57 MiB/s
  STREAM: DL: 0.57 MiB/s | ETA: 5h 58m
  ARIA2: RUNNING (PID 295527)
  27B Model: 15.66 GiB / 15.65 GiB (100.0% complete)
  30B Model: 4.74 GiB / 16.71 GiB (28.4% complete)
  8B Model:  0 files staged
  DISK:      /dev/sda1       290G   57G  233G  20% /
----------------------------------------------------------------------------------------
[2026-10-07 23:41:36] [STAGE: 2/3: 30B Coding Model (Huihui-Qwen3-Coder-30B-A3B-Instruct-abliterated.Q4_K_M.gguf)]
  STATUS: Actively downloading 30B coding model chunks (4.75 GiB / 16.71 GiB, 28.4% done) at 0.57 MiB/s
  STREAM: DL: 0.57 MiB/s | ETA: 5h 58m
  ARIA2: RUNNING (PID 295527)
  27B Model: 15.66 GiB / 15.65 GiB (100.0% complete)
  30B Model: 4.75 GiB / 16.71 GiB (28.4% complete)
  8B Model:  0 files staged
  DISK:      /dev/sda1       290G   57G  233G  20% /
----------------------------------------------------------------------------------------
[2026-10-07 23:41:47] [STAGE: 2/3: 30B Coding Model (Huihui-Qwen3-Coder-30B-A3B-Instruct-abliterated.Q4_K_M.gguf)]
  STATUS: Actively downloading 30B coding model chunks (4.75 GiB / 16.71 GiB, 28.5% done) at 0.50 MiB/s
  STREAM: DL: 0.50 MiB/s | ETA: 6h 45m
  ARIA2: RUNNING (PID 295527)
  27B Model: 15.66 GiB / 15.65 GiB (100.0% complete)
  30B Model: 4.75 GiB / 16.71 GiB (28.5% complete)
  8B Model:  0 files staged
  DISK:      /dev/sda1       290G   57G  233G  20% /
----------------------------------------------------------------------------------------
[2026-10-07 23:41:58] [STAGE: 2/3: 30B Coding Model (Huihui-Qwen3-Coder-30B-A3B-Instruct-abliterated.Q4_K_M.gguf)]
  STATUS: Actively downloading 30B coding model chunks (4.77 GiB / 16.71 GiB, 28.5% done) at 0.88 MiB/s
  STREAM: DL: 0.88 MiB/s | ETA: 3h 51m
  ARIA2: RUNNING (PID 295527)
  27B Model: 15.66 GiB / 15.65 GiB (100.0% complete)
  30B Model: 4.77 GiB / 16.71 GiB (28.5% complete)
  8B Model:  0 files staged
  DISK:      /dev/sda1       290G   57G  233G  20% /
----------------------------------------------------------------------------------------
[2026-10-07 23:42:10] [STAGE: 2/3: 30B Coding Model (Huihui-Qwen3-Coder-30B-A3B-Instruct-abliterated.Q4_K_M.gguf)]
  STATUS: Actively downloading 30B coding model chunks (4.77 GiB / 16.71 GiB, 28.5% done) at 0.34 MiB/s
  STREAM: DL: 0.34 MiB/s | ETA: 10h 5m
  ARIA2: RUNNING (PID 295527)
  27B Model: 15.66 GiB / 15.65 GiB (100.0% complete)
  30B Model: 4.77 GiB / 16.71 GiB (28.5% complete)
  8B Model:  0 files staged
  DISK:      /dev/sda1       290G   57G  233G  20% /
----------------------------------------------------------------------------------------
[2026-10-07 23:42:21] [STAGE: 2/3: 30B Coding Model (Huihui-Qwen3-Coder-30B-A3B-Instruct-abliterated.Q4_K_M.gguf)]
  STATUS: Actively downloading 30B coding model chunks (4.78 GiB / 16.71 GiB, 28.6% done) at 0.54 MiB/s
  STREAM: DL: 0.54 MiB/s | ETA: 6h 19m
  ARIA2: RUNNING (PID 295527)
  27B Model: 15.66 GiB / 15.65 GiB (100.0% complete)
  30B Model: 4.78 GiB / 16.71 GiB (28.6% complete)
  8B Model:  0 files staged
  DISK:      /dev/sda1       290G   57G  233G  20% /
----------------------------------------------------------------------------------------
[2026-10-07 23:42:34] [STAGE: 2/3: 30B Coding Model (Huihui-Qwen3-Coder-30B-A3B-Instruct-abliterated.Q4_K_M.gguf)]
  STATUS: Actively downloading 30B coding model chunks (4.78 GiB / 16.71 GiB, 28.6% done) at 0.58 MiB/s
  STREAM: DL: 0.58 MiB/s | ETA: 5h 53m
  ARIA2: RUNNING (PID 295527)
  27B Model: 15.66 GiB / 15.65 GiB (100.0% complete)
  30B Model: 4.78 GiB / 16.71 GiB (28.6% complete)
  8B Model:  0 files staged
  DISK:      /dev/sda1       290G   57G  233G  20% /
----------------------------------------------------------------------------------------
[2026-10-07 23:42:46] [STAGE: 2/3: 30B Coding Model (Huihui-Qwen3-Coder-30B-A3B-Instruct-abliterated.Q4_K_M.gguf)]
  STATUS: Actively downloading 30B coding model chunks (4.79 GiB / 16.72 GiB, 28.6% done) at 0.67 MiB/s
  STREAM: DL: 0.67 MiB/s | ETA: 5h 4m
  ARIA2: RUNNING (PID 295527)
  27B Model: 15.66 GiB / 15.65 GiB (100.0% complete)
  30B Model: 4.79 GiB / 16.72 GiB (28.6% complete)
  8B Model:  0 files staged
  DISK:      /dev/sda1       290G   57G  233G  20% /
----------------------------------------------------------------------------------------
[2026-10-07 23:42:56] [STAGE: 2/3: 30B Coding Model (Huihui-Qwen3-Coder-30B-A3B-Instruct-abliterated.Q4_K_M.gguf)]
  STATUS: Actively downloading 30B coding model chunks (4.79 GiB / 16.72 GiB, 28.7% done) at 0.47 MiB/s
  STREAM: DL: 0.47 MiB/s | ETA: 7h 12m
  ARIA2: RUNNING (PID 295527)
  27B Model: 15.66 GiB / 15.65 GiB (100.0% complete)
  30B Model: 4.79 GiB / 16.72 GiB (28.7% complete)
  8B Model:  0 files staged
  DISK:      /dev/sda1       290G   57G  233G  20% /
----------------------------------------------------------------------------------------

========================================================================================
  AI-LAB MODEL JAIL LIVE DOWNLOAD MONITOR & AUDIT LOG
  Target Jail: /srv/nwa-model/models
  Started: 2026-10-08 07:56:54
========================================================================================
[2026-10-08 07:56:54] [STAGE: 2/3: 30B Coding Model (Huihui-Qwen3-Coder-30B-A3B-Instruct-abliterated.Q4_K_M.gguf)]
  STATUS: Actively downloading 30B coding model chunks (9.29 GiB / 16.9 GiB, 55.0% done) at 28.42 MiB/s
  STREAM: DL: 28.42 MiB/s | ETA: 4m
  ARIA2: RUNNING (PID 363694)
  27B Model: 15.66 GiB / 15.65 GiB (100.0% complete)
  30B Model: 9.29 GiB / 16.9 GiB (55.0% complete)
  8B Model:  14.45 GiB / 15.26 GiB (94.7% complete, 12 files)
  DISK:      /dev/sda1       290G   77G  214G  27% /
----------------------------------------------------------------------------------------
[2026-10-08 07:57:06] [STAGE: 2/3: 30B Coding Model (Huihui-Qwen3-Coder-30B-A3B-Instruct-abliterated.Q4_K_M.gguf)]
  STATUS: Actively downloading 30B coding model chunks (9.61 GiB / 16.96 GiB, 56.6% done) at 27.59 MiB/s
  STREAM: DL: 27.59 MiB/s | ETA: 4m
  ARIA2: RUNNING (PID 363694)
  27B Model: 15.66 GiB / 15.65 GiB (100.0% complete)
  30B Model: 9.61 GiB / 16.96 GiB (56.6% complete)
  8B Model:  14.45 GiB / 15.26 GiB (94.7% complete, 12 files)
  DISK:      /dev/sda1       290G   77G  214G  27% /
----------------------------------------------------------------------------------------
[2026-10-08 07:57:17] [STAGE: 2/3: 30B Coding Model (Huihui-Qwen3-Coder-30B-A3B-Instruct-abliterated.Q4_K_M.gguf)]
  STATUS: Actively downloading 30B coding model chunks (9.91 GiB / 17.01 GiB, 58.2% done) at 27.19 MiB/s
  STREAM: DL: 27.19 MiB/s | ETA: 4m
  ARIA2: RUNNING (PID 363694)
  27B Model: 15.66 GiB / 15.65 GiB (100.0% complete)
  30B Model: 9.91 GiB / 17.01 GiB (58.2% complete)
  8B Model:  14.45 GiB / 15.26 GiB (94.7% complete, 12 files)
  DISK:      /dev/sda1       290G   77G  213G  27% /
----------------------------------------------------------------------------------------
[2026-10-08 07:57:28] [STAGE: 2/3: 30B Coding Model (Huihui-Qwen3-Coder-30B-A3B-Instruct-abliterated.Q4_K_M.gguf)]
  STATUS: Actively downloading 30B coding model chunks (10.3 GiB / 17.06 GiB, 60.4% done) at 29.80 MiB/s
  STREAM: DL: 29.80 MiB/s | ETA: 3m
  ARIA2: RUNNING (PID 363694)
  27B Model: 15.66 GiB / 15.65 GiB (100.0% complete)
  30B Model: 10.3 GiB / 17.06 GiB (60.4% complete)
  8B Model:  14.45 GiB / 15.26 GiB (94.7% complete, 12 files)
  DISK:      /dev/sda1       290G   78G  213G  27% /
----------------------------------------------------------------------------------------
[2026-10-08 07:57:42] [STAGE: 2/3: 30B Coding Model (Huihui-Qwen3-Coder-30B-A3B-Instruct-abliterated.Q4_K_M.gguf)]
  STATUS: Actively downloading 30B coding model chunks (10.68 GiB / 17.11 GiB, 62.5% done) at 30.04 MiB/s
  STREAM: DL: 30.04 MiB/s | ETA: 3m
  ARIA2: RUNNING (PID 363694)
  27B Model: 15.66 GiB / 15.65 GiB (100.0% complete)
  30B Model: 10.68 GiB / 17.11 GiB (62.5% complete)
  8B Model:  14.45 GiB / 15.26 GiB (94.7% complete, 12 files)
  DISK:      /dev/sda1       290G   78G  212G  27% /
----------------------------------------------------------------------------------------
[2026-10-08 07:57:55] [STAGE: 2/3: 30B Coding Model (Huihui-Qwen3-Coder-30B-A3B-Instruct-abliterated.Q4_K_M.gguf)]
  STATUS: Actively downloading 30B coding model chunks (10.99 GiB / 17.16 GiB, 64.1% done) at 25.58 MiB/s
  STREAM: DL: 25.58 MiB/s | ETA: 4m
  ARIA2: RUNNING (PID 363694)
  27B Model: 15.66 GiB / 15.65 GiB (100.0% complete)
  30B Model: 10.99 GiB / 17.16 GiB (64.1% complete)
  8B Model:  14.45 GiB / 15.26 GiB (94.7% complete, 12 files)
  DISK:      /dev/sda1       290G   78G  212G  27% /
----------------------------------------------------------------------------------------

========================================================================================
  AI-LAB MODEL JAIL LIVE DOWNLOAD MONITOR & AUDIT LOG
  Target Jail: /srv/nwa-model/models
  Started: 2026-10-08 07:58:26
========================================================================================
[2026-10-08 07:58:26] [STAGE: 2/3: 30B Coding Model (Huihui-Qwen3-Coder-30B-A3B-Instruct-abliterated.Q4_K_M.gguf)]
  STATUS: Actively downloading 30B coding model chunks (11.87 GiB / 17.28 GiB, 68.7% done) at 28.57 MiB/s
  STREAM: DL: 28.57 MiB/s | ETA: 3m
  ARIA2: RUNNING (PID 363694)
  27B Model: 15.66 GiB / 15.65 GiB (100.0% complete)
  30B Model: 11.87 GiB / 17.28 GiB (68.7% complete)
  8B Model:  14.45 GiB / 15.26 GiB (94.7% complete, 12 files)
  DISK:      /dev/sda1       290G   79G  211G  28% /
----------------------------------------------------------------------------------------
[2026-10-08 07:58:39] [STAGE: 2/3: 30B Coding Model (Huihui-Qwen3-Coder-30B-A3B-Instruct-abliterated.Q4_K_M.gguf)]
  STATUS: Actively downloading 30B coding model chunks (11.94 GiB / 17.28 GiB, 69.1% done) at 6.99 MiB/s
  STREAM: DL: 6.99 MiB/s | ETA: 13m
  ARIA2: RUNNING (PID 363694)
  27B Model: 15.66 GiB / 15.65 GiB (100.0% complete)
  30B Model: 11.94 GiB / 17.28 GiB (69.1% complete)
  8B Model:  14.45 GiB / 15.26 GiB (94.7% complete, 12 files)
  DISK:      /dev/sda1       290G   79G  211G  28% /
----------------------------------------------------------------------------------------
[2026-10-08 07:58:50] [STAGE: 2/3: 30B Coding Model (Huihui-Qwen3-Coder-30B-A3B-Instruct-abliterated.Q4_K_M.gguf)]
  STATUS: Actively downloading 30B coding model chunks (12.05 GiB / 17.28 GiB, 69.7% done) at 9.33 MiB/s
  STREAM: DL: 9.33 MiB/s | ETA: 9m
  ARIA2: RUNNING (PID 363694)
  27B Model: 15.66 GiB / 15.65 GiB (100.0% complete)
  30B Model: 12.05 GiB / 17.28 GiB (69.7% complete)
  8B Model:  14.45 GiB / 15.26 GiB (94.7% complete, 12 files)
  DISK:      /dev/sda1       290G   79G  211G  28% /
----------------------------------------------------------------------------------------
[2026-10-08 07:59:02] [STAGE: 2/3: 30B Coding Model (Huihui-Qwen3-Coder-30B-A3B-Instruct-abliterated.Q4_K_M.gguf)]
  STATUS: Actively downloading 30B coding model chunks (12.15 GiB / 17.28 GiB, 70.3% done) at 8.44 MiB/s
  STREAM: DL: 8.44 MiB/s | ETA: 10m
  ARIA2: RUNNING (PID 363694)
  27B Model: 15.66 GiB / 15.65 GiB (100.0% complete)
  30B Model: 12.15 GiB / 17.28 GiB (70.3% complete)
  8B Model:  14.45 GiB / 15.26 GiB (94.7% complete, 12 files)
  DISK:      /dev/sda1       290G   80G  211G  28% /
----------------------------------------------------------------------------------------
[2026-10-08 07:59:14] [STAGE: 2/3: 30B Coding Model (Huihui-Qwen3-Coder-30B-A3B-Instruct-abliterated.Q4_K_M.gguf)]
  STATUS: Actively downloading 30B coding model chunks (12.25 GiB / 17.28 GiB, 70.9% done) at 9.07 MiB/s
  STREAM: DL: 9.07 MiB/s | ETA: 9m
  ARIA2: RUNNING (PID 363694)
  27B Model: 15.66 GiB / 15.65 GiB (100.0% complete)
  30B Model: 12.25 GiB / 17.28 GiB (70.9% complete)
  8B Model:  14.45 GiB / 15.26 GiB (94.7% complete, 12 files)
  DISK:      /dev/sda1       290G   80G  211G  28% /
----------------------------------------------------------------------------------------
[2026-10-08 07:59:26] [STAGE: 2/3: 30B Coding Model (Huihui-Qwen3-Coder-30B-A3B-Instruct-abliterated.Q4_K_M.gguf)]
  STATUS: Actively downloading 30B coding model chunks (12.38 GiB / 17.28 GiB, 71.6% done) at 8.51 MiB/s
  STREAM: DL: 8.51 MiB/s | ETA: 9m
  ARIA2: RUNNING (PID 363694)
  27B Model: 15.66 GiB / 15.65 GiB (100.0% complete)
  30B Model: 12.38 GiB / 17.28 GiB (71.6% complete)
  8B Model:  14.45 GiB / 15.26 GiB (94.7% complete, 12 files)
  DISK:      /dev/sda1       290G   80G  211G  28% /
----------------------------------------------------------------------------------------
[2026-10-08 07:59:41] [STAGE: 2/3: 30B Coding Model (Huihui-Qwen3-Coder-30B-A3B-Instruct-abliterated.Q4_K_M.gguf)]
  STATUS: Actively downloading 30B coding model chunks (12.48 GiB / 17.28 GiB, 72.2% done) at 8.71 MiB/s
  STREAM: DL: 8.71 MiB/s | ETA: 9m
  ARIA2: RUNNING (PID 363694)
  27B Model: 15.66 GiB / 15.65 GiB (100.0% complete)
  30B Model: 12.48 GiB / 17.28 GiB (72.2% complete)
  8B Model:  14.45 GiB / 15.26 GiB (94.7% complete, 12 files)
  DISK:      /dev/sda1       290G   80G  211G  28% /
----------------------------------------------------------------------------------------
[2026-10-08 07:59:52] [STAGE: 2/3: 30B Coding Model (Huihui-Qwen3-Coder-30B-A3B-Instruct-abliterated.Q4_K_M.gguf)]
  STATUS: Actively downloading 30B coding model chunks (12.57 GiB / 17.28 GiB, 72.8% done) at 9.10 MiB/s
  STREAM: DL: 9.10 MiB/s | ETA: 8m
  ARIA2: RUNNING (PID 363694)
  27B Model: 15.66 GiB / 15.65 GiB (100.0% complete)
  30B Model: 12.57 GiB / 17.28 GiB (72.8% complete)
  8B Model:  14.45 GiB / 15.26 GiB (94.7% complete, 12 files)
  DISK:      /dev/sda1       290G   80G  211G  28% /
----------------------------------------------------------------------------------------
[2026-10-08 08:00:03] [STAGE: 2/3: 30B Coding Model (Huihui-Qwen3-Coder-30B-A3B-Instruct-abliterated.Q4_K_M.gguf)]
  STATUS: Actively downloading 30B coding model chunks (12.68 GiB / 17.28 GiB, 73.4% done) at 9.45 MiB/s
  STREAM: DL: 9.45 MiB/s | ETA: 8m
  ARIA2: RUNNING (PID 363694)
  27B Model: 15.66 GiB / 15.65 GiB (100.0% complete)
  30B Model: 12.68 GiB / 17.28 GiB (73.4% complete)
  8B Model:  14.45 GiB / 15.26 GiB (94.7% complete, 12 files)
  DISK:      /dev/sda1       290G   80G  210G  28% /
----------------------------------------------------------------------------------------
[2026-10-08 08:00:15] [STAGE: 2/3: 30B Coding Model (Huihui-Qwen3-Coder-30B-A3B-Instruct-abliterated.Q4_K_M.gguf)]
  STATUS: Actively downloading 30B coding model chunks (12.77 GiB / 17.28 GiB, 73.9% done) at 8.48 MiB/s
  STREAM: DL: 8.48 MiB/s | ETA: 9m
  ARIA2: RUNNING (PID 363694)
  27B Model: 15.66 GiB / 15.65 GiB (100.0% complete)
  30B Model: 12.77 GiB / 17.28 GiB (73.9% complete)
  8B Model:  14.45 GiB / 15.26 GiB (94.7% complete, 12 files)
  DISK:      /dev/sda1       290G   80G  210G  28% /
----------------------------------------------------------------------------------------
[2026-10-08 08:00:26] [STAGE: 2/3: 30B Coding Model (Huihui-Qwen3-Coder-30B-A3B-Instruct-abliterated.Q4_K_M.gguf)]
  STATUS: Actively downloading 30B coding model chunks (12.87 GiB / 17.28 GiB, 74.5% done) at 8.03 MiB/s
  STREAM: DL: 8.03 MiB/s | ETA: 9m
  ARIA2: RUNNING (PID 363694)
  27B Model: 15.66 GiB / 15.65 GiB (100.0% complete)
  30B Model: 12.87 GiB / 17.28 GiB (74.5% complete)
  8B Model:  14.45 GiB / 15.26 GiB (94.7% complete, 12 files)
  DISK:      /dev/sda1       290G   80G  210G  28% /
----------------------------------------------------------------------------------------
[2026-10-08 08:00:38] [STAGE: 2/3: 30B Coding Model (Huihui-Qwen3-Coder-30B-A3B-Instruct-abliterated.Q4_K_M.gguf)]
  STATUS: Actively downloading 30B coding model chunks (12.96 GiB / 17.28 GiB, 75.0% done) at 8.41 MiB/s
  STREAM: DL: 8.41 MiB/s | ETA: 8m
  ARIA2: RUNNING (PID 363694)
  27B Model: 15.66 GiB / 15.65 GiB (100.0% complete)
  30B Model: 12.96 GiB / 17.28 GiB (75.0% complete)
  8B Model:  14.45 GiB / 15.26 GiB (94.7% complete, 12 files)
  DISK:      /dev/sda1       290G   80G  210G  28% /
----------------------------------------------------------------------------------------
[2026-10-08 08:00:50] [STAGE: 2/3: 30B Coding Model (Huihui-Qwen3-Coder-30B-A3B-Instruct-abliterated.Q4_K_M.gguf)]
  STATUS: Actively downloading 30B coding model chunks (13.05 GiB / 17.28 GiB, 75.5% done) at 8.26 MiB/s
  STREAM: DL: 8.26 MiB/s | ETA: 8m
  ARIA2: RUNNING (PID 363694)
  27B Model: 15.66 GiB / 15.65 GiB (100.0% complete)
  30B Model: 13.05 GiB / 17.28 GiB (75.5% complete)
  8B Model:  14.45 GiB / 15.26 GiB (94.7% complete, 12 files)
  DISK:      /dev/sda1       290G   80G  210G  28% /
----------------------------------------------------------------------------------------
[2026-10-08 08:01:01] [STAGE: 2/3: 30B Coding Model (Huihui-Qwen3-Coder-30B-A3B-Instruct-abliterated.Q4_K_M.gguf)]
  STATUS: Actively downloading 30B coding model chunks (13.15 GiB / 17.28 GiB, 76.1% done) at 8.29 MiB/s
  STREAM: DL: 8.29 MiB/s | ETA: 8m
  ARIA2: RUNNING (PID 363694)
  27B Model: 15.66 GiB / 15.65 GiB (100.0% complete)
  30B Model: 13.15 GiB / 17.28 GiB (76.1% complete)
  8B Model:  14.45 GiB / 15.26 GiB (94.7% complete, 12 files)
  DISK:      /dev/sda1       290G   81G  210G  28% /
----------------------------------------------------------------------------------------
[2026-10-08 08:01:12] [STAGE: 2/3: 30B Coding Model (Huihui-Qwen3-Coder-30B-A3B-Instruct-abliterated.Q4_K_M.gguf)]
  STATUS: Actively downloading 30B coding model chunks (13.24 GiB / 17.28 GiB, 76.6% done) at 8.36 MiB/s
  STREAM: DL: 8.36 MiB/s | ETA: 8m
  ARIA2: RUNNING (PID 363694)
  27B Model: 15.66 GiB / 15.65 GiB (100.0% complete)
  30B Model: 13.24 GiB / 17.28 GiB (76.6% complete)
  8B Model:  14.45 GiB / 15.26 GiB (94.7% complete, 12 files)
  DISK:      /dev/sda1       290G   81G  210G  28% /
----------------------------------------------------------------------------------------
[2026-10-08 08:01:24] [STAGE: 2/3: 30B Coding Model (Huihui-Qwen3-Coder-30B-A3B-Instruct-abliterated.Q4_K_M.gguf)]
  STATUS: Actively downloading 30B coding model chunks (13.31 GiB / 17.28 GiB, 77.0% done) at 5.04 MiB/s
  STREAM: DL: 5.04 MiB/s | ETA: 13m
  ARIA2: RUNNING (PID 363694)
  27B Model: 15.66 GiB / 15.65 GiB (100.0% complete)
  30B Model: 13.31 GiB / 17.28 GiB (77.0% complete)
  8B Model:  14.45 GiB / 15.26 GiB (94.7% complete, 12 files)
  DISK:      /dev/sda1       290G   81G  210G  28% /
----------------------------------------------------------------------------------------
[2026-10-08 08:01:38] [STAGE: 2/3: 30B Coding Model (Huihui-Qwen3-Coder-30B-A3B-Instruct-abliterated.Q4_K_M.gguf)]
  STATUS: Actively downloading 30B coding model chunks (13.4 GiB / 17.28 GiB, 77.5% done) at 7.72 MiB/s
  STREAM: DL: 7.72 MiB/s | ETA: 8m
  ARIA2: RUNNING (PID 363694)
  27B Model: 15.66 GiB / 15.65 GiB (100.0% complete)
  30B Model: 13.4 GiB / 17.28 GiB (77.5% complete)
  8B Model:  14.45 GiB / 15.26 GiB (94.7% complete, 12 files)
  DISK:      /dev/sda1       290G   81G  210G  28% /
----------------------------------------------------------------------------------------
[2026-10-08 08:01:50] [STAGE: 2/3: 30B Coding Model (Huihui-Qwen3-Coder-30B-A3B-Instruct-abliterated.Q4_K_M.gguf)]
  STATUS: Actively downloading 30B coding model chunks (13.47 GiB / 17.28 GiB, 78.0% done) at 6.79 MiB/s
  STREAM: DL: 6.79 MiB/s | ETA: 9m
  ARIA2: RUNNING (PID 363694)
  27B Model: 15.66 GiB / 15.65 GiB (100.0% complete)
  30B Model: 13.47 GiB / 17.28 GiB (78.0% complete)
  8B Model:  14.45 GiB / 15.26 GiB (94.7% complete, 12 files)
  DISK:      /dev/sda1       290G   81G  210G  28% /
----------------------------------------------------------------------------------------
[2026-10-08 08:02:01] [STAGE: 2/3: 30B Coding Model (Huihui-Qwen3-Coder-30B-A3B-Instruct-abliterated.Q4_K_M.gguf)]
  STATUS: Actively downloading 30B coding model chunks (13.56 GiB / 17.28 GiB, 78.5% done) at 7.31 MiB/s
  STREAM: DL: 7.31 MiB/s | ETA: 8m
  ARIA2: RUNNING (PID 363694)
  27B Model: 15.66 GiB / 15.65 GiB (100.0% complete)
  30B Model: 13.56 GiB / 17.28 GiB (78.5% complete)
  8B Model:  14.45 GiB / 15.26 GiB (94.7% complete, 12 files)
  DISK:      /dev/sda1       290G   81G  210G  28% /
----------------------------------------------------------------------------------------
[2026-10-08 08:02:13] [STAGE: 2/3: 30B Coding Model (Huihui-Qwen3-Coder-30B-A3B-Instruct-abliterated.Q4_K_M.gguf)]
  STATUS: Actively downloading 30B coding model chunks (13.62 GiB / 17.28 GiB, 78.8% done) at 5.48 MiB/s
  STREAM: DL: 5.48 MiB/s | ETA: 11m
  ARIA2: RUNNING (PID 363694)
  27B Model: 15.66 GiB / 15.65 GiB (100.0% complete)
  30B Model: 13.62 GiB / 17.28 GiB (78.8% complete)
  8B Model:  14.45 GiB / 15.26 GiB (94.7% complete, 12 files)
  DISK:      /dev/sda1       290G   81G  209G  28% /
----------------------------------------------------------------------------------------
[2026-10-08 08:02:25] [STAGE: 2/3: 30B Coding Model (Huihui-Qwen3-Coder-30B-A3B-Instruct-abliterated.Q4_K_M.gguf)]
  STATUS: Actively downloading 30B coding model chunks (13.69 GiB / 17.28 GiB, 79.2% done) at 6.38 MiB/s
  STREAM: DL: 6.38 MiB/s | ETA: 9m
  ARIA2: RUNNING (PID 363694)
  27B Model: 15.66 GiB / 15.65 GiB (100.0% complete)
  30B Model: 13.69 GiB / 17.28 GiB (79.2% complete)
  8B Model:  14.45 GiB / 15.26 GiB (94.7% complete, 12 files)
  DISK:      /dev/sda1       290G   81G  209G  28% /
----------------------------------------------------------------------------------------
[2026-10-08 08:02:36] [STAGE: 2/3: 30B Coding Model (Huihui-Qwen3-Coder-30B-A3B-Instruct-abliterated.Q4_K_M.gguf)]
  STATUS: Actively downloading 30B coding model chunks (13.78 GiB / 17.28 GiB, 79.7% done) at 7.43 MiB/s
  STREAM: DL: 7.43 MiB/s | ETA: 8m
  ARIA2: RUNNING (PID 363694)
  27B Model: 15.66 GiB / 15.65 GiB (100.0% complete)
  30B Model: 13.78 GiB / 17.28 GiB (79.7% complete)
  8B Model:  14.45 GiB / 15.26 GiB (94.7% complete, 12 files)
  DISK:      /dev/sda1       290G   81G  209G  28% /
----------------------------------------------------------------------------------------
[2026-10-08 08:02:48] [STAGE: 2/3: 30B Coding Model (Huihui-Qwen3-Coder-30B-A3B-Instruct-abliterated.Q4_K_M.gguf)]
  STATUS: Actively downloading 30B coding model chunks (13.86 GiB / 17.28 GiB, 80.2% done) at 7.87 MiB/s
  STREAM: DL: 7.87 MiB/s | ETA: 7m
  ARIA2: RUNNING (PID 363694)
  27B Model: 15.66 GiB / 15.65 GiB (100.0% complete)
  30B Model: 13.86 GiB / 17.28 GiB (80.2% complete)
  8B Model:  14.45 GiB / 15.26 GiB (94.7% complete, 12 files)
  DISK:      /dev/sda1       290G   81G  209G  28% /
----------------------------------------------------------------------------------------
[2026-10-08 08:02:59] [STAGE: 2/3: 30B Coding Model (Huihui-Qwen3-Coder-30B-A3B-Instruct-abliterated.Q4_K_M.gguf)]
  STATUS: Actively downloading 30B coding model chunks (13.95 GiB / 17.28 GiB, 80.7% done) at 7.70 MiB/s
  STREAM: DL: 7.70 MiB/s | ETA: 7m
  ARIA2: RUNNING (PID 363694)
  27B Model: 15.66 GiB / 15.65 GiB (100.0% complete)
  30B Model: 13.95 GiB / 17.28 GiB (80.7% complete)
  8B Model:  14.45 GiB / 15.26 GiB (94.7% complete, 12 files)
  DISK:      /dev/sda1       290G   81G  209G  28% /
----------------------------------------------------------------------------------------
[2026-10-08 08:03:10] [STAGE: 2/3: 30B Coding Model (Huihui-Qwen3-Coder-30B-A3B-Instruct-abliterated.Q4_K_M.gguf)]
  STATUS: Actively downloading 30B coding model chunks (14.03 GiB / 17.28 GiB, 81.2% done) at 7.51 MiB/s
  STREAM: DL: 7.51 MiB/s | ETA: 7m
  ARIA2: RUNNING (PID 363694)
  27B Model: 15.66 GiB / 15.65 GiB (100.0% complete)
  30B Model: 14.03 GiB / 17.28 GiB (81.2% complete)
  8B Model:  14.45 GiB / 15.26 GiB (94.7% complete, 12 files)
  DISK:      /dev/sda1       290G   81G  209G  28% /
----------------------------------------------------------------------------------------
[2026-10-08 08:03:22] [STAGE: 2/3: 30B Coding Model (Huihui-Qwen3-Coder-30B-A3B-Instruct-abliterated.Q4_K_M.gguf)]
  STATUS: Actively downloading 30B coding model chunks (14.12 GiB / 17.28 GiB, 81.7% done) at 7.24 MiB/s
  STREAM: DL: 7.24 MiB/s | ETA: 7m
  ARIA2: RUNNING (PID 363694)
  27B Model: 15.66 GiB / 15.65 GiB (100.0% complete)
  30B Model: 14.12 GiB / 17.28 GiB (81.7% complete)
  8B Model:  14.45 GiB / 15.26 GiB (94.7% complete, 12 files)
  DISK:      /dev/sda1       290G   82G  209G  28% /
----------------------------------------------------------------------------------------
[2026-10-08 08:03:33] [STAGE: 2/3: 30B Coding Model (Huihui-Qwen3-Coder-30B-A3B-Instruct-abliterated.Q4_K_M.gguf)]
  STATUS: Actively downloading 30B coding model chunks (14.2 GiB / 17.28 GiB, 82.2% done) at 7.96 MiB/s
  STREAM: DL: 7.96 MiB/s | ETA: 6m
  ARIA2: RUNNING (PID 363694)
  27B Model: 15.66 GiB / 15.65 GiB (100.0% complete)
  30B Model: 14.2 GiB / 17.28 GiB (82.2% complete)
  8B Model:  14.45 GiB / 15.26 GiB (94.7% complete, 12 files)
  DISK:      /dev/sda1       290G   82G  209G  29% /
----------------------------------------------------------------------------------------
[2026-10-08 08:03:45] [STAGE: 2/3: 30B Coding Model (Huihui-Qwen3-Coder-30B-A3B-Instruct-abliterated.Q4_K_M.gguf)]
  STATUS: Actively downloading 30B coding model chunks (14.26 GiB / 17.28 GiB, 82.5% done) at 4.83 MiB/s
  STREAM: DL: 4.83 MiB/s | ETA: 10m
  ARIA2: RUNNING (PID 363694)
  27B Model: 15.66 GiB / 15.65 GiB (100.0% complete)
  30B Model: 14.26 GiB / 17.28 GiB (82.5% complete)
  8B Model:  14.45 GiB / 15.26 GiB (94.7% complete, 12 files)
  DISK:      /dev/sda1       290G   82G  209G  29% /
----------------------------------------------------------------------------------------
[2026-10-08 08:03:57] [STAGE: 2/3: 30B Coding Model (Huihui-Qwen3-Coder-30B-A3B-Instruct-abliterated.Q4_K_M.gguf)]
  STATUS: Actively downloading 30B coding model chunks (14.3 GiB / 17.28 GiB, 82.7% done) at 3.19 MiB/s
  STREAM: DL: 3.19 MiB/s | ETA: 15m
  ARIA2: RUNNING (PID 363694)
  27B Model: 15.66 GiB / 15.65 GiB (100.0% complete)
  30B Model: 14.3 GiB / 17.28 GiB (82.7% complete)
  8B Model:  14.45 GiB / 15.26 GiB (94.7% complete, 12 files)
  DISK:      /dev/sda1       290G   82G  209G  29% /
----------------------------------------------------------------------------------------
[2026-10-08 08:04:09] [STAGE: 2/3: 30B Coding Model (Huihui-Qwen3-Coder-30B-A3B-Instruct-abliterated.Q4_K_M.gguf)]
  STATUS: Actively downloading 30B coding model chunks (14.35 GiB / 17.28 GiB, 83.0% done) at 4.27 MiB/s
  STREAM: DL: 4.27 MiB/s | ETA: 11m
  ARIA2: RUNNING (PID 363694)
  27B Model: 15.66 GiB / 15.65 GiB (100.0% complete)
  30B Model: 14.35 GiB / 17.28 GiB (83.0% complete)
  8B Model:  14.45 GiB / 15.26 GiB (94.7% complete, 12 files)
  DISK:      /dev/sda1       290G   82G  209G  29% /
----------------------------------------------------------------------------------------
[2026-10-08 08:04:20] [STAGE: 2/3: 30B Coding Model (Huihui-Qwen3-Coder-30B-A3B-Instruct-abliterated.Q4_K_M.gguf)]
  STATUS: Actively downloading 30B coding model chunks (14.42 GiB / 17.28 GiB, 83.4% done) at 6.17 MiB/s
  STREAM: DL: 6.17 MiB/s | ETA: 7m
  ARIA2: RUNNING (PID 363694)
  27B Model: 15.66 GiB / 15.65 GiB (100.0% complete)
  30B Model: 14.42 GiB / 17.28 GiB (83.4% complete)
  8B Model:  14.45 GiB / 15.26 GiB (94.7% complete, 12 files)
  DISK:      /dev/sda1       290G   82G  209G  29% /
----------------------------------------------------------------------------------------
[2026-10-08 08:04:32] [STAGE: 2/3: 30B Coding Model (Huihui-Qwen3-Coder-30B-A3B-Instruct-abliterated.Q4_K_M.gguf)]
  STATUS: Actively downloading 30B coding model chunks (14.5 GiB / 17.28 GiB, 83.9% done) at 7.95 MiB/s
  STREAM: DL: 7.95 MiB/s | ETA: 5m
  ARIA2: RUNNING (PID 363694)
  27B Model: 15.66 GiB / 15.65 GiB (100.0% complete)
  30B Model: 14.5 GiB / 17.28 GiB (83.9% complete)
  8B Model:  14.45 GiB / 15.26 GiB (94.7% complete, 12 files)
  DISK:      /dev/sda1       290G   82G  209G  29% /
----------------------------------------------------------------------------------------
[2026-10-08 08:04:43] [STAGE: 2/3: 30B Coding Model (Huihui-Qwen3-Coder-30B-A3B-Instruct-abliterated.Q4_K_M.gguf)]
  STATUS: Actively downloading 30B coding model chunks (14.6 GiB / 17.28 GiB, 84.5% done) at 8.80 MiB/s
  STREAM: DL: 8.80 MiB/s | ETA: 5m
  ARIA2: RUNNING (PID 363694)
  27B Model: 15.66 GiB / 15.65 GiB (100.0% complete)
  30B Model: 14.6 GiB / 17.28 GiB (84.5% complete)
  8B Model:  14.45 GiB / 15.26 GiB (94.7% complete, 12 files)
  DISK:      /dev/sda1       290G   82G  209G  29% /
----------------------------------------------------------------------------------------
[2026-10-08 08:04:54] [STAGE: 2/3: 30B Coding Model (Huihui-Qwen3-Coder-30B-A3B-Instruct-abliterated.Q4_K_M.gguf)]
  STATUS: Actively downloading 30B coding model chunks (14.69 GiB / 17.28 GiB, 85.0% done) at 8.27 MiB/s
  STREAM: DL: 8.27 MiB/s | ETA: 5m
  ARIA2: RUNNING (PID 363694)
  27B Model: 15.66 GiB / 15.65 GiB (100.0% complete)
  30B Model: 14.69 GiB / 17.28 GiB (85.0% complete)
  8B Model:  14.45 GiB / 15.26 GiB (94.7% complete, 12 files)
  DISK:      /dev/sda1       290G   82G  208G  29% /
----------------------------------------------------------------------------------------
[2026-10-08 08:05:06] [STAGE: 2/3: 30B Coding Model (Huihui-Qwen3-Coder-30B-A3B-Instruct-abliterated.Q4_K_M.gguf)]
  STATUS: Actively downloading 30B coding model chunks (14.79 GiB / 17.28 GiB, 85.6% done) at 8.22 MiB/s
  STREAM: DL: 8.22 MiB/s | ETA: 5m
  ARIA2: RUNNING (PID 363694)
  27B Model: 15.66 GiB / 15.65 GiB (100.0% complete)
  30B Model: 14.79 GiB / 17.28 GiB (85.6% complete)
  8B Model:  14.45 GiB / 15.26 GiB (94.7% complete, 12 files)
  DISK:      /dev/sda1       290G   82G  208G  29% /
----------------------------------------------------------------------------------------
[2026-10-08 08:05:18] [STAGE: 2/3: 30B Coding Model (Huihui-Qwen3-Coder-30B-A3B-Instruct-abliterated.Q4_K_M.gguf)]
  STATUS: Actively downloading 30B coding model chunks (14.89 GiB / 17.28 GiB, 86.1% done) at 8.72 MiB/s
  STREAM: DL: 8.72 MiB/s | ETA: 4m
  ARIA2: RUNNING (PID 363694)
  27B Model: 15.66 GiB / 15.65 GiB (100.0% complete)
  30B Model: 14.89 GiB / 17.28 GiB (86.1% complete)
  8B Model:  14.45 GiB / 15.26 GiB (94.7% complete, 12 files)
  DISK:      /dev/sda1       290G   82G  208G  29% /
----------------------------------------------------------------------------------------
[2026-10-08 08:05:29] [STAGE: 2/3: 30B Coding Model (Huihui-Qwen3-Coder-30B-A3B-Instruct-abliterated.Q4_K_M.gguf)]
  STATUS: Actively downloading 30B coding model chunks (14.98 GiB / 17.28 GiB, 86.7% done) at 7.67 MiB/s
  STREAM: DL: 7.67 MiB/s | ETA: 5m
  ARIA2: RUNNING (PID 363694)
  27B Model: 15.66 GiB / 15.65 GiB (100.0% complete)
  30B Model: 14.98 GiB / 17.28 GiB (86.7% complete)
  8B Model:  14.45 GiB / 15.26 GiB (94.7% complete, 12 files)
  DISK:      /dev/sda1       290G   82G  208G  29% /
----------------------------------------------------------------------------------------
[2026-10-08 08:05:41] [STAGE: 2/3: 30B Coding Model (Huihui-Qwen3-Coder-30B-A3B-Instruct-abliterated.Q4_K_M.gguf)]
  STATUS: Actively downloading 30B coding model chunks (15.07 GiB / 17.28 GiB, 87.2% done) at 8.01 MiB/s
  STREAM: DL: 8.01 MiB/s | ETA: 4m
  ARIA2: RUNNING (PID 363694)
  27B Model: 15.66 GiB / 15.65 GiB (100.0% complete)
  30B Model: 15.07 GiB / 17.28 GiB (87.2% complete)
  8B Model:  14.45 GiB / 15.26 GiB (94.7% complete, 12 files)
  DISK:      /dev/sda1       290G   82G  208G  29% /
----------------------------------------------------------------------------------------
[2026-10-08 08:05:53] [STAGE: 2/3: 30B Coding Model (Huihui-Qwen3-Coder-30B-A3B-Instruct-abliterated.Q4_K_M.gguf)]
  STATUS: Actively downloading 30B coding model chunks (15.15 GiB / 17.28 GiB, 87.7% done) at 7.52 MiB/s
  STREAM: DL: 7.52 MiB/s | ETA: 4m
  ARIA2: RUNNING (PID 363694)
  27B Model: 15.66 GiB / 15.65 GiB (100.0% complete)
  30B Model: 15.15 GiB / 17.28 GiB (87.7% complete)
  8B Model:  14.45 GiB / 15.26 GiB (94.7% complete, 12 files)
  DISK:      /dev/sda1       290G   83G  208G  29% /
----------------------------------------------------------------------------------------
[2026-10-08 08:06:04] [STAGE: 2/3: 30B Coding Model (Huihui-Qwen3-Coder-30B-A3B-Instruct-abliterated.Q4_K_M.gguf)]
  STATUS: Actively downloading 30B coding model chunks (15.24 GiB / 17.28 GiB, 88.2% done) at 8.04 MiB/s
  STREAM: DL: 8.04 MiB/s | ETA: 4m
  ARIA2: RUNNING (PID 363694)
  27B Model: 15.66 GiB / 15.65 GiB (100.0% complete)
  30B Model: 15.24 GiB / 17.28 GiB (88.2% complete)
  8B Model:  14.45 GiB / 15.26 GiB (94.7% complete, 12 files)
  DISK:      /dev/sda1       290G   83G  208G  29% /
----------------------------------------------------------------------------------------
[2026-10-08 08:06:15] [STAGE: 2/3: 30B Coding Model (Huihui-Qwen3-Coder-30B-A3B-Instruct-abliterated.Q4_K_M.gguf)]
  STATUS: Actively downloading 30B coding model chunks (15.32 GiB / 17.28 GiB, 88.6% done) at 7.01 MiB/s
  STREAM: DL: 7.01 MiB/s | ETA: 4m
  ARIA2: RUNNING (PID 363694)
  27B Model: 15.66 GiB / 15.65 GiB (100.0% complete)
  30B Model: 15.32 GiB / 17.28 GiB (88.6% complete)
  8B Model:  14.45 GiB / 15.26 GiB (94.7% complete, 12 files)
  DISK:      /dev/sda1       290G   83G  208G  29% /
----------------------------------------------------------------------------------------
[2026-10-08 08:06:27] [STAGE: 2/3: 30B Coding Model (Huihui-Qwen3-Coder-30B-A3B-Instruct-abliterated.Q4_K_M.gguf)]
  STATUS: Actively downloading 30B coding model chunks (15.4 GiB / 17.28 GiB, 89.1% done) at 6.93 MiB/s
  STREAM: DL: 6.93 MiB/s | ETA: 4m
  ARIA2: RUNNING (PID 363694)
  27B Model: 15.66 GiB / 15.65 GiB (100.0% complete)
  30B Model: 15.4 GiB / 17.28 GiB (89.1% complete)
  8B Model:  14.45 GiB / 15.26 GiB (94.7% complete, 12 files)
  DISK:      /dev/sda1       290G   83G  208G  29% /
----------------------------------------------------------------------------------------
[2026-10-08 08:06:39] [STAGE: 2/3: 30B Coding Model (Huihui-Qwen3-Coder-30B-A3B-Instruct-abliterated.Q4_K_M.gguf)]
  STATUS: Actively downloading 30B coding model chunks (15.46 GiB / 17.28 GiB, 89.5% done) at 5.52 MiB/s
  STREAM: DL: 5.52 MiB/s | ETA: 5m
  ARIA2: RUNNING (PID 363694)
  27B Model: 15.66 GiB / 15.65 GiB (100.0% complete)
  30B Model: 15.46 GiB / 17.28 GiB (89.5% complete)
  8B Model:  14.45 GiB / 15.26 GiB (94.7% complete, 12 files)
  DISK:      /dev/sda1       290G   83G  208G  29% /
----------------------------------------------------------------------------------------
[2026-10-08 08:06:51] [STAGE: 2/3: 30B Coding Model (Huihui-Qwen3-Coder-30B-A3B-Instruct-abliterated.Q4_K_M.gguf)]
  STATUS: Actively downloading 30B coding model chunks (15.54 GiB / 17.28 GiB, 89.9% done) at 7.51 MiB/s
  STREAM: DL: 7.51 MiB/s | ETA: 3m
  ARIA2: RUNNING (PID 363694)
  27B Model: 15.66 GiB / 15.65 GiB (100.0% complete)
  30B Model: 15.54 GiB / 17.28 GiB (89.9% complete)
  8B Model:  14.45 GiB / 15.26 GiB (94.7% complete, 12 files)
  DISK:      /dev/sda1       290G   83G  208G  29% /
----------------------------------------------------------------------------------------
[2026-10-08 08:07:02] [STAGE: 2/3: 30B Coding Model (Huihui-Qwen3-Coder-30B-A3B-Instruct-abliterated.Q4_K_M.gguf)]
  STATUS: Actively downloading 30B coding model chunks (15.63 GiB / 17.28 GiB, 90.4% done) at 7.59 MiB/s
  STREAM: DL: 7.59 MiB/s | ETA: 3m
  ARIA2: RUNNING (PID 363694)
  27B Model: 15.66 GiB / 15.65 GiB (100.0% complete)
  30B Model: 15.63 GiB / 17.28 GiB (90.4% complete)
  8B Model:  14.45 GiB / 15.26 GiB (94.7% complete, 12 files)
  DISK:      /dev/sda1       290G   83G  207G  29% /
----------------------------------------------------------------------------------------
[2026-10-08 08:07:13] [STAGE: 2/3: 30B Coding Model (Huihui-Qwen3-Coder-30B-A3B-Instruct-abliterated.Q4_K_M.gguf)]
  STATUS: Actively downloading 30B coding model chunks (15.69 GiB / 17.28 GiB, 90.8% done) at 5.83 MiB/s
  STREAM: DL: 5.83 MiB/s | ETA: 4m
  ARIA2: RUNNING (PID 363694)
  27B Model: 15.66 GiB / 15.65 GiB (100.0% complete)
  30B Model: 15.69 GiB / 17.28 GiB (90.8% complete)
  8B Model:  14.45 GiB / 15.26 GiB (94.7% complete, 12 files)
  DISK:      /dev/sda1       290G   83G  207G  29% /
----------------------------------------------------------------------------------------
[2026-10-08 08:07:24] [STAGE: 2/3: 30B Coding Model (Huihui-Qwen3-Coder-30B-A3B-Instruct-abliterated.Q4_K_M.gguf)]
  STATUS: Actively downloading 30B coding model chunks (15.78 GiB / 17.28 GiB, 91.3% done) at 8.05 MiB/s
  STREAM: DL: 8.05 MiB/s | ETA: 3m
  ARIA2: RUNNING (PID 363694)
  27B Model: 15.66 GiB / 15.65 GiB (100.0% complete)
  30B Model: 15.78 GiB / 17.28 GiB (91.3% complete)
  8B Model:  14.45 GiB / 15.26 GiB (94.7% complete, 12 files)
  DISK:      /dev/sda1       290G   83G  207G  29% /
----------------------------------------------------------------------------------------
[2026-10-08 08:07:36] [STAGE: 2/3: 30B Coding Model (Huihui-Qwen3-Coder-30B-A3B-Instruct-abliterated.Q4_K_M.gguf)]
  STATUS: Actively downloading 30B coding model chunks (15.86 GiB / 17.28 GiB, 91.8% done) at 7.47 MiB/s
  STREAM: DL: 7.47 MiB/s | ETA: 3m
  ARIA2: RUNNING (PID 363694)
  27B Model: 15.66 GiB / 15.65 GiB (100.0% complete)
  30B Model: 15.86 GiB / 17.28 GiB (91.8% complete)
  8B Model:  14.45 GiB / 15.26 GiB (94.7% complete, 12 files)
  DISK:      /dev/sda1       290G   83G  207G  29% /
----------------------------------------------------------------------------------------
[2026-10-08 08:07:47] [STAGE: 2/3: 30B Coding Model (Huihui-Qwen3-Coder-30B-A3B-Instruct-abliterated.Q4_K_M.gguf)]
  STATUS: Actively downloading 30B coding model chunks (15.95 GiB / 17.28 GiB, 92.3% done) at 7.48 MiB/s
  STREAM: DL: 7.48 MiB/s | ETA: 3m
  ARIA2: RUNNING (PID 363694)
  27B Model: 15.66 GiB / 15.65 GiB (100.0% complete)
  30B Model: 15.95 GiB / 17.28 GiB (92.3% complete)
  8B Model:  14.45 GiB / 15.26 GiB (94.7% complete, 12 files)
  DISK:      /dev/sda1       290G   83G  207G  29% /
----------------------------------------------------------------------------------------
[2026-10-08 08:07:59] [STAGE: 2/3: 30B Coding Model (Huihui-Qwen3-Coder-30B-A3B-Instruct-abliterated.Q4_K_M.gguf)]
  STATUS: Actively downloading 30B coding model chunks (16.04 GiB / 17.28 GiB, 92.8% done) at 8.08 MiB/s
  STREAM: DL: 8.08 MiB/s | ETA: 2m
  ARIA2: RUNNING (PID 363694)
  27B Model: 15.66 GiB / 15.65 GiB (100.0% complete)
  30B Model: 16.04 GiB / 17.28 GiB (92.8% complete)
  8B Model:  14.45 GiB / 15.26 GiB (94.7% complete, 12 files)
  DISK:      /dev/sda1       290G   83G  207G  29% /
----------------------------------------------------------------------------------------
[2026-10-08 08:08:10] [STAGE: 2/3: 30B Coding Model (Huihui-Qwen3-Coder-30B-A3B-Instruct-abliterated.Q4_K_M.gguf)]
  STATUS: Actively downloading 30B coding model chunks (16.13 GiB / 17.28 GiB, 93.3% done) at 8.45 MiB/s
  STREAM: DL: 8.45 MiB/s | ETA: 2m
  ARIA2: RUNNING (PID 363694)
  27B Model: 15.66 GiB / 15.65 GiB (100.0% complete)
  30B Model: 16.13 GiB / 17.28 GiB (93.3% complete)
  8B Model:  14.45 GiB / 15.26 GiB (94.7% complete, 12 files)
  DISK:      /dev/sda1       290G   84G  207G  29% /
----------------------------------------------------------------------------------------
[2026-10-08 08:08:21] [STAGE: 2/3: 30B Coding Model (Huihui-Qwen3-Coder-30B-A3B-Instruct-abliterated.Q4_K_M.gguf)]
  STATUS: Actively downloading 30B coding model chunks (16.22 GiB / 17.28 GiB, 93.9% done) at 8.03 MiB/s
  STREAM: DL: 8.03 MiB/s | ETA: 2m
  ARIA2: RUNNING (PID 363694)
  27B Model: 15.66 GiB / 15.65 GiB (100.0% complete)
  30B Model: 16.22 GiB / 17.28 GiB (93.9% complete)
  8B Model:  14.45 GiB / 15.26 GiB (94.7% complete, 12 files)
  DISK:      /dev/sda1       290G   84G  207G  29% /
----------------------------------------------------------------------------------------
[2026-10-08 08:08:32] [STAGE: 2/3: 30B Coding Model (Huihui-Qwen3-Coder-30B-A3B-Instruct-abliterated.Q4_K_M.gguf)]
  STATUS: Actively downloading 30B coding model chunks (16.31 GiB / 17.28 GiB, 94.4% done) at 7.87 MiB/s
  STREAM: DL: 7.87 MiB/s | ETA: 2m
  ARIA2: RUNNING (PID 363694)
  27B Model: 15.66 GiB / 15.65 GiB (100.0% complete)
  30B Model: 16.31 GiB / 17.28 GiB (94.4% complete)
  8B Model:  14.45 GiB / 15.26 GiB (94.7% complete, 12 files)
  DISK:      /dev/sda1       290G   84G  207G  29% /
----------------------------------------------------------------------------------------
[2026-10-08 08:08:44] [STAGE: 2/3: 30B Coding Model (Huihui-Qwen3-Coder-30B-A3B-Instruct-abliterated.Q4_K_M.gguf)]
  STATUS: Actively downloading 30B coding model chunks (16.4 GiB / 17.28 GiB, 94.9% done) at 7.70 MiB/s
  STREAM: DL: 7.70 MiB/s | ETA: 1m
  ARIA2: RUNNING (PID 363694)
  27B Model: 15.66 GiB / 15.65 GiB (100.0% complete)
  30B Model: 16.4 GiB / 17.28 GiB (94.9% complete)
  8B Model:  14.45 GiB / 15.26 GiB (94.7% complete, 12 files)
  DISK:      /dev/sda1       290G   84G  207G  29% /
----------------------------------------------------------------------------------------
[2026-10-08 08:08:56] [STAGE: 2/3: 30B Coding Model (Huihui-Qwen3-Coder-30B-A3B-Instruct-abliterated.Q4_K_M.gguf)]
  STATUS: Actively downloading 30B coding model chunks (16.48 GiB / 17.28 GiB, 95.4% done) at 7.19 MiB/s
  STREAM: DL: 7.19 MiB/s | ETA: 1m
  ARIA2: RUNNING (PID 363694)
  27B Model: 15.66 GiB / 15.65 GiB (100.0% complete)
  30B Model: 16.48 GiB / 17.28 GiB (95.4% complete)
  8B Model:  14.45 GiB / 15.26 GiB (94.7% complete, 12 files)
  DISK:      /dev/sda1       290G   84G  207G  29% /
----------------------------------------------------------------------------------------
[2026-10-08 08:09:08] [STAGE: 2/3: 30B Coding Model (Huihui-Qwen3-Coder-30B-A3B-Instruct-abliterated.Q4_K_M.gguf)]
  STATUS: Actively downloading 30B coding model chunks (16.57 GiB / 17.28 GiB, 95.9% done) at 7.83 MiB/s
  STREAM: DL: 7.83 MiB/s | ETA: 1m
  ARIA2: RUNNING (PID 363694)
  27B Model: 15.66 GiB / 15.65 GiB (100.0% complete)
  30B Model: 16.57 GiB / 17.28 GiB (95.9% complete)
  8B Model:  14.45 GiB / 15.26 GiB (94.7% complete, 12 files)
  DISK:      /dev/sda1       290G   84G  207G  29% /
----------------------------------------------------------------------------------------
[2026-10-08 08:09:19] [STAGE: 2/3: 30B Coding Model (Huihui-Qwen3-Coder-30B-A3B-Instruct-abliterated.Q4_K_M.gguf)]
  STATUS: Actively downloading 30B coding model chunks (16.65 GiB / 17.28 GiB, 96.3% done) at 7.39 MiB/s
  STREAM: DL: 7.39 MiB/s | ETA: 1m
  ARIA2: RUNNING (PID 363694)
  27B Model: 15.66 GiB / 15.65 GiB (100.0% complete)
  30B Model: 16.65 GiB / 17.28 GiB (96.3% complete)
  8B Model:  14.45 GiB / 15.26 GiB (94.7% complete, 12 files)
  DISK:      /dev/sda1       290G   84G  206G  29% /
----------------------------------------------------------------------------------------
[2026-10-08 08:09:30] [STAGE: 2/3: 30B Coding Model (Huihui-Qwen3-Coder-30B-A3B-Instruct-abliterated.Q4_K_M.gguf)]
  STATUS: Actively downloading 30B coding model chunks (16.73 GiB / 17.28 GiB, 96.8% done) at 7.02 MiB/s
  STREAM: DL: 7.02 MiB/s | ETA: 1m
  ARIA2: RUNNING (PID 363694)
  27B Model: 15.66 GiB / 15.65 GiB (100.0% complete)
  30B Model: 16.73 GiB / 17.28 GiB (96.8% complete)
  8B Model:  14.45 GiB / 15.26 GiB (94.7% complete, 12 files)
  DISK:      /dev/sda1       290G   84G  206G  29% /
----------------------------------------------------------------------------------------
[2026-10-08 08:09:42] [STAGE: 2/3: 30B Coding Model (Huihui-Qwen3-Coder-30B-A3B-Instruct-abliterated.Q4_K_M.gguf)]
  STATUS: Actively downloading 30B coding model chunks (16.82 GiB / 17.28 GiB, 97.3% done) at 8.04 MiB/s
  STREAM: DL: 8.04 MiB/s | ETA: 0m
  ARIA2: RUNNING (PID 363694)
  27B Model: 15.66 GiB / 15.65 GiB (100.0% complete)
  30B Model: 16.82 GiB / 17.28 GiB (97.3% complete)
  8B Model:  14.45 GiB / 15.26 GiB (94.7% complete, 12 files)
  DISK:      /dev/sda1       290G   84G  206G  29% /
----------------------------------------------------------------------------------------
[2026-10-08 08:09:53] [STAGE: 2/3: 30B Coding Model (Huihui-Qwen3-Coder-30B-A3B-Instruct-abliterated.Q4_K_M.gguf)]
  STATUS: Actively downloading 30B coding model chunks (16.9 GiB / 17.28 GiB, 97.8% done) at 7.17 MiB/s
  STREAM: DL: 7.17 MiB/s | ETA: 0m
  ARIA2: RUNNING (PID 363694)
  27B Model: 15.66 GiB / 15.65 GiB (100.0% complete)
  30B Model: 16.9 GiB / 17.28 GiB (97.8% complete)
  8B Model:  14.45 GiB / 15.26 GiB (94.7% complete, 12 files)
  DISK:      /dev/sda1       290G   84G  206G  29% /
----------------------------------------------------------------------------------------
[2026-10-08 08:10:05] [STAGE: 2/3: 30B Coding Model (Huihui-Qwen3-Coder-30B-A3B-Instruct-abliterated.Q4_K_M.gguf)]
  STATUS: Actively downloading 30B coding model chunks (16.98 GiB / 17.28 GiB, 98.3% done) at 7.25 MiB/s
  STREAM: DL: 7.25 MiB/s | ETA: 0m
  ARIA2: RUNNING (PID 363694)
  27B Model: 15.66 GiB / 15.65 GiB (100.0% complete)
  30B Model: 16.98 GiB / 17.28 GiB (98.3% complete)
  8B Model:  14.45 GiB / 15.26 GiB (94.7% complete, 12 files)
  DISK:      /dev/sda1       290G   84G  206G  29% /
----------------------------------------------------------------------------------------
[2026-10-08 08:10:16] [STAGE: 2/3: 30B Coding Model (Huihui-Qwen3-Coder-30B-A3B-Instruct-abliterated.Q4_K_M.gguf)]
  STATUS: Actively downloading 30B coding model chunks (17.07 GiB / 17.28 GiB, 98.8% done) at 7.48 MiB/s
  STREAM: DL: 7.48 MiB/s | ETA: 0m
  ARIA2: RUNNING (PID 363694)
  27B Model: 15.66 GiB / 15.65 GiB (100.0% complete)
  30B Model: 17.07 GiB / 17.28 GiB (98.8% complete)
  8B Model:  14.45 GiB / 15.26 GiB (94.7% complete, 12 files)
  DISK:      /dev/sda1       290G   84G  206G  30% /
----------------------------------------------------------------------------------------
[2026-10-08 08:10:29] [STAGE: 2/3: 30B Coding Model (Huihui-Qwen3-Coder-30B-A3B-Instruct-abliterated.Q4_K_M.gguf)]
  STATUS: Actively downloading 30B coding model chunks (17.16 GiB / 17.28 GiB, 99.3% done) at 7.67 MiB/s
  STREAM: DL: 7.67 MiB/s | ETA: 0m
  ARIA2: RUNNING (PID 363694)
  27B Model: 15.66 GiB / 15.65 GiB (100.0% complete)
  30B Model: 17.16 GiB / 17.28 GiB (99.3% complete)
  8B Model:  14.45 GiB / 15.26 GiB (94.7% complete, 12 files)
  DISK:      /dev/sda1       290G   85G  206G  30% /
----------------------------------------------------------------------------------------
[2026-10-08 08:10:40] [STAGE: 2/3: 30B Coding Model (Huihui-Qwen3-Coder-30B-A3B-Instruct-abliterated.Q4_K_M.gguf)]
  STATUS: Actively downloading 30B coding model chunks (17.24 GiB / 17.28 GiB, 99.7% done) at 7.34 MiB/s
  STREAM: DL: 7.34 MiB/s | ETA: 0m
  ARIA2: RUNNING (PID 363694)
  27B Model: 15.66 GiB / 15.65 GiB (100.0% complete)
  30B Model: 17.24 GiB / 17.28 GiB (99.7% complete)
  8B Model:  14.45 GiB / 15.26 GiB (94.7% complete, 12 files)
  DISK:      /dev/sda1       290G   85G  206G  30% /
----------------------------------------------------------------------------------------
[2026-10-08 08:10:51] [STAGE: 3/3: 8B Worker Model (Huihui-Qwen3-8B-abliterated-v2)]
  STATUS: Actively downloading 8B worker model safetensors weights (14.47 GiB / 15.26 GiB, 94.8% done) at 1.38 MiB/s
  STREAM: DL: 1.38 MiB/s | ETA: 9m
  ARIA2: RUNNING (PID 368277)
  27B Model: 15.66 GiB / 15.65 GiB (100.0% complete)
  30B Model: 17.28 GiB / 17.28 GiB (100.0% complete)
  8B Model:  14.47 GiB / 15.26 GiB (94.8% complete, 12 files)
  DISK:      /dev/sda1       290G   85G  206G  30% /
----------------------------------------------------------------------------------------
[2026-10-08 08:11:03] [STAGE: 3/3: 8B Worker Model (Huihui-Qwen3-8B-abliterated-v2)]
  STATUS: Actively downloading 8B worker model safetensors weights (14.54 GiB / 15.26 GiB, 95.3% done) at 6.56 MiB/s
  STREAM: DL: 6.56 MiB/s | ETA: 1m
  ARIA2: RUNNING (PID 368277)
  27B Model: 15.66 GiB / 15.65 GiB (100.0% complete)
  30B Model: 17.28 GiB / 17.28 GiB (100.0% complete)
  8B Model:  14.54 GiB / 15.26 GiB (95.3% complete, 12 files)
  DISK:      /dev/sda1       290G   85G  206G  30% /
----------------------------------------------------------------------------------------
[2026-10-08 08:11:14] [STAGE: 3/3: 8B Worker Model (Huihui-Qwen3-8B-abliterated-v2)]
  STATUS: Actively downloading 8B worker model safetensors weights (14.62 GiB / 15.26 GiB, 95.8% done) at 7.05 MiB/s
  STREAM: DL: 7.05 MiB/s | ETA: 1m
  ARIA2: RUNNING (PID 368277)
  27B Model: 15.66 GiB / 15.65 GiB (100.0% complete)
  30B Model: 17.28 GiB / 17.28 GiB (100.0% complete)
  8B Model:  14.62 GiB / 15.26 GiB (95.8% complete, 12 files)
  DISK:      /dev/sda1       290G   85G  206G  30% /
----------------------------------------------------------------------------------------
[2026-10-08 08:11:25] [STAGE: 3/3: 8B Worker Model (Huihui-Qwen3-8B-abliterated-v2)]
  STATUS: Actively downloading 8B worker model safetensors weights (14.69 GiB / 15.26 GiB, 96.3% done) at 6.99 MiB/s
  STREAM: DL: 6.99 MiB/s | ETA: 1m
  ARIA2: RUNNING (PID 368277)
  27B Model: 15.66 GiB / 15.65 GiB (100.0% complete)
  30B Model: 17.28 GiB / 17.28 GiB (100.0% complete)
  8B Model:  14.69 GiB / 15.26 GiB (96.3% complete, 12 files)
  DISK:      /dev/sda1       290G   85G  206G  30% /
----------------------------------------------------------------------------------------
[2026-10-08 08:11:36] [STAGE: 3/3: 8B Worker Model (Huihui-Qwen3-8B-abliterated-v2)]
  STATUS: Actively downloading 8B worker model safetensors weights (14.78 GiB / 15.26 GiB, 96.9% done) at 7.29 MiB/s
  STREAM: DL: 7.29 MiB/s | ETA: 1m
  ARIA2: RUNNING (PID 368277)
  27B Model: 15.66 GiB / 15.65 GiB (100.0% complete)
  30B Model: 17.28 GiB / 17.28 GiB (100.0% complete)
  8B Model:  14.78 GiB / 15.26 GiB (96.9% complete, 12 files)
  DISK:      /dev/sda1       290G   85G  206G  30% /
----------------------------------------------------------------------------------------
[2026-10-08 08:11:48] [STAGE: 3/3: 8B Worker Model (Huihui-Qwen3-8B-abliterated-v2)]
  STATUS: Actively downloading 8B worker model safetensors weights (14.85 GiB / 15.26 GiB, 97.3% done) at 6.16 MiB/s
  STREAM: DL: 6.16 MiB/s | ETA: 1m
  ARIA2: RUNNING (PID 368277)
  27B Model: 15.66 GiB / 15.65 GiB (100.0% complete)
  30B Model: 17.28 GiB / 17.28 GiB (100.0% complete)
  8B Model:  14.85 GiB / 15.26 GiB (97.3% complete, 12 files)
  DISK:      /dev/sda1       290G   85G  205G  30% /
----------------------------------------------------------------------------------------
[2026-10-08 08:11:59] [STAGE: 3/3: 8B Worker Model (Huihui-Qwen3-8B-abliterated-v2)]
  STATUS: Actively downloading 8B worker model safetensors weights (14.93 GiB / 15.26 GiB, 97.8% done) at 7.75 MiB/s
  STREAM: DL: 7.75 MiB/s | ETA: 0m
  ARIA2: RUNNING (PID 368277)
  27B Model: 15.66 GiB / 15.65 GiB (100.0% complete)
  30B Model: 17.28 GiB / 17.28 GiB (100.0% complete)
  8B Model:  14.93 GiB / 15.26 GiB (97.8% complete, 12 files)
  DISK:      /dev/sda1       290G   85G  205G  30% /
----------------------------------------------------------------------------------------
[2026-10-08 08:12:10] [STAGE: 3/3: 8B Worker Model (Huihui-Qwen3-8B-abliterated-v2)]
  STATUS: Actively downloading 8B worker model safetensors weights (15.0 GiB / 15.26 GiB, 98.3% done) at 5.87 MiB/s
  STREAM: DL: 5.87 MiB/s | ETA: 0m
  ARIA2: RUNNING (PID 368277)
  27B Model: 15.66 GiB / 15.65 GiB (100.0% complete)
  30B Model: 17.28 GiB / 17.28 GiB (100.0% complete)
  8B Model:  15.0 GiB / 15.26 GiB (98.3% complete, 12 files)
  DISK:      /dev/sda1       290G   85G  205G  30% /
----------------------------------------------------------------------------------------
[2026-10-08 08:12:22] [STAGE: 3/3: 8B Worker Model (Huihui-Qwen3-8B-abliterated-v2)]
  STATUS: Actively downloading 8B worker model safetensors weights (15.08 GiB / 15.26 GiB, 98.9% done) at 7.80 MiB/s
  STREAM: DL: 7.80 MiB/s | ETA: 0m
  ARIA2: RUNNING (PID 368277)
  27B Model: 15.66 GiB / 15.65 GiB (100.0% complete)
  30B Model: 17.28 GiB / 17.28 GiB (100.0% complete)
  8B Model:  15.08 GiB / 15.26 GiB (98.9% complete, 12 files)
  DISK:      /dev/sda1       290G   85G  205G  30% /
----------------------------------------------------------------------------------------
[2026-10-08 08:12:33] [STAGE: 3/3: 8B Worker Model (Huihui-Qwen3-8B-abliterated-v2)]
  STATUS: Actively downloading 8B worker model safetensors weights (15.17 GiB / 15.26 GiB, 99.4% done) at 7.47 MiB/s
  STREAM: DL: 7.47 MiB/s | ETA: 0m
  ARIA2: RUNNING (PID 368277)
  27B Model: 15.66 GiB / 15.65 GiB (100.0% complete)
  30B Model: 17.28 GiB / 17.28 GiB (100.0% complete)
  8B Model:  15.17 GiB / 15.26 GiB (99.4% complete, 12 files)
  DISK:      /dev/sda1       290G   85G  205G  30% /
----------------------------------------------------------------------------------------
[2026-10-08 08:12:45] [STAGE: 3/3: 8B Worker Model (Huihui-Qwen3-8B-abliterated-v2)]
  STATUS: Actively downloading 8B worker model safetensors weights (15.25 GiB / 15.26 GiB, 99.9% done) at 7.52 MiB/s
  STREAM: DL: 7.52 MiB/s | ETA: 0m
  ARIA2: RUNNING (PID 368277)
  27B Model: 15.66 GiB / 15.65 GiB (100.0% complete)
  30B Model: 17.28 GiB / 17.28 GiB (100.0% complete)
  8B Model:  15.25 GiB / 15.26 GiB (99.9% complete, 12 files)
  DISK:      /dev/sda1       290G   85G  205G  30% /
----------------------------------------------------------------------------------------
[2026-10-08 08:12:56] [STAGE: COMPLETE: All 3 Models Staged & Quarantined]
  STATUS: All model weights downloaded. Strict permissions (750 dirs, 640 files) enforced.
  STREAM: Status: ALL COMPLETE
  ARIA2: IDLE/TRANSITIONING
  27B Model: 15.66 GiB / 15.65 GiB (100.0% complete)
  30B Model: 17.28 GiB / 17.28 GiB (100.0% complete)
  8B Model:  15.26 GiB / 15.26 GiB (100.0% complete, 11 files)
  DISK:      /dev/sda1       290G   86G  205G  30% /
----------------------------------------------------------------------------------------
[2026-10-08 08:13:06] [STAGE: COMPLETE: All 3 Models Staged & Quarantined]
  STATUS: All model weights downloaded. Strict permissions (750 dirs, 640 files) enforced.
  STREAM: Status: ALL COMPLETE
  ARIA2: IDLE/TRANSITIONING
  27B Model: 15.66 GiB / 15.65 GiB (100.0% complete)
  30B Model: 17.28 GiB / 17.28 GiB (100.0% complete)
  8B Model:  15.26 GiB / 15.26 GiB (100.0% complete, 11 files)
  DISK:      /dev/sda1       290G   86G  205G  30% /
----------------------------------------------------------------------------------------
[2026-10-08 08:13:17] [STAGE: COMPLETE: All 3 Models Staged & Quarantined]
  STATUS: All model weights downloaded. Strict permissions (750 dirs, 640 files) enforced.
  STREAM: Status: ALL COMPLETE
  ARIA2: IDLE/TRANSITIONING
  27B Model: 15.66 GiB / 15.65 GiB (100.0% complete)
  30B Model: 17.28 GiB / 17.28 GiB (100.0% complete)
  8B Model:  15.26 GiB / 15.26 GiB (100.0% complete, 11 files)
  DISK:      /dev/sda1       290G   86G  205G  30% /
----------------------------------------------------------------------------------------
[2026-10-08 08:13:27] [STAGE: COMPLETE: All 3 Models Staged & Quarantined]
  STATUS: All model weights downloaded. Strict permissions (750 dirs, 640 files) enforced.
  STREAM: Status: ALL COMPLETE
  ARIA2: IDLE/TRANSITIONING
  27B Model: 15.66 GiB / 15.65 GiB (100.0% complete)
  30B Model: 17.28 GiB / 17.28 GiB (100.0% complete)
  8B Model:  15.26 GiB / 15.26 GiB (100.0% complete, 11 files)
  DISK:      /dev/sda1       290G   86G  205G  30% /
----------------------------------------------------------------------------------------
[2026-10-08 08:13:38] [STAGE: COMPLETE: All 3 Models Staged & Quarantined]
  STATUS: All model weights downloaded. Strict permissions (750 dirs, 640 files) enforced.
  STREAM: Status: ALL COMPLETE
  ARIA2: IDLE/TRANSITIONING
  27B Model: 15.66 GiB / 15.65 GiB (100.0% complete)
  30B Model: 17.28 GiB / 17.28 GiB (100.0% complete)
  8B Model:  15.26 GiB / 15.26 GiB (100.0% complete, 11 files)
  DISK:      /dev/sda1       290G   86G  205G  30% /
----------------------------------------------------------------------------------------
[2026-10-08 08:13:48] [STAGE: COMPLETE: All 3 Models Staged & Quarantined]
  STATUS: All model weights downloaded. Strict permissions (750 dirs, 640 files) enforced.
  STREAM: Status: ALL COMPLETE
  ARIA2: IDLE/TRANSITIONING
  27B Model: 15.66 GiB / 15.65 GiB (100.0% complete)
  30B Model: 17.28 GiB / 17.28 GiB (100.0% complete)
  8B Model:  15.26 GiB / 15.26 GiB (100.0% complete, 11 files)
  DISK:      /dev/sda1       290G   86G  205G  30% /
----------------------------------------------------------------------------------------
[2026-10-08 08:13:58] [STAGE: COMPLETE: All 3 Models Staged & Quarantined]
  STATUS: All model weights downloaded. Strict permissions (750 dirs, 640 files) enforced.
  STREAM: Status: ALL COMPLETE
  ARIA2: IDLE/TRANSITIONING
  27B Model: 15.66 GiB / 15.65 GiB (100.0% complete)
  30B Model: 17.28 GiB / 17.28 GiB (100.0% complete)
  8B Model:  15.26 GiB / 15.26 GiB (100.0% complete, 11 files)
  DISK:      /dev/sda1       290G   86G  205G  30% /
----------------------------------------------------------------------------------------
[2026-10-08 08:14:09] [STAGE: COMPLETE: All 3 Models Staged & Quarantined]
  STATUS: All model weights downloaded. Strict permissions (750 dirs, 640 files) enforced.
  STREAM: Status: ALL COMPLETE
  ARIA2: IDLE/TRANSITIONING
  27B Model: 15.66 GiB / 15.65 GiB (100.0% complete)
  30B Model: 17.28 GiB / 17.28 GiB (100.0% complete)
  8B Model:  15.26 GiB / 15.26 GiB (100.0% complete, 11 files)
  DISK:      /dev/sda1       290G   86G  205G  30% /
----------------------------------------------------------------------------------------
[2026-10-08 08:14:19] [STAGE: COMPLETE: All 3 Models Staged & Quarantined]
  STATUS: All model weights downloaded. Strict permissions (750 dirs, 640 files) enforced.
  STREAM: Status: ALL COMPLETE
  ARIA2: IDLE/TRANSITIONING
  27B Model: 15.66 GiB / 15.65 GiB (100.0% complete)
  30B Model: 17.28 GiB / 17.28 GiB (100.0% complete)
  8B Model:  15.26 GiB / 15.26 GiB (100.0% complete, 11 files)
  DISK:      /dev/sda1       290G   86G  205G  30% /
----------------------------------------------------------------------------------------
[2026-10-08 08:14:30] [STAGE: COMPLETE: All 3 Models Staged & Quarantined]
  STATUS: All model weights downloaded. Strict permissions (750 dirs, 640 files) enforced.
  STREAM: Status: ALL COMPLETE
  ARIA2: IDLE/TRANSITIONING
  27B Model: 15.66 GiB / 15.65 GiB (100.0% complete)
  30B Model: 17.28 GiB / 17.28 GiB (100.0% complete)
  8B Model:  15.26 GiB / 15.26 GiB (100.0% complete, 11 files)
  DISK:      /dev/sda1       290G   86G  205G  30% /
----------------------------------------------------------------------------------------
[2026-10-08 08:14:41] [STAGE: COMPLETE: All 3 Models Staged & Quarantined]
  STATUS: All model weights downloaded. Strict permissions (750 dirs, 640 files) enforced.
  STREAM: Status: ALL COMPLETE
  ARIA2: IDLE/TRANSITIONING
  27B Model: 15.66 GiB / 15.65 GiB (100.0% complete)
  30B Model: 17.28 GiB / 17.28 GiB (100.0% complete)
  8B Model:  15.26 GiB / 15.26 GiB (100.0% complete, 11 files)
  DISK:      /dev/sda1       290G   86G  205G  30% /
----------------------------------------------------------------------------------------
[2026-10-08 08:14:51] [STAGE: COMPLETE: All 3 Models Staged & Quarantined]
  STATUS: All model weights downloaded. Strict permissions (750 dirs, 640 files) enforced.
  STREAM: Status: ALL COMPLETE
  ARIA2: IDLE/TRANSITIONING
  27B Model: 15.66 GiB / 15.65 GiB (100.0% complete)
  30B Model: 17.28 GiB / 17.28 GiB (100.0% complete)
  8B Model:  15.26 GiB / 15.26 GiB (100.0% complete, 11 files)
  DISK:      /dev/sda1       290G   86G  205G  30% /
----------------------------------------------------------------------------------------
[2026-10-08 08:15:02] [STAGE: COMPLETE: All 3 Models Staged & Quarantined]
  STATUS: All model weights downloaded. Strict permissions (750 dirs, 640 files) enforced.
  STREAM: Status: ALL COMPLETE
  ARIA2: IDLE/TRANSITIONING
  27B Model: 15.66 GiB / 15.65 GiB (100.0% complete)
  30B Model: 17.28 GiB / 17.28 GiB (100.0% complete)
  8B Model:  15.26 GiB / 15.26 GiB (100.0% complete, 11 files)
  DISK:      /dev/sda1       290G   86G  205G  30% /
----------------------------------------------------------------------------------------
[2026-10-08 08:15:13] [STAGE: COMPLETE: All 3 Models Staged & Quarantined]
  STATUS: All model weights downloaded. Strict permissions (750 dirs, 640 files) enforced.
  STREAM: Status: ALL COMPLETE
  ARIA2: IDLE/TRANSITIONING
  27B Model: 15.66 GiB / 15.65 GiB (100.0% complete)
  30B Model: 17.28 GiB / 17.28 GiB (100.0% complete)
  8B Model:  15.26 GiB / 15.26 GiB (100.0% complete, 11 files)
  DISK:      /dev/sda1       290G   86G  205G  30% /
----------------------------------------------------------------------------------------
[2026-10-08 08:15:24] [STAGE: COMPLETE: All 3 Models Staged & Quarantined]
  STATUS: All model weights downloaded. Strict permissions (750 dirs, 640 files) enforced.
  STREAM: Status: ALL COMPLETE
  ARIA2: IDLE/TRANSITIONING
  27B Model: 15.66 GiB / 15.65 GiB (100.0% complete)
  30B Model: 17.28 GiB / 17.28 GiB (100.0% complete)
  8B Model:  15.26 GiB / 15.26 GiB (100.0% complete, 11 files)
  DISK:      /dev/sda1       290G   86G  205G  30% /
----------------------------------------------------------------------------------------
[2026-10-08 08:15:35] [STAGE: COMPLETE: All 3 Models Staged & Quarantined]
  STATUS: All model weights downloaded. Strict permissions (750 dirs, 640 files) enforced.
  STREAM: Status: ALL COMPLETE
  ARIA2: IDLE/TRANSITIONING
  27B Model: 15.66 GiB / 15.65 GiB (100.0% complete)
  30B Model: 17.28 GiB / 17.28 GiB (100.0% complete)
  8B Model:  15.26 GiB / 15.26 GiB (100.0% complete, 11 files)
  DISK:      /dev/sda1       290G   86G  205G  30% /
----------------------------------------------------------------------------------------
[2026-10-08 08:15:46] [STAGE: COMPLETE: All 3 Models Staged & Quarantined]
  STATUS: All model weights downloaded. Strict permissions (750 dirs, 640 files) enforced.
  STREAM: Status: ALL COMPLETE
  ARIA2: IDLE/TRANSITIONING
  27B Model: 15.66 GiB / 15.65 GiB (100.0% complete)
  30B Model: 17.28 GiB / 17.28 GiB (100.0% complete)
  8B Model:  15.26 GiB / 15.26 GiB (100.0% complete, 11 files)
  DISK:      /dev/sda1       290G   86G  205G  30% /
----------------------------------------------------------------------------------------
[2026-10-08 08:15:57] [STAGE: COMPLETE: All 3 Models Staged & Quarantined]
  STATUS: All model weights downloaded. Strict permissions (750 dirs, 640 files) enforced.
  STREAM: Status: ALL COMPLETE
  ARIA2: IDLE/TRANSITIONING
  27B Model: 15.66 GiB / 15.65 GiB (100.0% complete)
  30B Model: 17.28 GiB / 17.28 GiB (100.0% complete)
  8B Model:  15.26 GiB / 15.26 GiB (100.0% complete, 11 files)
  DISK:      /dev/sda1       290G   86G  205G  30% /
----------------------------------------------------------------------------------------
[2026-10-08 08:16:08] [STAGE: COMPLETE: All 3 Models Staged & Quarantined]
  STATUS: All model weights downloaded. Strict permissions (750 dirs, 640 files) enforced.
  STREAM: Status: ALL COMPLETE
  ARIA2: IDLE/TRANSITIONING
  27B Model: 15.66 GiB / 15.65 GiB (100.0% complete)
  30B Model: 17.28 GiB / 17.28 GiB (100.0% complete)
  8B Model:  15.26 GiB / 15.26 GiB (100.0% complete, 11 files)
  DISK:      /dev/sda1       290G   86G  205G  30% /
----------------------------------------------------------------------------------------
[2026-10-08 08:16:20] [STAGE: COMPLETE: All 3 Models Staged & Quarantined]
  STATUS: All model weights downloaded. Strict permissions (750 dirs, 640 files) enforced.
  STREAM: Status: ALL COMPLETE
  ARIA2: IDLE/TRANSITIONING
  27B Model: 15.66 GiB / 15.65 GiB (100.0% complete)
  30B Model: 17.28 GiB / 17.28 GiB (100.0% complete)
  8B Model:  15.26 GiB / 15.26 GiB (100.0% complete, 11 files)
  DISK:      /dev/sda1       290G   86G  205G  30% /
----------------------------------------------------------------------------------------
[2026-10-08 08:16:31] [STAGE: COMPLETE: All 3 Models Staged & Quarantined]
  STATUS: All model weights downloaded. Strict permissions (750 dirs, 640 files) enforced.
  STREAM: Status: ALL COMPLETE
  ARIA2: IDLE/TRANSITIONING
  27B Model: 15.66 GiB / 15.65 GiB (100.0% complete)
  30B Model: 17.28 GiB / 17.28 GiB (100.0% complete)
  8B Model:  15.26 GiB / 15.26 GiB (100.0% complete, 11 files)
  DISK:      /dev/sda1       290G   86G  205G  30% /
----------------------------------------------------------------------------------------
[2026-10-08 08:16:44] [STAGE: COMPLETE: All 3 Models Staged & Quarantined]
  STATUS: All model weights downloaded. Strict permissions (750 dirs, 640 files) enforced.
  STREAM: Status: ALL COMPLETE
  ARIA2: IDLE/TRANSITIONING
  27B Model: 15.66 GiB / 15.65 GiB (100.0% complete)
  30B Model: 17.28 GiB / 17.28 GiB (100.0% complete)
  8B Model:  15.26 GiB / 15.26 GiB (100.0% complete, 11 files)
  DISK:      /dev/sda1       290G   86G  205G  30% /
----------------------------------------------------------------------------------------
[2026-10-08 08:16:55] [STAGE: COMPLETE: All 3 Models Staged & Quarantined]
  STATUS: All model weights downloaded. Strict permissions (750 dirs, 640 files) enforced.
  STREAM: Status: ALL COMPLETE
  ARIA2: IDLE/TRANSITIONING
  27B Model: 15.66 GiB / 15.65 GiB (100.0% complete)
  30B Model: 17.28 GiB / 17.28 GiB (100.0% complete)
  8B Model:  15.26 GiB / 15.26 GiB (100.0% complete, 11 files)
  DISK:      /dev/sda1       290G   86G  205G  30% /
----------------------------------------------------------------------------------------
[2026-10-08 08:17:06] [STAGE: COMPLETE: All 3 Models Staged & Quarantined]
  STATUS: All model weights downloaded. Strict permissions (750 dirs, 640 files) enforced.
  STREAM: Status: ALL COMPLETE
  ARIA2: IDLE/TRANSITIONING
  27B Model: 15.66 GiB / 15.65 GiB (100.0% complete)
  30B Model: 17.28 GiB / 17.28 GiB (100.0% complete)
  8B Model:  15.26 GiB / 15.26 GiB (100.0% complete, 11 files)
  DISK:      /dev/sda1       290G   86G  205G  30% /
----------------------------------------------------------------------------------------
[2026-10-08 08:17:18] [STAGE: COMPLETE: All 3 Models Staged & Quarantined]
  STATUS: All model weights downloaded. Strict permissions (750 dirs, 640 files) enforced.
  STREAM: Status: ALL COMPLETE
  ARIA2: IDLE/TRANSITIONING
  27B Model: 15.66 GiB / 15.65 GiB (100.0% complete)
  30B Model: 17.28 GiB / 17.28 GiB (100.0% complete)
  8B Model:  15.26 GiB / 15.26 GiB (100.0% complete, 11 files)
  DISK:      /dev/sda1       290G   86G  205G  30% /
----------------------------------------------------------------------------------------
[2026-10-08 08:17:29] [STAGE: COMPLETE: All 3 Models Staged & Quarantined]
  STATUS: All model weights downloaded. Strict permissions (750 dirs, 640 files) enforced.
  STREAM: Status: ALL COMPLETE
  ARIA2: IDLE/TRANSITIONING
  27B Model: 15.66 GiB / 15.65 GiB (100.0% complete)
  30B Model: 17.28 GiB / 17.28 GiB (100.0% complete)
  8B Model:  15.26 GiB / 15.26 GiB (100.0% complete, 11 files)
  DISK:      /dev/sda1       290G   86G  205G  30% /
----------------------------------------------------------------------------------------
[2026-10-08 08:17:41] [STAGE: COMPLETE: All 3 Models Staged & Quarantined]
  STATUS: All model weights downloaded. Strict permissions (750 dirs, 640 files) enforced.
  STREAM: Status: ALL COMPLETE
  ARIA2: IDLE/TRANSITIONING
  27B Model: 15.66 GiB / 15.65 GiB (100.0% complete)
  30B Model: 17.28 GiB / 17.28 GiB (100.0% complete)
  8B Model:  15.26 GiB / 15.26 GiB (100.0% complete, 11 files)
  DISK:      /dev/sda1       290G   86G  205G  30% /
----------------------------------------------------------------------------------------
[2026-10-08 08:17:53] [STAGE: COMPLETE: All 3 Models Staged & Quarantined]
  STATUS: All model weights downloaded. Strict permissions (750 dirs, 640 files) enforced.
  STREAM: Status: ALL COMPLETE
  ARIA2: IDLE/TRANSITIONING
  27B Model: 15.66 GiB / 15.65 GiB (100.0% complete)
  30B Model: 17.28 GiB / 17.28 GiB (100.0% complete)
  8B Model:  15.26 GiB / 15.26 GiB (100.0% complete, 11 files)
  DISK:      /dev/sda1       290G   86G  205G  30% /
----------------------------------------------------------------------------------------
[2026-10-08 08:18:04] [STAGE: COMPLETE: All 3 Models Staged & Quarantined]
  STATUS: All model weights downloaded. Strict permissions (750 dirs, 640 files) enforced.
  STREAM: Status: ALL COMPLETE
  ARIA2: IDLE/TRANSITIONING
  27B Model: 15.66 GiB / 15.65 GiB (100.0% complete)
  30B Model: 17.28 GiB / 17.28 GiB (100.0% complete)
  8B Model:  15.26 GiB / 15.26 GiB (100.0% complete, 11 files)
  DISK:      /dev/sda1       290G   86G  205G  30% /
----------------------------------------------------------------------------------------
[2026-10-08 08:18:15] [STAGE: COMPLETE: All 3 Models Staged & Quarantined]
  STATUS: All model weights downloaded. Strict permissions (750 dirs, 640 files) enforced.
  STREAM: Status: ALL COMPLETE
  ARIA2: IDLE/TRANSITIONING
  27B Model: 15.66 GiB / 15.65 GiB (100.0% complete)
  30B Model: 17.28 GiB / 17.28 GiB (100.0% complete)
  8B Model:  15.26 GiB / 15.26 GiB (100.0% complete, 11 files)
  DISK:      /dev/sda1       290G   86G  205G  30% /
----------------------------------------------------------------------------------------
[2026-10-08 08:18:27] [STAGE: COMPLETE: All 3 Models Staged & Quarantined]
  STATUS: All model weights downloaded. Strict permissions (750 dirs, 640 files) enforced.
  STREAM: Status: ALL COMPLETE
  ARIA2: IDLE/TRANSITIONING
  27B Model: 15.66 GiB / 15.65 GiB (100.0% complete)
  30B Model: 17.28 GiB / 17.28 GiB (100.0% complete)
  8B Model:  15.26 GiB / 15.26 GiB (100.0% complete, 11 files)
  DISK:      /dev/sda1       290G   86G  205G  30% /
----------------------------------------------------------------------------------------
[2026-10-08 08:18:38] [STAGE: COMPLETE: All 3 Models Staged & Quarantined]
  STATUS: All model weights downloaded. Strict permissions (750 dirs, 640 files) enforced.
  STREAM: Status: ALL COMPLETE
  ARIA2: IDLE/TRANSITIONING
  27B Model: 15.66 GiB / 15.65 GiB (100.0% complete)
  30B Model: 17.28 GiB / 17.28 GiB (100.0% complete)
  8B Model:  15.26 GiB / 15.26 GiB (100.0% complete, 11 files)
  DISK:      /dev/sda1       290G   86G  205G  30% /
----------------------------------------------------------------------------------------
[2026-10-08 08:18:49] [STAGE: COMPLETE: All 3 Models Staged & Quarantined]
  STATUS: All model weights downloaded. Strict permissions (750 dirs, 640 files) enforced.
  STREAM: Status: ALL COMPLETE
  ARIA2: IDLE/TRANSITIONING
  27B Model: 15.66 GiB / 15.65 GiB (100.0% complete)
  30B Model: 17.28 GiB / 17.28 GiB (100.0% complete)
  8B Model:  15.26 GiB / 15.26 GiB (100.0% complete, 11 files)
  DISK:      /dev/sda1       290G   86G  205G  30% /
----------------------------------------------------------------------------------------
[2026-10-08 08:19:01] [STAGE: COMPLETE: All 3 Models Staged & Quarantined]
  STATUS: All model weights downloaded. Strict permissions (750 dirs, 640 files) enforced.
  STREAM: Status: ALL COMPLETE
  ARIA2: IDLE/TRANSITIONING
  27B Model: 15.66 GiB / 15.65 GiB (100.0% complete)
  30B Model: 17.28 GiB / 17.28 GiB (100.0% complete)
  8B Model:  15.26 GiB / 15.26 GiB (100.0% complete, 11 files)
  DISK:      /dev/sda1       290G   86G  205G  30% /
----------------------------------------------------------------------------------------
[2026-10-08 08:19:12] [STAGE: COMPLETE: All 3 Models Staged & Quarantined]
  STATUS: All model weights downloaded. Strict permissions (750 dirs, 640 files) enforced.
  STREAM: Status: ALL COMPLETE
  ARIA2: IDLE/TRANSITIONING
  27B Model: 15.66 GiB / 15.65 GiB (100.0% complete)
  30B Model: 17.28 GiB / 17.28 GiB (100.0% complete)
  8B Model:  15.26 GiB / 15.26 GiB (100.0% complete, 11 files)
  DISK:      /dev/sda1       290G   86G  205G  30% /
----------------------------------------------------------------------------------------
[2026-10-08 08:19:23] [STAGE: COMPLETE: All 3 Models Staged & Quarantined]
  STATUS: All model weights downloaded. Strict permissions (750 dirs, 640 files) enforced.
  STREAM: Status: ALL COMPLETE
  ARIA2: IDLE/TRANSITIONING
  27B Model: 15.66 GiB / 15.65 GiB (100.0% complete)
  30B Model: 17.28 GiB / 17.28 GiB (100.0% complete)
  8B Model:  15.26 GiB / 15.26 GiB (100.0% complete, 11 files)
  DISK:      /dev/sda1       290G   86G  205G  30% /
----------------------------------------------------------------------------------------
[2026-10-08 08:19:34] [STAGE: COMPLETE: All 3 Models Staged & Quarantined]
  STATUS: All model weights downloaded. Strict permissions (750 dirs, 640 files) enforced.
  STREAM: Status: ALL COMPLETE
  ARIA2: IDLE/TRANSITIONING
  27B Model: 15.66 GiB / 15.65 GiB (100.0% complete)
  30B Model: 17.28 GiB / 17.28 GiB (100.0% complete)
  8B Model:  15.26 GiB / 15.26 GiB (100.0% complete, 11 files)
  DISK:      /dev/sda1       290G   86G  205G  30% /
----------------------------------------------------------------------------------------
[2026-10-08 08:19:45] [STAGE: COMPLETE: All 3 Models Staged & Quarantined]
  STATUS: All model weights downloaded. Strict permissions (750 dirs, 640 files) enforced.
  STREAM: Status: ALL COMPLETE
  ARIA2: IDLE/TRANSITIONING
  27B Model: 15.66 GiB / 15.65 GiB (100.0% complete)
  30B Model: 17.28 GiB / 17.28 GiB (100.0% complete)
  8B Model:  15.26 GiB / 15.26 GiB (100.0% complete, 11 files)
  DISK:      /dev/sda1       290G   86G  205G  30% /
----------------------------------------------------------------------------------------
[2026-10-08 08:19:57] [STAGE: COMPLETE: All 3 Models Staged & Quarantined]
  STATUS: All model weights downloaded. Strict permissions (750 dirs, 640 files) enforced.
  STREAM: Status: ALL COMPLETE
  ARIA2: IDLE/TRANSITIONING
  27B Model: 15.66 GiB / 15.65 GiB (100.0% complete)
  30B Model: 17.28 GiB / 17.28 GiB (100.0% complete)
  8B Model:  15.26 GiB / 15.26 GiB (100.0% complete, 11 files)
  DISK:      /dev/sda1       290G   86G  205G  30% /
----------------------------------------------------------------------------------------
[2026-10-08 08:20:08] [STAGE: COMPLETE: All 3 Models Staged & Quarantined]
  STATUS: All model weights downloaded. Strict permissions (750 dirs, 640 files) enforced.
  STREAM: Status: ALL COMPLETE
  ARIA2: IDLE/TRANSITIONING
  27B Model: 15.66 GiB / 15.65 GiB (100.0% complete)
  30B Model: 17.28 GiB / 17.28 GiB (100.0% complete)
  8B Model:  15.26 GiB / 15.26 GiB (100.0% complete, 11 files)
  DISK:      /dev/sda1       290G   86G  205G  30% /
----------------------------------------------------------------------------------------
[2026-10-08 08:20:19] [STAGE: COMPLETE: All 3 Models Staged & Quarantined]
  STATUS: All model weights downloaded. Strict permissions (750 dirs, 640 files) enforced.
  STREAM: Status: ALL COMPLETE
  ARIA2: IDLE/TRANSITIONING
  27B Model: 15.66 GiB / 15.65 GiB (100.0% complete)
  30B Model: 17.28 GiB / 17.28 GiB (100.0% complete)
  8B Model:  15.26 GiB / 15.26 GiB (100.0% complete, 11 files)
  DISK:      /dev/sda1       290G   86G  205G  30% /
----------------------------------------------------------------------------------------
[2026-10-08 08:20:31] [STAGE: COMPLETE: All 3 Models Staged & Quarantined]
  STATUS: All model weights downloaded. Strict permissions (750 dirs, 640 files) enforced.
  STREAM: Status: ALL COMPLETE
  ARIA2: IDLE/TRANSITIONING
  27B Model: 15.66 GiB / 15.65 GiB (100.0% complete)
  30B Model: 17.28 GiB / 17.28 GiB (100.0% complete)
  8B Model:  15.26 GiB / 15.26 GiB (100.0% complete, 11 files)
  DISK:      /dev/sda1       290G   86G  205G  30% /
----------------------------------------------------------------------------------------
[2026-10-08 08:20:42] [STAGE: COMPLETE: All 3 Models Staged & Quarantined]
  STATUS: All model weights downloaded. Strict permissions (750 dirs, 640 files) enforced.
  STREAM: Status: ALL COMPLETE
  ARIA2: IDLE/TRANSITIONING
  27B Model: 15.66 GiB / 15.65 GiB (100.0% complete)
  30B Model: 17.28 GiB / 17.28 GiB (100.0% complete)
  8B Model:  15.26 GiB / 15.26 GiB (100.0% complete, 11 files)
  DISK:      /dev/sda1       290G   86G  205G  30% /
----------------------------------------------------------------------------------------
[2026-10-08 08:20:53] [STAGE: COMPLETE: All 3 Models Staged & Quarantined]
  STATUS: All model weights downloaded. Strict permissions (750 dirs, 640 files) enforced.
  STREAM: Status: ALL COMPLETE
  ARIA2: IDLE/TRANSITIONING
  27B Model: 15.66 GiB / 15.65 GiB (100.0% complete)
  30B Model: 17.28 GiB / 17.28 GiB (100.0% complete)
  8B Model:  15.26 GiB / 15.26 GiB (100.0% complete, 11 files)
  DISK:      /dev/sda1       290G   86G  205G  30% /
----------------------------------------------------------------------------------------
[2026-10-08 08:21:03] [STAGE: COMPLETE: All 3 Models Staged & Quarantined]
  STATUS: All model weights downloaded. Strict permissions (750 dirs, 640 files) enforced.
  STREAM: Status: ALL COMPLETE
  ARIA2: IDLE/TRANSITIONING
  27B Model: 15.66 GiB / 15.65 GiB (100.0% complete)
  30B Model: 17.28 GiB / 17.28 GiB (100.0% complete)
  8B Model:  15.26 GiB / 15.26 GiB (100.0% complete, 11 files)
  DISK:      /dev/sda1       290G   86G  205G  30% /
----------------------------------------------------------------------------------------
[2026-10-08 08:21:14] [STAGE: COMPLETE: All 3 Models Staged & Quarantined]
  STATUS: All model weights downloaded. Strict permissions (750 dirs, 640 files) enforced.
  STREAM: Status: ALL COMPLETE
  ARIA2: IDLE/TRANSITIONING
  27B Model: 15.66 GiB / 15.65 GiB (100.0% complete)
  30B Model: 17.28 GiB / 17.28 GiB (100.0% complete)
  8B Model:  15.26 GiB / 15.26 GiB (100.0% complete, 11 files)
  DISK:      /dev/sda1       290G   86G  205G  30% /
----------------------------------------------------------------------------------------
[2026-10-08 08:21:25] [STAGE: COMPLETE: All 3 Models Staged & Quarantined]
  STATUS: All model weights downloaded. Strict permissions (750 dirs, 640 files) enforced.
  STREAM: Status: ALL COMPLETE
  ARIA2: IDLE/TRANSITIONING
  27B Model: 15.66 GiB / 15.65 GiB (100.0% complete)
  30B Model: 17.28 GiB / 17.28 GiB (100.0% complete)
  8B Model:  15.26 GiB / 15.26 GiB (100.0% complete, 11 files)
  DISK:      /dev/sda1       290G   86G  205G  30% /
----------------------------------------------------------------------------------------
[2026-10-08 08:21:36] [STAGE: COMPLETE: All 3 Models Staged & Quarantined]
  STATUS: All model weights downloaded. Strict permissions (750 dirs, 640 files) enforced.
  STREAM: Status: ALL COMPLETE
  ARIA2: IDLE/TRANSITIONING
  27B Model: 15.66 GiB / 15.65 GiB (100.0% complete)
  30B Model: 17.28 GiB / 17.28 GiB (100.0% complete)
  8B Model:  15.26 GiB / 15.26 GiB (100.0% complete, 11 files)
  DISK:      /dev/sda1       290G   86G  205G  30% /
----------------------------------------------------------------------------------------
[2026-10-08 08:21:47] [STAGE: COMPLETE: All 3 Models Staged & Quarantined]
  STATUS: All model weights downloaded. Strict permissions (750 dirs, 640 files) enforced.
  STREAM: Status: ALL COMPLETE
  ARIA2: IDLE/TRANSITIONING
  27B Model: 15.66 GiB / 15.65 GiB (100.0% complete)
  30B Model: 17.28 GiB / 17.28 GiB (100.0% complete)
  8B Model:  15.26 GiB / 15.26 GiB (100.0% complete, 11 files)
  DISK:      /dev/sda1       290G   86G  205G  30% /
----------------------------------------------------------------------------------------
[2026-10-08 08:22:00] [STAGE: COMPLETE: All 3 Models Staged & Quarantined]
  STATUS: All model weights downloaded. Strict permissions (750 dirs, 640 files) enforced.
  STREAM: Status: ALL COMPLETE
  ARIA2: IDLE/TRANSITIONING
  27B Model: 15.66 GiB / 15.65 GiB (100.0% complete)
  30B Model: 17.28 GiB / 17.28 GiB (100.0% complete)
  8B Model:  15.26 GiB / 15.26 GiB (100.0% complete, 11 files)
  DISK:      /dev/sda1       290G   86G  205G  30% /
----------------------------------------------------------------------------------------
[2026-10-08 08:22:11] [STAGE: COMPLETE: All 3 Models Staged & Quarantined]
  STATUS: All model weights downloaded. Strict permissions (750 dirs, 640 files) enforced.
  STREAM: Status: ALL COMPLETE
  ARIA2: IDLE/TRANSITIONING
  27B Model: 15.66 GiB / 15.65 GiB (100.0% complete)
  30B Model: 17.28 GiB / 17.28 GiB (100.0% complete)
  8B Model:  15.26 GiB / 15.26 GiB (100.0% complete, 11 files)
  DISK:      /dev/sda1       290G   86G  205G  30% /
----------------------------------------------------------------------------------------
[2026-10-08 08:22:23] [STAGE: COMPLETE: All 3 Models Staged & Quarantined]
  STATUS: All model weights downloaded. Strict permissions (750 dirs, 640 files) enforced.
  STREAM: Status: ALL COMPLETE
  ARIA2: IDLE/TRANSITIONING
  27B Model: 15.66 GiB / 15.65 GiB (100.0% complete)
  30B Model: 17.28 GiB / 17.28 GiB (100.0% complete)
  8B Model:  15.26 GiB / 15.26 GiB (100.0% complete, 11 files)
  DISK:      /dev/sda1       290G   86G  205G  30% /
----------------------------------------------------------------------------------------
[2026-10-08 08:22:34] [STAGE: COMPLETE: All 3 Models Staged & Quarantined]
  STATUS: All model weights downloaded. Strict permissions (750 dirs, 640 files) enforced.
  STREAM: Status: ALL COMPLETE
  ARIA2: IDLE/TRANSITIONING
  27B Model: 15.66 GiB / 15.65 GiB (100.0% complete)
  30B Model: 17.28 GiB / 17.28 GiB (100.0% complete)
  8B Model:  15.26 GiB / 15.26 GiB (100.0% complete, 11 files)
  DISK:      /dev/sda1       290G   86G  205G  30% /
----------------------------------------------------------------------------------------
[2026-10-08 08:22:45] [STAGE: COMPLETE: All 3 Models Staged & Quarantined]
  STATUS: All model weights downloaded. Strict permissions (750 dirs, 640 files) enforced.
  STREAM: Status: ALL COMPLETE
  ARIA2: IDLE/TRANSITIONING
  27B Model: 15.66 GiB / 15.65 GiB (100.0% complete)
  30B Model: 17.28 GiB / 17.28 GiB (100.0% complete)
  8B Model:  15.26 GiB / 15.26 GiB (100.0% complete, 11 files)
  DISK:      /dev/sda1       290G   86G  205G  30% /
----------------------------------------------------------------------------------------
[2026-10-08 08:22:57] [STAGE: COMPLETE: All 3 Models Staged & Quarantined]
  STATUS: All model weights downloaded. Strict permissions (750 dirs, 640 files) enforced.
  STREAM: Status: ALL COMPLETE
  ARIA2: IDLE/TRANSITIONING
  27B Model: 15.66 GiB / 15.65 GiB (100.0% complete)
  30B Model: 17.28 GiB / 17.28 GiB (100.0% complete)
  8B Model:  15.26 GiB / 15.26 GiB (100.0% complete, 11 files)
  DISK:      /dev/sda1       290G   86G  205G  30% /
----------------------------------------------------------------------------------------
[2026-10-08 08:23:08] [STAGE: COMPLETE: All 3 Models Staged & Quarantined]
  STATUS: All model weights downloaded. Strict permissions (750 dirs, 640 files) enforced.
  STREAM: Status: ALL COMPLETE
  ARIA2: IDLE/TRANSITIONING
  27B Model: 15.66 GiB / 15.65 GiB (100.0% complete)
  30B Model: 17.28 GiB / 17.28 GiB (100.0% complete)
  8B Model:  15.26 GiB / 15.26 GiB (100.0% complete, 11 files)
  DISK:      /dev/sda1       290G   86G  205G  30% /
----------------------------------------------------------------------------------------
[2026-10-08 08:23:20] [STAGE: COMPLETE: All 3 Models Staged & Quarantined]
  STATUS: All model weights downloaded. Strict permissions (750 dirs, 640 files) enforced.
  STREAM: Status: ALL COMPLETE
  ARIA2: IDLE/TRANSITIONING
  27B Model: 15.66 GiB / 15.65 GiB (100.0% complete)
  30B Model: 17.28 GiB / 17.28 GiB (100.0% complete)
  8B Model:  15.26 GiB / 15.26 GiB (100.0% complete, 11 files)
  DISK:      /dev/sda1       290G   86G  205G  30% /
----------------------------------------------------------------------------------------
[2026-10-08 08:23:31] [STAGE: COMPLETE: All 3 Models Staged & Quarantined]
  STATUS: All model weights downloaded. Strict permissions (750 dirs, 640 files) enforced.
  STREAM: Status: ALL COMPLETE
  ARIA2: IDLE/TRANSITIONING
  27B Model: 15.66 GiB / 15.65 GiB (100.0% complete)
  30B Model: 17.28 GiB / 17.28 GiB (100.0% complete)
  8B Model:  15.26 GiB / 15.26 GiB (100.0% complete, 11 files)
  DISK:      /dev/sda1       290G   86G  205G  30% /
----------------------------------------------------------------------------------------
[2026-10-08 08:23:42] [STAGE: COMPLETE: All 3 Models Staged & Quarantined]
  STATUS: All model weights downloaded. Strict permissions (750 dirs, 640 files) enforced.
  STREAM: Status: ALL COMPLETE
  ARIA2: IDLE/TRANSITIONING
  27B Model: 15.66 GiB / 15.65 GiB (100.0% complete)
  30B Model: 17.28 GiB / 17.28 GiB (100.0% complete)
  8B Model:  15.26 GiB / 15.26 GiB (100.0% complete, 11 files)
  DISK:      /dev/sda1       290G   86G  205G  30% /
----------------------------------------------------------------------------------------
[2026-10-08 08:23:53] [STAGE: COMPLETE: All 3 Models Staged & Quarantined]
  STATUS: All model weights downloaded. Strict permissions (750 dirs, 640 files) enforced.
  STREAM: Status: ALL COMPLETE
  ARIA2: IDLE/TRANSITIONING
  27B Model: 15.66 GiB / 15.65 GiB (100.0% complete)
  30B Model: 17.28 GiB / 17.28 GiB (100.0% complete)
  8B Model:  15.26 GiB / 15.26 GiB (100.0% complete, 11 files)
  DISK:      /dev/sda1       290G   86G  205G  30% /
----------------------------------------------------------------------------------------
[2026-10-08 08:24:04] [STAGE: COMPLETE: All 3 Models Staged & Quarantined]
  STATUS: All model weights downloaded. Strict permissions (750 dirs, 640 files) enforced.
  STREAM: Status: ALL COMPLETE
  ARIA2: IDLE/TRANSITIONING
  27B Model: 15.66 GiB / 15.65 GiB (100.0% complete)
  30B Model: 17.28 GiB / 17.28 GiB (100.0% complete)
  8B Model:  15.26 GiB / 15.26 GiB (100.0% complete, 11 files)
  DISK:      /dev/sda1       290G   86G  205G  30% /
----------------------------------------------------------------------------------------
[2026-10-08 08:24:15] [STAGE: COMPLETE: All 3 Models Staged & Quarantined]
  STATUS: All model weights downloaded. Strict permissions (750 dirs, 640 files) enforced.
  STREAM: Status: ALL COMPLETE
  ARIA2: IDLE/TRANSITIONING
  27B Model: 15.66 GiB / 15.65 GiB (100.0% complete)
  30B Model: 17.28 GiB / 17.28 GiB (100.0% complete)
  8B Model:  15.26 GiB / 15.26 GiB (100.0% complete, 11 files)
  DISK:      /dev/sda1       290G   86G  205G  30% /
----------------------------------------------------------------------------------------
[2026-10-08 08:24:26] [STAGE: COMPLETE: All 3 Models Staged & Quarantined]
  STATUS: All model weights downloaded. Strict permissions (750 dirs, 640 files) enforced.
  STREAM: Status: ALL COMPLETE
  ARIA2: IDLE/TRANSITIONING
  27B Model: 15.66 GiB / 15.65 GiB (100.0% complete)
  30B Model: 17.28 GiB / 17.28 GiB (100.0% complete)
  8B Model:  15.26 GiB / 15.26 GiB (100.0% complete, 11 files)
  DISK:      /dev/sda1       290G   86G  205G  30% /
----------------------------------------------------------------------------------------
[2026-10-08 08:24:38] [STAGE: COMPLETE: All 3 Models Staged & Quarantined]
  STATUS: All model weights downloaded. Strict permissions (750 dirs, 640 files) enforced.
  STREAM: Status: ALL COMPLETE
  ARIA2: IDLE/TRANSITIONING
  27B Model: 15.66 GiB / 15.65 GiB (100.0% complete)
  30B Model: 17.28 GiB / 17.28 GiB (100.0% complete)
  8B Model:  15.26 GiB / 15.26 GiB (100.0% complete, 11 files)
  DISK:      /dev/sda1       290G   86G  205G  30% /
----------------------------------------------------------------------------------------
[2026-10-08 08:24:49] [STAGE: COMPLETE: All 3 Models Staged & Quarantined]
  STATUS: All model weights downloaded. Strict permissions (750 dirs, 640 files) enforced.
  STREAM: Status: ALL COMPLETE
  ARIA2: IDLE/TRANSITIONING
  27B Model: 15.66 GiB / 15.65 GiB (100.0% complete)
  30B Model: 17.28 GiB / 17.28 GiB (100.0% complete)
  8B Model:  15.26 GiB / 15.26 GiB (100.0% complete, 11 files)
  DISK:      /dev/sda1       290G   86G  205G  30% /
----------------------------------------------------------------------------------------
[2026-10-08 08:25:00] [STAGE: COMPLETE: All 3 Models Staged & Quarantined]
  STATUS: All model weights downloaded. Strict permissions (750 dirs, 640 files) enforced.
  STREAM: Status: ALL COMPLETE
  ARIA2: IDLE/TRANSITIONING
  27B Model: 15.66 GiB / 15.65 GiB (100.0% complete)
  30B Model: 17.28 GiB / 17.28 GiB (100.0% complete)
  8B Model:  15.26 GiB / 15.26 GiB (100.0% complete, 11 files)
  DISK:      /dev/sda1       290G   86G  205G  30% /
----------------------------------------------------------------------------------------
[2026-10-08 08:25:11] [STAGE: COMPLETE: All 3 Models Staged & Quarantined]
  STATUS: All model weights downloaded. Strict permissions (750 dirs, 640 files) enforced.
  STREAM: Status: ALL COMPLETE
  ARIA2: IDLE/TRANSITIONING
  27B Model: 15.66 GiB / 15.65 GiB (100.0% complete)
  30B Model: 17.28 GiB / 17.28 GiB (100.0% complete)
  8B Model:  15.26 GiB / 15.26 GiB (100.0% complete, 11 files)
  DISK:      /dev/sda1       290G   86G  205G  30% /
----------------------------------------------------------------------------------------
[2026-10-08 08:25:23] [STAGE: COMPLETE: All 3 Models Staged & Quarantined]
  STATUS: All model weights downloaded. Strict permissions (750 dirs, 640 files) enforced.
  STREAM: Status: ALL COMPLETE
  ARIA2: IDLE/TRANSITIONING
  27B Model: 15.66 GiB / 15.65 GiB (100.0% complete)
  30B Model: 17.28 GiB / 17.28 GiB (100.0% complete)
  8B Model:  15.26 GiB / 15.26 GiB (100.0% complete, 11 files)
  DISK:      /dev/sda1       290G   86G  205G  30% /
----------------------------------------------------------------------------------------
[2026-10-08 08:25:34] [STAGE: COMPLETE: All 3 Models Staged & Quarantined]
  STATUS: All model weights downloaded. Strict permissions (750 dirs, 640 files) enforced.
  STREAM: Status: ALL COMPLETE
  ARIA2: IDLE/TRANSITIONING
  27B Model: 15.66 GiB / 15.65 GiB (100.0% complete)
  30B Model: 17.28 GiB / 17.28 GiB (100.0% complete)
  8B Model:  15.26 GiB / 15.26 GiB (100.0% complete, 11 files)
  DISK:      /dev/sda1       290G   86G  205G  30% /
----------------------------------------------------------------------------------------
[2026-10-08 08:25:45] [STAGE: COMPLETE: All 3 Models Staged & Quarantined]
  STATUS: All model weights downloaded. Strict permissions (750 dirs, 640 files) enforced.
  STREAM: Status: ALL COMPLETE
  ARIA2: IDLE/TRANSITIONING
  27B Model: 15.66 GiB / 15.65 GiB (100.0% complete)
  30B Model: 17.28 GiB / 17.28 GiB (100.0% complete)
  8B Model:  15.26 GiB / 15.26 GiB (100.0% complete, 11 files)
  DISK:      /dev/sda1       290G   86G  205G  30% /
----------------------------------------------------------------------------------------
[2026-10-08 08:25:56] [STAGE: COMPLETE: All 3 Models Staged & Quarantined]
  STATUS: All model weights downloaded. Strict permissions (750 dirs, 640 files) enforced.
  STREAM: Status: ALL COMPLETE
  ARIA2: IDLE/TRANSITIONING
  27B Model: 15.66 GiB / 15.65 GiB (100.0% complete)
  30B Model: 17.28 GiB / 17.28 GiB (100.0% complete)
  8B Model:  15.26 GiB / 15.26 GiB (100.0% complete, 11 files)
  DISK:      /dev/sda1       290G   86G  205G  30% /
----------------------------------------------------------------------------------------
[2026-10-08 08:26:06] [STAGE: COMPLETE: All 3 Models Staged & Quarantined]
  STATUS: All model weights downloaded. Strict permissions (750 dirs, 640 files) enforced.
  STREAM: Status: ALL COMPLETE
  ARIA2: IDLE/TRANSITIONING
  27B Model: 15.66 GiB / 15.65 GiB (100.0% complete)
  30B Model: 17.28 GiB / 17.28 GiB (100.0% complete)
  8B Model:  15.26 GiB / 15.26 GiB (100.0% complete, 11 files)
  DISK:      /dev/sda1       290G   86G  205G  30% /
----------------------------------------------------------------------------------------
[2026-10-08 08:26:18] [STAGE: COMPLETE: All 3 Models Staged & Quarantined]
  STATUS: All model weights downloaded. Strict permissions (750 dirs, 640 files) enforced.
  STREAM: Status: ALL COMPLETE
  ARIA2: IDLE/TRANSITIONING
  27B Model: 15.66 GiB / 15.65 GiB (100.0% complete)
  30B Model: 17.28 GiB / 17.28 GiB (100.0% complete)
  8B Model:  15.26 GiB / 15.26 GiB (100.0% complete, 11 files)
  DISK:      /dev/sda1       290G   86G  205G  30% /
----------------------------------------------------------------------------------------
[2026-10-08 08:26:29] [STAGE: COMPLETE: All 3 Models Staged & Quarantined]
  STATUS: All model weights downloaded. Strict permissions (750 dirs, 640 files) enforced.
  STREAM: Status: ALL COMPLETE
  ARIA2: IDLE/TRANSITIONING
  27B Model: 15.66 GiB / 15.65 GiB (100.0% complete)
  30B Model: 17.28 GiB / 17.28 GiB (100.0% complete)
  8B Model:  15.26 GiB / 15.26 GiB (100.0% complete, 11 files)
  DISK:      /dev/sda1       290G   86G  205G  30% /
----------------------------------------------------------------------------------------
[2026-10-08 08:26:41] [STAGE: COMPLETE: All 3 Models Staged & Quarantined]
  STATUS: All model weights downloaded. Strict permissions (750 dirs, 640 files) enforced.
  STREAM: Status: ALL COMPLETE
  ARIA2: IDLE/TRANSITIONING
  27B Model: 15.66 GiB / 15.65 GiB (100.0% complete)
  30B Model: 17.28 GiB / 17.28 GiB (100.0% complete)
  8B Model:  15.26 GiB / 15.26 GiB (100.0% complete, 11 files)
  DISK:      /dev/sda1       290G   86G  205G  30% /
----------------------------------------------------------------------------------------
[2026-10-08 08:26:52] [STAGE: COMPLETE: All 3 Models Staged & Quarantined]
  STATUS: All model weights downloaded. Strict permissions (750 dirs, 640 files) enforced.
  STREAM: Status: ALL COMPLETE
  ARIA2: IDLE/TRANSITIONING
  27B Model: 15.66 GiB / 15.65 GiB (100.0% complete)
  30B Model: 17.28 GiB / 17.28 GiB (100.0% complete)
  8B Model:  15.26 GiB / 15.26 GiB (100.0% complete, 11 files)
  DISK:      /dev/sda1       290G   86G  205G  30% /
----------------------------------------------------------------------------------------
[2026-10-08 08:27:03] [STAGE: COMPLETE: All 3 Models Staged & Quarantined]
  STATUS: All model weights downloaded. Strict permissions (750 dirs, 640 files) enforced.
  STREAM: Status: ALL COMPLETE
  ARIA2: IDLE/TRANSITIONING
  27B Model: 15.66 GiB / 15.65 GiB (100.0% complete)
  30B Model: 17.28 GiB / 17.28 GiB (100.0% complete)
  8B Model:  15.26 GiB / 15.26 GiB (100.0% complete, 11 files)
  DISK:      /dev/sda1       290G   86G  205G  30% /
----------------------------------------------------------------------------------------
[2026-10-08 08:27:14] [STAGE: COMPLETE: All 3 Models Staged & Quarantined]
  STATUS: All model weights downloaded. Strict permissions (750 dirs, 640 files) enforced.
  STREAM: Status: ALL COMPLETE
  ARIA2: IDLE/TRANSITIONING
  27B Model: 15.66 GiB / 15.65 GiB (100.0% complete)
  30B Model: 17.28 GiB / 17.28 GiB (100.0% complete)
  8B Model:  15.26 GiB / 15.26 GiB (100.0% complete, 11 files)
  DISK:      /dev/sda1       290G   86G  205G  30% /
----------------------------------------------------------------------------------------
[2026-10-08 08:27:25] [STAGE: COMPLETE: All 3 Models Staged & Quarantined]
  STATUS: All model weights downloaded. Strict permissions (750 dirs, 640 files) enforced.
  STREAM: Status: ALL COMPLETE
  ARIA2: IDLE/TRANSITIONING
  27B Model: 15.66 GiB / 15.65 GiB (100.0% complete)
  30B Model: 17.28 GiB / 17.28 GiB (100.0% complete)
  8B Model:  15.26 GiB / 15.26 GiB (100.0% complete, 11 files)
  DISK:      /dev/sda1       290G   86G  205G  30% /
----------------------------------------------------------------------------------------
[2026-10-08 08:27:37] [STAGE: COMPLETE: All 3 Models Staged & Quarantined]
  STATUS: All model weights downloaded. Strict permissions (750 dirs, 640 files) enforced.
  STREAM: Status: ALL COMPLETE
  ARIA2: IDLE/TRANSITIONING
  27B Model: 15.66 GiB / 15.65 GiB (100.0% complete)
  30B Model: 17.28 GiB / 17.28 GiB (100.0% complete)
  8B Model:  15.26 GiB / 15.26 GiB (100.0% complete, 11 files)
  DISK:      /dev/sda1       290G   86G  205G  30% /
----------------------------------------------------------------------------------------
[2026-10-08 08:27:48] [STAGE: COMPLETE: All 3 Models Staged & Quarantined]
  STATUS: All model weights downloaded. Strict permissions (750 dirs, 640 files) enforced.
  STREAM: Status: ALL COMPLETE
  ARIA2: IDLE/TRANSITIONING
  27B Model: 15.66 GiB / 15.65 GiB (100.0% complete)
  30B Model: 17.28 GiB / 17.28 GiB (100.0% complete)
  8B Model:  15.26 GiB / 15.26 GiB (100.0% complete, 11 files)
  DISK:      /dev/sda1       290G   86G  205G  30% /
----------------------------------------------------------------------------------------
[2026-10-08 08:27:59] [STAGE: COMPLETE: All 3 Models Staged & Quarantined]
  STATUS: All model weights downloaded. Strict permissions (750 dirs, 640 files) enforced.
  STREAM: Status: ALL COMPLETE
  ARIA2: IDLE/TRANSITIONING
  27B Model: 15.66 GiB / 15.65 GiB (100.0% complete)
  30B Model: 17.28 GiB / 17.28 GiB (100.0% complete)
  8B Model:  15.26 GiB / 15.26 GiB (100.0% complete, 11 files)
  DISK:      /dev/sda1       290G   86G  205G  30% /
----------------------------------------------------------------------------------------
[2026-10-08 08:28:10] [STAGE: COMPLETE: All 3 Models Staged & Quarantined]
  STATUS: All model weights downloaded. Strict permissions (750 dirs, 640 files) enforced.
  STREAM: Status: ALL COMPLETE
  ARIA2: IDLE/TRANSITIONING
  27B Model: 15.66 GiB / 15.65 GiB (100.0% complete)
  30B Model: 17.28 GiB / 17.28 GiB (100.0% complete)
  8B Model:  15.26 GiB / 15.26 GiB (100.0% complete, 11 files)
  DISK:      /dev/sda1       290G   86G  205G  30% /
----------------------------------------------------------------------------------------
[2026-10-08 08:28:21] [STAGE: COMPLETE: All 3 Models Staged & Quarantined]
  STATUS: All model weights downloaded. Strict permissions (750 dirs, 640 files) enforced.
  STREAM: Status: ALL COMPLETE
  ARIA2: IDLE/TRANSITIONING
  27B Model: 15.66 GiB / 15.65 GiB (100.0% complete)
  30B Model: 17.28 GiB / 17.28 GiB (100.0% complete)
  8B Model:  15.26 GiB / 15.26 GiB (100.0% complete, 11 files)
  DISK:      /dev/sda1       290G   86G  205G  30% /
----------------------------------------------------------------------------------------
[2026-10-08 08:28:32] [STAGE: COMPLETE: All 3 Models Staged & Quarantined]
  STATUS: All model weights downloaded. Strict permissions (750 dirs, 640 files) enforced.
  STREAM: Status: ALL COMPLETE
  ARIA2: IDLE/TRANSITIONING
  27B Model: 15.66 GiB / 15.65 GiB (100.0% complete)
  30B Model: 17.28 GiB / 17.28 GiB (100.0% complete)
  8B Model:  15.26 GiB / 15.26 GiB (100.0% complete, 11 files)
  DISK:      /dev/sda1       290G   86G  205G  30% /
----------------------------------------------------------------------------------------
[2026-10-08 08:28:43] [STAGE: COMPLETE: All 3 Models Staged & Quarantined]
  STATUS: All model weights downloaded. Strict permissions (750 dirs, 640 files) enforced.
  STREAM: Status: ALL COMPLETE
  ARIA2: IDLE/TRANSITIONING
  27B Model: 15.66 GiB / 15.65 GiB (100.0% complete)
  30B Model: 17.28 GiB / 17.28 GiB (100.0% complete)
  8B Model:  15.26 GiB / 15.26 GiB (100.0% complete, 11 files)
  DISK:      /dev/sda1       290G   86G  205G  30% /
----------------------------------------------------------------------------------------
[2026-10-08 08:28:55] [STAGE: COMPLETE: All 3 Models Staged & Quarantined]
  STATUS: All model weights downloaded. Strict permissions (750 dirs, 640 files) enforced.
  STREAM: Status: ALL COMPLETE
  ARIA2: IDLE/TRANSITIONING
  27B Model: 15.66 GiB / 15.65 GiB (100.0% complete)
  30B Model: 17.28 GiB / 17.28 GiB (100.0% complete)
  8B Model:  15.26 GiB / 15.26 GiB (100.0% complete, 11 files)
  DISK:      /dev/sda1       290G   86G  205G  30% /
----------------------------------------------------------------------------------------
[2026-10-08 08:29:06] [STAGE: COMPLETE: All 3 Models Staged & Quarantined]
  STATUS: All model weights downloaded. Strict permissions (750 dirs, 640 files) enforced.
  STREAM: Status: ALL COMPLETE
  ARIA2: IDLE/TRANSITIONING
  27B Model: 15.66 GiB / 15.65 GiB (100.0% complete)
  30B Model: 17.28 GiB / 17.28 GiB (100.0% complete)
  8B Model:  15.26 GiB / 15.26 GiB (100.0% complete, 11 files)
  DISK:      /dev/sda1       290G   86G  205G  30% /
----------------------------------------------------------------------------------------
[2026-10-08 08:29:17] [STAGE: COMPLETE: All 3 Models Staged & Quarantined]
  STATUS: All model weights downloaded. Strict permissions (750 dirs, 640 files) enforced.
  STREAM: Status: ALL COMPLETE
  ARIA2: IDLE/TRANSITIONING
  27B Model: 15.66 GiB / 15.65 GiB (100.0% complete)
  30B Model: 17.28 GiB / 17.28 GiB (100.0% complete)
  8B Model:  15.26 GiB / 15.26 GiB (100.0% complete, 11 files)
  DISK:      /dev/sda1       290G   86G  205G  30% /
----------------------------------------------------------------------------------------
[2026-10-08 08:29:28] [STAGE: COMPLETE: All 3 Models Staged & Quarantined]
  STATUS: All model weights downloaded. Strict permissions (750 dirs, 640 files) enforced.
  STREAM: Status: ALL COMPLETE
  ARIA2: IDLE/TRANSITIONING
  27B Model: 15.66 GiB / 15.65 GiB (100.0% complete)
  30B Model: 17.28 GiB / 17.28 GiB (100.0% complete)
  8B Model:  15.26 GiB / 15.26 GiB (100.0% complete, 11 files)
  DISK:      /dev/sda1       290G   86G  205G  30% /
----------------------------------------------------------------------------------------
[2026-10-08 08:29:40] [STAGE: COMPLETE: All 3 Models Staged & Quarantined]
  STATUS: All model weights downloaded. Strict permissions (750 dirs, 640 files) enforced.
  STREAM: Status: ALL COMPLETE
  ARIA2: IDLE/TRANSITIONING
  27B Model: 15.66 GiB / 15.65 GiB (100.0% complete)
  30B Model: 17.28 GiB / 17.28 GiB (100.0% complete)
  8B Model:  15.26 GiB / 15.26 GiB (100.0% complete, 11 files)
  DISK:      /dev/sda1       290G   86G  205G  30% /
----------------------------------------------------------------------------------------
[2026-10-08 08:29:51] [STAGE: COMPLETE: All 3 Models Staged & Quarantined]
  STATUS: All model weights downloaded. Strict permissions (750 dirs, 640 files) enforced.
  STREAM: Status: ALL COMPLETE
  ARIA2: IDLE/TRANSITIONING
  27B Model: 15.66 GiB / 15.65 GiB (100.0% complete)
  30B Model: 17.28 GiB / 17.28 GiB (100.0% complete)
  8B Model:  15.26 GiB / 15.26 GiB (100.0% complete, 11 files)
  DISK:      /dev/sda1       290G   86G  205G  30% /
----------------------------------------------------------------------------------------
[2026-10-08 08:30:02] [STAGE: COMPLETE: All 3 Models Staged & Quarantined]
  STATUS: All model weights downloaded. Strict permissions (750 dirs, 640 files) enforced.
  STREAM: Status: ALL COMPLETE
  ARIA2: IDLE/TRANSITIONING
  27B Model: 15.66 GiB / 15.65 GiB (100.0% complete)
  30B Model: 17.28 GiB / 17.28 GiB (100.0% complete)
  8B Model:  15.26 GiB / 15.26 GiB (100.0% complete, 11 files)
  DISK:      /dev/sda1       290G   86G  205G  30% /
----------------------------------------------------------------------------------------
[2026-10-08 08:30:13] [STAGE: COMPLETE: All 3 Models Staged & Quarantined]
  STATUS: All model weights downloaded. Strict permissions (750 dirs, 640 files) enforced.
  STREAM: Status: ALL COMPLETE
  ARIA2: IDLE/TRANSITIONING
  27B Model: 15.66 GiB / 15.65 GiB (100.0% complete)
  30B Model: 17.28 GiB / 17.28 GiB (100.0% complete)
  8B Model:  15.26 GiB / 15.26 GiB (100.0% complete, 11 files)
  DISK:      /dev/sda1       290G   86G  205G  30% /
----------------------------------------------------------------------------------------
[2026-10-08 08:30:25] [STAGE: COMPLETE: All 3 Models Staged & Quarantined]
  STATUS: All model weights downloaded. Strict permissions (750 dirs, 640 files) enforced.
  STREAM: Status: ALL COMPLETE
  ARIA2: IDLE/TRANSITIONING
  27B Model: 15.66 GiB / 15.65 GiB (100.0% complete)
  30B Model: 17.28 GiB / 17.28 GiB (100.0% complete)
  8B Model:  15.26 GiB / 15.26 GiB (100.0% complete, 11 files)
  DISK:      /dev/sda1       290G   86G  205G  30% /
----------------------------------------------------------------------------------------
[2026-10-08 08:30:36] [STAGE: COMPLETE: All 3 Models Staged & Quarantined]
  STATUS: All model weights downloaded. Strict permissions (750 dirs, 640 files) enforced.
  STREAM: Status: ALL COMPLETE
  ARIA2: IDLE/TRANSITIONING
  27B Model: 15.66 GiB / 15.65 GiB (100.0% complete)
  30B Model: 17.28 GiB / 17.28 GiB (100.0% complete)
  8B Model:  15.26 GiB / 15.26 GiB (100.0% complete, 11 files)
  DISK:      /dev/sda1       290G   86G  205G  30% /
----------------------------------------------------------------------------------------
[2026-10-08 08:30:47] [STAGE: COMPLETE: All 3 Models Staged & Quarantined]
  STATUS: All model weights downloaded. Strict permissions (750 dirs, 640 files) enforced.
  STREAM: Status: ALL COMPLETE
  ARIA2: IDLE/TRANSITIONING
  27B Model: 15.66 GiB / 15.65 GiB (100.0% complete)
  30B Model: 17.28 GiB / 17.28 GiB (100.0% complete)
  8B Model:  15.26 GiB / 15.26 GiB (100.0% complete, 11 files)
  DISK:      /dev/sda1       290G   86G  205G  30% /
----------------------------------------------------------------------------------------
[2026-10-08 08:30:59] [STAGE: COMPLETE: All 3 Models Staged & Quarantined]
  STATUS: All model weights downloaded. Strict permissions (750 dirs, 640 files) enforced.
  STREAM: Status: ALL COMPLETE
  ARIA2: IDLE/TRANSITIONING
  27B Model: 15.66 GiB / 15.65 GiB (100.0% complete)
  30B Model: 17.28 GiB / 17.28 GiB (100.0% complete)
  8B Model:  15.26 GiB / 15.26 GiB (100.0% complete, 11 files)
  DISK:      /dev/sda1       290G   86G  205G  30% /
----------------------------------------------------------------------------------------
[2026-10-08 08:31:10] [STAGE: COMPLETE: All 3 Models Staged & Quarantined]
  STATUS: All model weights downloaded. Strict permissions (750 dirs, 640 files) enforced.
  STREAM: Status: ALL COMPLETE
  ARIA2: IDLE/TRANSITIONING
  27B Model: 15.66 GiB / 15.65 GiB (100.0% complete)
  30B Model: 17.28 GiB / 17.28 GiB (100.0% complete)
  8B Model:  15.26 GiB / 15.26 GiB (100.0% complete, 11 files)
  DISK:      /dev/sda1       290G   86G  205G  30% /
----------------------------------------------------------------------------------------
[2026-10-08 08:31:21] [STAGE: COMPLETE: All 3 Models Staged & Quarantined]
  STATUS: All model weights downloaded. Strict permissions (750 dirs, 640 files) enforced.
  STREAM: Status: ALL COMPLETE
  ARIA2: IDLE/TRANSITIONING
  27B Model: 15.66 GiB / 15.65 GiB (100.0% complete)
  30B Model: 17.28 GiB / 17.28 GiB (100.0% complete)
  8B Model:  15.26 GiB / 15.26 GiB (100.0% complete, 11 files)
  DISK:      /dev/sda1       290G   86G  205G  30% /
----------------------------------------------------------------------------------------
[2026-10-08 08:31:33] [STAGE: COMPLETE: All 3 Models Staged & Quarantined]
  STATUS: All model weights downloaded. Strict permissions (750 dirs, 640 files) enforced.
  STREAM: Status: ALL COMPLETE
  ARIA2: IDLE/TRANSITIONING
  27B Model: 15.66 GiB / 15.65 GiB (100.0% complete)
  30B Model: 17.28 GiB / 17.28 GiB (100.0% complete)
  8B Model:  15.26 GiB / 15.26 GiB (100.0% complete, 11 files)
  DISK:      /dev/sda1       290G   86G  205G  30% /
----------------------------------------------------------------------------------------
[2026-10-08 08:31:44] [STAGE: COMPLETE: All 3 Models Staged & Quarantined]
  STATUS: All model weights downloaded. Strict permissions (750 dirs, 640 files) enforced.
  STREAM: Status: ALL COMPLETE
  ARIA2: IDLE/TRANSITIONING
  27B Model: 15.66 GiB / 15.65 GiB (100.0% complete)
  30B Model: 17.28 GiB / 17.28 GiB (100.0% complete)
  8B Model:  15.26 GiB / 15.26 GiB (100.0% complete, 11 files)
  DISK:      /dev/sda1       290G   86G  205G  30% /
----------------------------------------------------------------------------------------
[2026-10-08 08:31:55] [STAGE: COMPLETE: All 3 Models Staged & Quarantined]
  STATUS: All model weights downloaded. Strict permissions (750 dirs, 640 files) enforced.
  STREAM: Status: ALL COMPLETE
  ARIA2: IDLE/TRANSITIONING
  27B Model: 15.66 GiB / 15.65 GiB (100.0% complete)
  30B Model: 17.28 GiB / 17.28 GiB (100.0% complete)
  8B Model:  15.26 GiB / 15.26 GiB (100.0% complete, 11 files)
  DISK:      /dev/sda1       290G   86G  205G  30% /
----------------------------------------------------------------------------------------
[2026-10-08 08:32:06] [STAGE: COMPLETE: All 3 Models Staged & Quarantined]
  STATUS: All model weights downloaded. Strict permissions (750 dirs, 640 files) enforced.
  STREAM: Status: ALL COMPLETE
  ARIA2: IDLE/TRANSITIONING
  27B Model: 15.66 GiB / 15.65 GiB (100.0% complete)
  30B Model: 17.28 GiB / 17.28 GiB (100.0% complete)
  8B Model:  15.26 GiB / 15.26 GiB (100.0% complete, 11 files)
  DISK:      /dev/sda1       290G   86G  205G  30% /
----------------------------------------------------------------------------------------
[2026-10-08 08:32:17] [STAGE: COMPLETE: All 3 Models Staged & Quarantined]
  STATUS: All model weights downloaded. Strict permissions (750 dirs, 640 files) enforced.
  STREAM: Status: ALL COMPLETE
  ARIA2: IDLE/TRANSITIONING
  27B Model: 15.66 GiB / 15.65 GiB (100.0% complete)
  30B Model: 17.28 GiB / 17.28 GiB (100.0% complete)
  8B Model:  15.26 GiB / 15.26 GiB (100.0% complete, 11 files)
  DISK:      /dev/sda1       290G   86G  205G  30% /
----------------------------------------------------------------------------------------
[2026-10-08 08:32:28] [STAGE: COMPLETE: All 3 Models Staged & Quarantined]
  STATUS: All model weights downloaded. Strict permissions (750 dirs, 640 files) enforced.
  STREAM: Status: ALL COMPLETE
  ARIA2: IDLE/TRANSITIONING
  27B Model: 15.66 GiB / 15.65 GiB (100.0% complete)
  30B Model: 17.28 GiB / 17.28 GiB (100.0% complete)
  8B Model:  15.26 GiB / 15.26 GiB (100.0% complete, 11 files)
  DISK:      /dev/sda1       290G   86G  205G  30% /
----------------------------------------------------------------------------------------
[2026-10-08 08:32:39] [STAGE: COMPLETE: All 3 Models Staged & Quarantined]
  STATUS: All model weights downloaded. Strict permissions (750 dirs, 640 files) enforced.
  STREAM: Status: ALL COMPLETE
  ARIA2: IDLE/TRANSITIONING
  27B Model: 15.66 GiB / 15.65 GiB (100.0% complete)
  30B Model: 17.28 GiB / 17.28 GiB (100.0% complete)
  8B Model:  15.26 GiB / 15.26 GiB (100.0% complete, 11 files)
  DISK:      /dev/sda1       290G   86G  205G  30% /
----------------------------------------------------------------------------------------
[2026-10-08 08:32:50] [STAGE: COMPLETE: All 3 Models Staged & Quarantined]
  STATUS: All model weights downloaded. Strict permissions (750 dirs, 640 files) enforced.
  STREAM: Status: ALL COMPLETE
  ARIA2: IDLE/TRANSITIONING
  27B Model: 15.66 GiB / 15.65 GiB (100.0% complete)
  30B Model: 17.28 GiB / 17.28 GiB (100.0% complete)
  8B Model:  15.26 GiB / 15.26 GiB (100.0% complete, 11 files)
  DISK:      /dev/sda1       290G   86G  205G  30% /
----------------------------------------------------------------------------------------
[2026-10-08 08:33:01] [STAGE: COMPLETE: All 3 Models Staged & Quarantined]
  STATUS: All model weights downloaded. Strict permissions (750 dirs, 640 files) enforced.
  STREAM: Status: ALL COMPLETE
  ARIA2: IDLE/TRANSITIONING
  27B Model: 15.66 GiB / 15.65 GiB (100.0% complete)
  30B Model: 17.28 GiB / 17.28 GiB (100.0% complete)
  8B Model:  15.26 GiB / 15.26 GiB (100.0% complete, 11 files)
  DISK:      /dev/sda1       290G   86G  205G  30% /
----------------------------------------------------------------------------------------
[2026-10-08 08:33:12] [STAGE: COMPLETE: All 3 Models Staged & Quarantined]
  STATUS: All model weights downloaded. Strict permissions (750 dirs, 640 files) enforced.
  STREAM: Status: ALL COMPLETE
  ARIA2: IDLE/TRANSITIONING
  27B Model: 15.66 GiB / 15.65 GiB (100.0% complete)
  30B Model: 17.28 GiB / 17.28 GiB (100.0% complete)
  8B Model:  15.26 GiB / 15.26 GiB (100.0% complete, 11 files)
  DISK:      /dev/sda1       290G   86G  205G  30% /
----------------------------------------------------------------------------------------
[2026-10-08 08:33:23] [STAGE: COMPLETE: All 3 Models Staged & Quarantined]
  STATUS: All model weights downloaded. Strict permissions (750 dirs, 640 files) enforced.
  STREAM: Status: ALL COMPLETE
  ARIA2: IDLE/TRANSITIONING
  27B Model: 15.66 GiB / 15.65 GiB (100.0% complete)
  30B Model: 17.28 GiB / 17.28 GiB (100.0% complete)
  8B Model:  15.26 GiB / 15.26 GiB (100.0% complete, 11 files)
  DISK:      /dev/sda1       290G   86G  205G  30% /
----------------------------------------------------------------------------------------
[2026-10-08 08:33:34] [STAGE: COMPLETE: All 3 Models Staged & Quarantined]
  STATUS: All model weights downloaded. Strict permissions (750 dirs, 640 files) enforced.
  STREAM: Status: ALL COMPLETE
  ARIA2: IDLE/TRANSITIONING
  27B Model: 15.66 GiB / 15.65 GiB (100.0% complete)
  30B Model: 17.28 GiB / 17.28 GiB (100.0% complete)
  8B Model:  15.26 GiB / 15.26 GiB (100.0% complete, 11 files)
  DISK:      /dev/sda1       290G   86G  205G  30% /
----------------------------------------------------------------------------------------
[2026-10-08 08:33:45] [STAGE: COMPLETE: All 3 Models Staged & Quarantined]
  STATUS: All model weights downloaded. Strict permissions (750 dirs, 640 files) enforced.
  STREAM: Status: ALL COMPLETE
  ARIA2: IDLE/TRANSITIONING
  27B Model: 15.66 GiB / 15.65 GiB (100.0% complete)
  30B Model: 17.28 GiB / 17.28 GiB (100.0% complete)
  8B Model:  15.26 GiB / 15.26 GiB (100.0% complete, 11 files)
  DISK:      /dev/sda1       290G   86G  205G  30% /
----------------------------------------------------------------------------------------
[2026-10-08 08:33:57] [STAGE: COMPLETE: All 3 Models Staged & Quarantined]
  STATUS: All model weights downloaded. Strict permissions (750 dirs, 640 files) enforced.
  STREAM: Status: ALL COMPLETE
  ARIA2: IDLE/TRANSITIONING
  27B Model: 15.66 GiB / 15.65 GiB (100.0% complete)
  30B Model: 17.28 GiB / 17.28 GiB (100.0% complete)
  8B Model:  15.26 GiB / 15.26 GiB (100.0% complete, 11 files)
  DISK:      /dev/sda1       290G   86G  205G  30% /
----------------------------------------------------------------------------------------
[2026-10-08 08:34:08] [STAGE: COMPLETE: All 3 Models Staged & Quarantined]
  STATUS: All model weights downloaded. Strict permissions (750 dirs, 640 files) enforced.
  STREAM: Status: ALL COMPLETE
  ARIA2: IDLE/TRANSITIONING
  27B Model: 15.66 GiB / 15.65 GiB (100.0% complete)
  30B Model: 17.28 GiB / 17.28 GiB (100.0% complete)
  8B Model:  15.26 GiB / 15.26 GiB (100.0% complete, 11 files)
  DISK:      /dev/sda1       290G   86G  205G  30% /
----------------------------------------------------------------------------------------
[2026-10-08 08:34:19] [STAGE: COMPLETE: All 3 Models Staged & Quarantined]
  STATUS: All model weights downloaded. Strict permissions (750 dirs, 640 files) enforced.
  STREAM: Status: ALL COMPLETE
  ARIA2: IDLE/TRANSITIONING
  27B Model: 15.66 GiB / 15.65 GiB (100.0% complete)
  30B Model: 17.28 GiB / 17.28 GiB (100.0% complete)
  8B Model:  15.26 GiB / 15.26 GiB (100.0% complete, 11 files)
  DISK:      /dev/sda1       290G   86G  205G  30% /
----------------------------------------------------------------------------------------
[2026-10-08 08:34:30] [STAGE: COMPLETE: All 3 Models Staged & Quarantined]
  STATUS: All model weights downloaded. Strict permissions (750 dirs, 640 files) enforced.
  STREAM: Status: ALL COMPLETE
  ARIA2: IDLE/TRANSITIONING
  27B Model: 15.66 GiB / 15.65 GiB (100.0% complete)
  30B Model: 17.28 GiB / 17.28 GiB (100.0% complete)
  8B Model:  15.26 GiB / 15.26 GiB (100.0% complete, 11 files)
  DISK:      /dev/sda1       290G   86G  205G  30% /
----------------------------------------------------------------------------------------
[2026-10-08 08:34:41] [STAGE: COMPLETE: All 3 Models Staged & Quarantined]
  STATUS: All model weights downloaded. Strict permissions (750 dirs, 640 files) enforced.
  STREAM: Status: ALL COMPLETE
  ARIA2: IDLE/TRANSITIONING
  27B Model: 15.66 GiB / 15.65 GiB (100.0% complete)
  30B Model: 17.28 GiB / 17.28 GiB (100.0% complete)
  8B Model:  15.26 GiB / 15.26 GiB (100.0% complete, 11 files)
  DISK:      /dev/sda1       290G   86G  205G  30% /
----------------------------------------------------------------------------------------
[2026-10-08 08:34:53] [STAGE: COMPLETE: All 3 Models Staged & Quarantined]
  STATUS: All model weights downloaded. Strict permissions (750 dirs, 640 files) enforced.
  STREAM: Status: ALL COMPLETE
  ARIA2: IDLE/TRANSITIONING
  27B Model: 15.66 GiB / 15.65 GiB (100.0% complete)
  30B Model: 17.28 GiB / 17.28 GiB (100.0% complete)
  8B Model:  15.26 GiB / 15.26 GiB (100.0% complete, 11 files)
  DISK:      /dev/sda1       290G   86G  205G  30% /
----------------------------------------------------------------------------------------
[2026-10-08 08:35:04] [STAGE: COMPLETE: All 3 Models Staged & Quarantined]
  STATUS: All model weights downloaded. Strict permissions (750 dirs, 640 files) enforced.
  STREAM: Status: ALL COMPLETE
  ARIA2: IDLE/TRANSITIONING
  27B Model: 15.66 GiB / 15.65 GiB (100.0% complete)
  30B Model: 17.28 GiB / 17.28 GiB (100.0% complete)
  8B Model:  15.26 GiB / 15.26 GiB (100.0% complete, 11 files)
  DISK:      /dev/sda1       290G   86G  205G  30% /
----------------------------------------------------------------------------------------
[2026-10-08 08:35:15] [STAGE: COMPLETE: All 3 Models Staged & Quarantined]
  STATUS: All model weights downloaded. Strict permissions (750 dirs, 640 files) enforced.
  STREAM: Status: ALL COMPLETE
  ARIA2: IDLE/TRANSITIONING
  27B Model: 15.66 GiB / 15.65 GiB (100.0% complete)
  30B Model: 17.28 GiB / 17.28 GiB (100.0% complete)
  8B Model:  15.26 GiB / 15.26 GiB (100.0% complete, 11 files)
  DISK:      /dev/sda1       290G   86G  205G  30% /
----------------------------------------------------------------------------------------
[2026-10-08 08:35:26] [STAGE: COMPLETE: All 3 Models Staged & Quarantined]
  STATUS: All model weights downloaded. Strict permissions (750 dirs, 640 files) enforced.
  STREAM: Status: ALL COMPLETE
  ARIA2: IDLE/TRANSITIONING
  27B Model: 15.66 GiB / 15.65 GiB (100.0% complete)
  30B Model: 17.28 GiB / 17.28 GiB (100.0% complete)
  8B Model:  15.26 GiB / 15.26 GiB (100.0% complete, 11 files)
  DISK:      /dev/sda1       290G   86G  205G  30% /
----------------------------------------------------------------------------------------
[2026-10-08 08:35:37] [STAGE: COMPLETE: All 3 Models Staged & Quarantined]
  STATUS: All model weights downloaded. Strict permissions (750 dirs, 640 files) enforced.
  STREAM: Status: ALL COMPLETE
  ARIA2: IDLE/TRANSITIONING
  27B Model: 15.66 GiB / 15.65 GiB (100.0% complete)
  30B Model: 17.28 GiB / 17.28 GiB (100.0% complete)
  8B Model:  15.26 GiB / 15.26 GiB (100.0% complete, 11 files)
  DISK:      /dev/sda1       290G   86G  205G  30% /
----------------------------------------------------------------------------------------
[2026-10-08 08:35:48] [STAGE: COMPLETE: All 3 Models Staged & Quarantined]
  STATUS: All model weights downloaded. Strict permissions (750 dirs, 640 files) enforced.
  STREAM: Status: ALL COMPLETE
  ARIA2: IDLE/TRANSITIONING
  27B Model: 15.66 GiB / 15.65 GiB (100.0% complete)
  30B Model: 17.28 GiB / 17.28 GiB (100.0% complete)
  8B Model:  15.26 GiB / 15.26 GiB (100.0% complete, 11 files)
  DISK:      /dev/sda1       290G   86G  205G  30% /
----------------------------------------------------------------------------------------
[2026-10-08 08:36:00] [STAGE: COMPLETE: All 3 Models Staged & Quarantined]
  STATUS: All model weights downloaded. Strict permissions (750 dirs, 640 files) enforced.
  STREAM: Status: ALL COMPLETE
  ARIA2: IDLE/TRANSITIONING
  27B Model: 15.66 GiB / 15.65 GiB (100.0% complete)
  30B Model: 17.28 GiB / 17.28 GiB (100.0% complete)
  8B Model:  15.26 GiB / 15.26 GiB (100.0% complete, 11 files)
  DISK:      /dev/sda1       290G   86G  205G  30% /
----------------------------------------------------------------------------------------
[2026-10-08 08:36:12] [STAGE: COMPLETE: All 3 Models Staged & Quarantined]
  STATUS: All model weights downloaded. Strict permissions (750 dirs, 640 files) enforced.
  STREAM: Status: ALL COMPLETE
  ARIA2: IDLE/TRANSITIONING
  27B Model: 15.66 GiB / 15.65 GiB (100.0% complete)
  30B Model: 17.28 GiB / 17.28 GiB (100.0% complete)
  8B Model:  15.26 GiB / 15.26 GiB (100.0% complete, 11 files)
  DISK:      /dev/sda1       290G   86G  205G  30% /
----------------------------------------------------------------------------------------
[2026-10-08 08:36:23] [STAGE: COMPLETE: All 3 Models Staged & Quarantined]
  STATUS: All model weights downloaded. Strict permissions (750 dirs, 640 files) enforced.
  STREAM: Status: ALL COMPLETE
  ARIA2: IDLE/TRANSITIONING
  27B Model: 15.66 GiB / 15.65 GiB (100.0% complete)
  30B Model: 17.28 GiB / 17.28 GiB (100.0% complete)
  8B Model:  15.26 GiB / 15.26 GiB (100.0% complete, 11 files)
  DISK:      /dev/sda1       290G   86G  205G  30% /
----------------------------------------------------------------------------------------
[2026-10-08 08:36:34] [STAGE: COMPLETE: All 3 Models Staged & Quarantined]
  STATUS: All model weights downloaded. Strict permissions (750 dirs, 640 files) enforced.
  STREAM: Status: ALL COMPLETE
  ARIA2: IDLE/TRANSITIONING
  27B Model: 15.66 GiB / 15.65 GiB (100.0% complete)
  30B Model: 17.28 GiB / 17.28 GiB (100.0% complete)
  8B Model:  15.26 GiB / 15.26 GiB (100.0% complete, 11 files)
  DISK:      /dev/sda1       290G   86G  205G  30% /
----------------------------------------------------------------------------------------
[2026-10-08 08:36:45] [STAGE: COMPLETE: All 3 Models Staged & Quarantined]
  STATUS: All model weights downloaded. Strict permissions (750 dirs, 640 files) enforced.
  STREAM: Status: ALL COMPLETE
  ARIA2: IDLE/TRANSITIONING
  27B Model: 15.66 GiB / 15.65 GiB (100.0% complete)
  30B Model: 17.28 GiB / 17.28 GiB (100.0% complete)
  8B Model:  15.26 GiB / 15.26 GiB (100.0% complete, 11 files)
  DISK:      /dev/sda1       290G   86G  205G  30% /
----------------------------------------------------------------------------------------
[2026-10-08 08:36:56] [STAGE: COMPLETE: All 3 Models Staged & Quarantined]
  STATUS: All model weights downloaded. Strict permissions (750 dirs, 640 files) enforced.
  STREAM: Status: ALL COMPLETE
  ARIA2: IDLE/TRANSITIONING
  27B Model: 15.66 GiB / 15.65 GiB (100.0% complete)
  30B Model: 17.28 GiB / 17.28 GiB (100.0% complete)
  8B Model:  15.26 GiB / 15.26 GiB (100.0% complete, 11 files)
  DISK:      /dev/sda1       290G   86G  205G  30% /
----------------------------------------------------------------------------------------
[2026-10-08 08:37:08] [STAGE: COMPLETE: All 3 Models Staged & Quarantined]
  STATUS: All model weights downloaded. Strict permissions (750 dirs, 640 files) enforced.
  STREAM: Status: ALL COMPLETE
  ARIA2: IDLE/TRANSITIONING
  27B Model: 15.66 GiB / 15.65 GiB (100.0% complete)
  30B Model: 17.28 GiB / 17.28 GiB (100.0% complete)
  8B Model:  15.26 GiB / 15.26 GiB (100.0% complete, 11 files)
  DISK:      /dev/sda1       290G   86G  205G  30% /
----------------------------------------------------------------------------------------
[2026-10-08 08:37:20] [STAGE: COMPLETE: All 3 Models Staged & Quarantined]
  STATUS: All model weights downloaded. Strict permissions (750 dirs, 640 files) enforced.
  STREAM: Status: ALL COMPLETE
  ARIA2: IDLE/TRANSITIONING
  27B Model: 15.66 GiB / 15.65 GiB (100.0% complete)
  30B Model: 17.28 GiB / 17.28 GiB (100.0% complete)
  8B Model:  15.26 GiB / 15.26 GiB (100.0% complete, 11 files)
  DISK:      /dev/sda1       290G   86G  205G  30% /
----------------------------------------------------------------------------------------
[2026-10-08 08:37:31] [STAGE: COMPLETE: All 3 Models Staged & Quarantined]
  STATUS: All model weights downloaded. Strict permissions (750 dirs, 640 files) enforced.
  STREAM: Status: ALL COMPLETE
  ARIA2: IDLE/TRANSITIONING
  27B Model: 15.66 GiB / 15.65 GiB (100.0% complete)
  30B Model: 17.28 GiB / 17.28 GiB (100.0% complete)
  8B Model:  15.26 GiB / 15.26 GiB (100.0% complete, 11 files)
  DISK:      /dev/sda1       290G   86G  205G  30% /
----------------------------------------------------------------------------------------
[2026-10-08 08:37:42] [STAGE: COMPLETE: All 3 Models Staged & Quarantined]
  STATUS: All model weights downloaded. Strict permissions (750 dirs, 640 files) enforced.
  STREAM: Status: ALL COMPLETE
  ARIA2: IDLE/TRANSITIONING
  27B Model: 15.66 GiB / 15.65 GiB (100.0% complete)
  30B Model: 17.28 GiB / 17.28 GiB (100.0% complete)
  8B Model:  15.26 GiB / 15.26 GiB (100.0% complete, 11 files)
  DISK:      /dev/sda1       290G   86G  205G  30% /
----------------------------------------------------------------------------------------
[2026-10-08 08:37:53] [STAGE: COMPLETE: All 3 Models Staged & Quarantined]
  STATUS: All model weights downloaded. Strict permissions (750 dirs, 640 files) enforced.
  STREAM: Status: ALL COMPLETE
  ARIA2: IDLE/TRANSITIONING
  27B Model: 15.66 GiB / 15.65 GiB (100.0% complete)
  30B Model: 17.28 GiB / 17.28 GiB (100.0% complete)
  8B Model:  15.26 GiB / 15.26 GiB (100.0% complete, 11 files)
  DISK:      /dev/sda1       290G   86G  205G  30% /
----------------------------------------------------------------------------------------
[2026-10-08 08:38:04] [STAGE: COMPLETE: All 3 Models Staged & Quarantined]
  STATUS: All model weights downloaded. Strict permissions (750 dirs, 640 files) enforced.
  STREAM: Status: ALL COMPLETE
  ARIA2: IDLE/TRANSITIONING
  27B Model: 15.66 GiB / 15.65 GiB (100.0% complete)
  30B Model: 17.28 GiB / 17.28 GiB (100.0% complete)
  8B Model:  15.26 GiB / 15.26 GiB (100.0% complete, 11 files)
  DISK:      /dev/sda1       290G   86G  205G  30% /
----------------------------------------------------------------------------------------
[2026-10-08 08:38:15] [STAGE: COMPLETE: All 3 Models Staged & Quarantined]
  STATUS: All model weights downloaded. Strict permissions (750 dirs, 640 files) enforced.
  STREAM: Status: ALL COMPLETE
  ARIA2: IDLE/TRANSITIONING
  27B Model: 15.66 GiB / 15.65 GiB (100.0% complete)
  30B Model: 17.28 GiB / 17.28 GiB (100.0% complete)
  8B Model:  15.26 GiB / 15.26 GiB (100.0% complete, 11 files)
  DISK:      /dev/sda1       290G   86G  205G  30% /
----------------------------------------------------------------------------------------
[2026-10-08 08:38:26] [STAGE: COMPLETE: All 3 Models Staged & Quarantined]
  STATUS: All model weights downloaded. Strict permissions (750 dirs, 640 files) enforced.
  STREAM: Status: ALL COMPLETE
  ARIA2: IDLE/TRANSITIONING
  27B Model: 15.66 GiB / 15.65 GiB (100.0% complete)
  30B Model: 17.28 GiB / 17.28 GiB (100.0% complete)
  8B Model:  15.26 GiB / 15.26 GiB (100.0% complete, 11 files)
  DISK:      /dev/sda1       290G   86G  205G  30% /
----------------------------------------------------------------------------------------
[2026-10-08 08:38:38] [STAGE: COMPLETE: All 3 Models Staged & Quarantined]
  STATUS: All model weights downloaded. Strict permissions (750 dirs, 640 files) enforced.
  STREAM: Status: ALL COMPLETE
  ARIA2: IDLE/TRANSITIONING
  27B Model: 15.66 GiB / 15.65 GiB (100.0% complete)
  30B Model: 17.28 GiB / 17.28 GiB (100.0% complete)
  8B Model:  15.26 GiB / 15.26 GiB (100.0% complete, 11 files)
  DISK:      /dev/sda1       290G   86G  205G  30% /
----------------------------------------------------------------------------------------
[2026-10-08 08:38:49] [STAGE: COMPLETE: All 3 Models Staged & Quarantined]
  STATUS: All model weights downloaded. Strict permissions (750 dirs, 640 files) enforced.
  STREAM: Status: ALL COMPLETE
  ARIA2: IDLE/TRANSITIONING
  27B Model: 15.66 GiB / 15.65 GiB (100.0% complete)
  30B Model: 17.28 GiB / 17.28 GiB (100.0% complete)
  8B Model:  15.26 GiB / 15.26 GiB (100.0% complete, 11 files)
  DISK:      /dev/sda1       290G   86G  205G  30% /
----------------------------------------------------------------------------------------
[2026-10-08 08:39:00] [STAGE: COMPLETE: All 3 Models Staged & Quarantined]
  STATUS: All model weights downloaded. Strict permissions (750 dirs, 640 files) enforced.
  STREAM: Status: ALL COMPLETE
  ARIA2: IDLE/TRANSITIONING
  27B Model: 15.66 GiB / 15.65 GiB (100.0% complete)
  30B Model: 17.28 GiB / 17.28 GiB (100.0% complete)
  8B Model:  15.26 GiB / 15.26 GiB (100.0% complete, 11 files)
  DISK:      /dev/sda1       290G   86G  205G  30% /
----------------------------------------------------------------------------------------
[2026-10-08 08:39:11] [STAGE: COMPLETE: All 3 Models Staged & Quarantined]
  STATUS: All model weights downloaded. Strict permissions (750 dirs, 640 files) enforced.
  STREAM: Status: ALL COMPLETE
  ARIA2: IDLE/TRANSITIONING
  27B Model: 15.66 GiB / 15.65 GiB (100.0% complete)
  30B Model: 17.28 GiB / 17.28 GiB (100.0% complete)
  8B Model:  15.26 GiB / 15.26 GiB (100.0% complete, 11 files)
  DISK:      /dev/sda1       290G   86G  205G  30% /
----------------------------------------------------------------------------------------
[2026-10-08 08:39:22] [STAGE: COMPLETE: All 3 Models Staged & Quarantined]
  STATUS: All model weights downloaded. Strict permissions (750 dirs, 640 files) enforced.
  STREAM: Status: ALL COMPLETE
  ARIA2: IDLE/TRANSITIONING
  27B Model: 15.66 GiB / 15.65 GiB (100.0% complete)
  30B Model: 17.28 GiB / 17.28 GiB (100.0% complete)
  8B Model:  15.26 GiB / 15.26 GiB (100.0% complete, 11 files)
  DISK:      /dev/sda1       290G   86G  205G  30% /
----------------------------------------------------------------------------------------
[2026-10-08 08:39:33] [STAGE: COMPLETE: All 3 Models Staged & Quarantined]
  STATUS: All model weights downloaded. Strict permissions (750 dirs, 640 files) enforced.
  STREAM: Status: ALL COMPLETE
  ARIA2: IDLE/TRANSITIONING
  27B Model: 15.66 GiB / 15.65 GiB (100.0% complete)
  30B Model: 17.28 GiB / 17.28 GiB (100.0% complete)
  8B Model:  15.26 GiB / 15.26 GiB (100.0% complete, 11 files)
  DISK:      /dev/sda1       290G   86G  205G  30% /
----------------------------------------------------------------------------------------
[2026-10-08 08:39:44] [STAGE: COMPLETE: All 3 Models Staged & Quarantined]
  STATUS: All model weights downloaded. Strict permissions (750 dirs, 640 files) enforced.
  STREAM: Status: ALL COMPLETE
  ARIA2: IDLE/TRANSITIONING
  27B Model: 15.66 GiB / 15.65 GiB (100.0% complete)
  30B Model: 17.28 GiB / 17.28 GiB (100.0% complete)
  8B Model:  15.26 GiB / 15.26 GiB (100.0% complete, 11 files)
  DISK:      /dev/sda1       290G   86G  205G  30% /
----------------------------------------------------------------------------------------
[2026-10-08 08:39:55] [STAGE: COMPLETE: All 3 Models Staged & Quarantined]
  STATUS: All model weights downloaded. Strict permissions (750 dirs, 640 files) enforced.
  STREAM: Status: ALL COMPLETE
  ARIA2: IDLE/TRANSITIONING
  27B Model: 15.66 GiB / 15.65 GiB (100.0% complete)
  30B Model: 17.28 GiB / 17.28 GiB (100.0% complete)
  8B Model:  15.26 GiB / 15.26 GiB (100.0% complete, 11 files)
  DISK:      /dev/sda1       290G   86G  205G  30% /
----------------------------------------------------------------------------------------
[2026-10-08 08:40:07] [STAGE: COMPLETE: All 3 Models Staged & Quarantined]
  STATUS: All model weights downloaded. Strict permissions (750 dirs, 640 files) enforced.
  STREAM: Status: ALL COMPLETE
  ARIA2: IDLE/TRANSITIONING
  27B Model: 15.66 GiB / 15.65 GiB (100.0% complete)
  30B Model: 17.28 GiB / 17.28 GiB (100.0% complete)
  8B Model:  15.26 GiB / 15.26 GiB (100.0% complete, 11 files)
  DISK:      /dev/sda1       290G   86G  205G  30% /
----------------------------------------------------------------------------------------
[2026-10-08 08:40:18] [STAGE: COMPLETE: All 3 Models Staged & Quarantined]
  STATUS: All model weights downloaded. Strict permissions (750 dirs, 640 files) enforced.
  STREAM: Status: ALL COMPLETE
  ARIA2: IDLE/TRANSITIONING
  27B Model: 15.66 GiB / 15.65 GiB (100.0% complete)
  30B Model: 17.28 GiB / 17.28 GiB (100.0% complete)
  8B Model:  15.26 GiB / 15.26 GiB (100.0% complete, 11 files)
  DISK:      /dev/sda1       290G   86G  205G  30% /
----------------------------------------------------------------------------------------
[2026-10-08 08:40:29] [STAGE: COMPLETE: All 3 Models Staged & Quarantined]
  STATUS: All model weights downloaded. Strict permissions (750 dirs, 640 files) enforced.
  STREAM: Status: ALL COMPLETE
  ARIA2: IDLE/TRANSITIONING
  27B Model: 15.66 GiB / 15.65 GiB (100.0% complete)
  30B Model: 17.28 GiB / 17.28 GiB (100.0% complete)
  8B Model:  15.26 GiB / 15.26 GiB (100.0% complete, 11 files)
  DISK:      /dev/sda1       290G   86G  205G  30% /
----------------------------------------------------------------------------------------
[2026-10-08 08:40:40] [STAGE: COMPLETE: All 3 Models Staged & Quarantined]
  STATUS: All model weights downloaded. Strict permissions (750 dirs, 640 files) enforced.
  STREAM: Status: ALL COMPLETE
  ARIA2: IDLE/TRANSITIONING
  27B Model: 15.66 GiB / 15.65 GiB (100.0% complete)
  30B Model: 17.28 GiB / 17.28 GiB (100.0% complete)
  8B Model:  15.26 GiB / 15.26 GiB (100.0% complete, 11 files)
  DISK:      /dev/sda1       290G   86G  205G  30% /
----------------------------------------------------------------------------------------
[2026-10-08 08:40:51] [STAGE: COMPLETE: All 3 Models Staged & Quarantined]
  STATUS: All model weights downloaded. Strict permissions (750 dirs, 640 files) enforced.
  STREAM: Status: ALL COMPLETE
  ARIA2: IDLE/TRANSITIONING
  27B Model: 15.66 GiB / 15.65 GiB (100.0% complete)
  30B Model: 17.28 GiB / 17.28 GiB (100.0% complete)
  8B Model:  15.26 GiB / 15.26 GiB (100.0% complete, 11 files)
  DISK:      /dev/sda1       290G   86G  205G  30% /
----------------------------------------------------------------------------------------
[2026-10-08 08:41:03] [STAGE: COMPLETE: All 3 Models Staged & Quarantined]
  STATUS: All model weights downloaded. Strict permissions (750 dirs, 640 files) enforced.
  STREAM: Status: ALL COMPLETE
  ARIA2: IDLE/TRANSITIONING
  27B Model: 15.66 GiB / 15.65 GiB (100.0% complete)
  30B Model: 17.28 GiB / 17.28 GiB (100.0% complete)
  8B Model:  15.26 GiB / 15.26 GiB (100.0% complete, 11 files)
  DISK:      /dev/sda1       290G   86G  205G  30% /
----------------------------------------------------------------------------------------
[2026-10-08 08:41:14] [STAGE: COMPLETE: All 3 Models Staged & Quarantined]
  STATUS: All model weights downloaded. Strict permissions (750 dirs, 640 files) enforced.
  STREAM: Status: ALL COMPLETE
  ARIA2: IDLE/TRANSITIONING
  27B Model: 15.66 GiB / 15.65 GiB (100.0% complete)
  30B Model: 17.28 GiB / 17.28 GiB (100.0% complete)
  8B Model:  15.26 GiB / 15.26 GiB (100.0% complete, 11 files)
  DISK:      /dev/sda1       290G   86G  205G  30% /
----------------------------------------------------------------------------------------
[2026-10-08 08:41:28] [STAGE: COMPLETE: All 3 Models Staged & Quarantined]
  STATUS: All model weights downloaded. Strict permissions (750 dirs, 640 files) enforced.
  STREAM: Status: ALL COMPLETE
  ARIA2: IDLE/TRANSITIONING
  27B Model: 15.66 GiB / 15.65 GiB (100.0% complete)
  30B Model: 17.28 GiB / 17.28 GiB (100.0% complete)
  8B Model:  15.26 GiB / 15.26 GiB (100.0% complete, 11 files)
  DISK:      /dev/sda1       290G   86G  205G  30% /
----------------------------------------------------------------------------------------
[2026-10-08 08:41:39] [STAGE: COMPLETE: All 3 Models Staged & Quarantined]
  STATUS: All model weights downloaded. Strict permissions (750 dirs, 640 files) enforced.
  STREAM: Status: ALL COMPLETE
  ARIA2: IDLE/TRANSITIONING
  27B Model: 15.66 GiB / 15.65 GiB (100.0% complete)
  30B Model: 17.28 GiB / 17.28 GiB (100.0% complete)
  8B Model:  15.26 GiB / 15.26 GiB (100.0% complete, 11 files)
  DISK:      /dev/sda1       290G   86G  205G  30% /
----------------------------------------------------------------------------------------
[2026-10-08 08:41:50] [STAGE: COMPLETE: All 3 Models Staged & Quarantined]
  STATUS: All model weights downloaded. Strict permissions (750 dirs, 640 files) enforced.
  STREAM: Status: ALL COMPLETE
  ARIA2: IDLE/TRANSITIONING
  27B Model: 15.66 GiB / 15.65 GiB (100.0% complete)
  30B Model: 17.28 GiB / 17.28 GiB (100.0% complete)
  8B Model:  15.26 GiB / 15.26 GiB (100.0% complete, 11 files)
  DISK:      /dev/sda1       290G   86G  205G  30% /
----------------------------------------------------------------------------------------
[2026-10-08 08:42:03] [STAGE: COMPLETE: All 3 Models Staged & Quarantined]
  STATUS: All model weights downloaded. Strict permissions (750 dirs, 640 files) enforced.
  STREAM: Status: ALL COMPLETE
  ARIA2: IDLE/TRANSITIONING
  27B Model: 15.66 GiB / 15.65 GiB (100.0% complete)
  30B Model: 17.28 GiB / 17.28 GiB (100.0% complete)
  8B Model:  15.26 GiB / 15.26 GiB (100.0% complete, 11 files)
  DISK:      /dev/sda1       290G   86G  205G  30% /
----------------------------------------------------------------------------------------
